Protocol,Packet_Size_Bytes,Connection_Duration_ms,Failed_Logins,Geo_Distance_km,Is_Malicious
TCP,805,59,0,1169,0
TCP,926,58,0,379,0
TCP,974,3,0,79,0
ICMP,6121,16,0,1044,1
TCP,119,64,1,788,0
TCP,109,100,0,107,0
ICMP,12,14,0,262,0
TCP,499,48,0,1181,0
UDP,6920,27,3,731,1
TCP,195,63,0,91,0
TCP,6229,94,0,5424,1
TCP,1470,62,0,1555,0
TCP,358,23,0,527,0
TCP,784,29,0,190,0
UDP,257,10,0,159,0
TCP,391,53,0,1261,0
TCP,2625,172,0,993,0
TCP,490,41,0,881,0
TCP,290,41,0,1356,0
TCP,264,17,0,48,0
TCP,248,170,0,307,0
TCP,312,28,0,79,0
UDP,182,295,0,1654,0
ICMP,79,68,0,50,0
TCP,338,123,0,131,0
TCP,727,187,0,242,0
ICMP,245,18,0,131,0
TCP,1910,425,0,111,0
TCP,541,210,0,526,0
TCP,192,481,0,281,0
TCP,180,6,0,500,0
TCP,436,120,0,1096,0
TCP,88,61,0,557,0
UDP,252,94,0,1124,0
UDP,17,123,0,59,0
TCP,1885,103,0,216,0
TCP,912,15,0,78,0
TCP,1508,49,0,174,0
ICMP,18,94,0,204,0
TCP,1777,47,0,1108,0
TCP,1300,25,7,4045,1
UDP,653,118,0,653,0
ICMP,247,2,0,629,0
TCP,172,192,0,11,0
UDP,277,43,0,201,0
TCP,5128,39,7,7109,1
UDP,987,14,0,47,0
TCP,736,20,0,987,0
UDP,83,19,0,329,0
ICMP,135,106,1,385,0
TCP,664,76,0,208,0
TCP,117,26,0,210,0
TCP,66,227,0,1564,0
TCP,35,28,0,1301,0
TCP,1204,12,0,375,0
UDP,414,64,0,18,0
TCP,180,92,0,392,0
TCP,2,5,0,201,0
TCP,376,48,0,345,0
UDP,829,182,0,129,0
TCP,232,18,0,491,0
TCP,3392,203,0,21,0
TCP,231,25,0,375,0
TCP,1212,60,0,206,0
TCP,0,200,1,81,0
TCP,548,175,0,1354,0
UDP,970,198,0,6,0
ICMP,300,194,0,200,0
ICMP,2,91,0,92,0
TCP,393,1,0,156,0
ICMP,353,104,0,228,0
TCP,176,98,1,31,0
TCP,996,216,0,610,0
TCP,324,87,0,28,0
ICMP,810,66,0,223,0
TCP,76,104,0,697,0
TCP,134,38,1,991,0
TCP,122,30,0,509,0
TCP,668,21,8,87,1
UDP,239,194,0,95,0
UDP,122,203,0,159,0
TCP,1187,5,0,79,0
TCP,635,2,0,1610,0
TCP,784,34,0,50,0
TCP,274,177,0,303,0
TCP,85,58,0,545,0
TCP,114,226,0,1146,0
TCP,482,30,0,918,0
TCP,48,20,0,359,0
TCP,109,67,0,9,0
UDP,1175,126,0,37,0
TCP,285,201,0,206,0
TCP,470,2,1,453,0
ICMP,103,162,0,1005,0
UDP,810,19,0,238,0
TCP,93,11,0,598,0
TCP,290,11,0,1203,0
UDP,18,121,1,454,0
TCP,11,80,0,532,0
UDP,909,11,0,86,0
UDP,201,76,0,677,0
TCP,28,75,0,299,0
TCP,236,31,0,1426,0
TCP,570,145,0,90,0
TCP,135,195,0,1096,0
TCP,438,41,0,455,0
TCP,1187,102,0,961,0
TCP,579,30,0,148,0
TCP,1073,21,4,3924,1
TCP,801,15,0,145,0
TCP,223,55,0,90,0
TCP,382,10,0,116,0
UDP,231,57,1,5582,1
TCP,42,121,0,1074,0
UDP,24,86,0,104,0
TCP,167,3,0,589,0
TCP,347,85,0,20,0
TCP,62,15,0,665,0
UDP,594,181,0,1427,0
TCP,261,166,0,450,0
TCP,101,364,0,1132,0
TCP,1934,83,1,226,0
TCP,1683,124,0,721,0
UDP,552,6,0,2463,0
TCP,1932,27,0,10,0
TCP,937,82,0,2476,0
UDP,764,33,0,196,0
ICMP,560,205,0,385,0
TCP,45,45,0,342,0
TCP,84,156,0,520,0
TCP,310,120,0,375,0
ICMP,152,23,0,1495,0
TCP,1715,23,0,220,0
TCP,174,124,0,43,0
TCP,318,39,0,227,0
TCP,444,65,0,18,0
TCP,39,37,0,165,0
TCP,589,13,0,944,0
ICMP,193,67,1,432,0
TCP,356,27,0,171,0
TCP,766,82,0,384,0
UDP,70,20,0,246,0
TCP,15,45,1,329,0
ICMP,1412,44,0,933,0
TCP,102,129,0,437,0
UDP,141,77,0,427,0
TCP,46,62,0,750,0
UDP,1103,223,0,53,0
TCP,277,170,0,1004,0
TCP,306,31,0,593,0
UDP,594,20,0,415,0
UDP,7276,50,3,115,1
TCP,188,38,0,254,0
TCP,256,158,0,551,0
TCP,953,31,0,225,0
TCP,489,95,0,422,0
TCP,685,27,0,142,0
TCP,326,38,0,776,0
TCP,45,10,0,99,0
ICMP,569,470,0,23,0
ICMP,11,83,0,755,0
UDP,219,56,0,212,0
TCP,40,230,0,544,0
TCP,683,31,0,84,0
TCP,698,90,0,373,0
TCP,146,61,0,173,0
ICMP,587,43,0,781,0
UDP,4612,27,7,766,1
TCP,962,57,0,1067,0
TCP,4851,48,0,465,1
TCP,186,366,0,214,0
TCP,8,97,0,220,0
TCP,877,35,0,1005,0
TCP,311,143,0,370,0
UDP,383,358,0,55,0
TCP,541,116,0,1936,0
UDP,1129,16,0,159,0
ICMP,325,290,0,317,0
UDP,937,252,0,2319,0
TCP,112,58,0,612,0
TCP,477,157,0,702,0
TCP,277,121,0,657,0
TCP,1492,118,0,97,0
TCP,237,179,1,708,0
TCP,502,248,0,476,0
UDP,1938,123,0,156,0
UDP,429,70,0,337,0
UDP,160,166,0,361,0
TCP,48,9,0,142,0
TCP,1752,89,0,667,0
TCP,244,76,0,901,0
TCP,1116,597,0,383,0
TCP,90,61,0,594,0
TCP,856,225,0,694,0
TCP,45,28,0,97,0
TCP,1285,214,0,1813,0
UDP,288,217,0,231,0
TCP,4256,25,3,6095,1
TCP,333,128,0,564,0
TCP,616,553,0,309,0
TCP,32,80,0,8,0
TCP,114,32,0,275,0
UDP,429,57,0,280,0
TCP,147,3,0,320,0
TCP,416,3,0,601,0
TCP,204,110,0,393,0
TCP,28,133,0,871,0
TCP,426,48,0,122,0
TCP,129,81,0,1070,0
TCP,186,136,0,292,0
TCP,1280,168,1,818,0
ICMP,2332,131,0,364,0
TCP,269,76,0,28,0
UDP,38,135,0,359,0
TCP,460,108,0,1296,0
TCP,394,58,0,1031,0
TCP,55,15,0,209,0
UDP,393,116,0,264,0
TCP,44,61,0,175,0
TCP,445,20,0,172,0
TCP,45,53,0,125,0
ICMP,293,8,0,659,0
TCP,340,32,0,126,0
ICMP,314,208,0,204,0
TCP,1026,6,0,87,0
TCP,23,16,0,6,0
TCP,299,146,0,212,1
TCP,200,264,0,612,0
TCP,502,116,0,216,0
TCP,970,3,0,315,0
TCP,82,49,0,628,0
TCP,6493,699,0,10,1
TCP,367,140,0,1138,0
TCP,8,131,0,399,0
TCP,824,54,0,329,0
TCP,588,41,0,974,0
ICMP,641,20,0,728,0
TCP,27,53,0,785,0
UDP,861,150,0,154,0
TCP,445,226,0,550,0
TCP,88,96,0,525,0
TCP,70,23,0,1134,0
TCP,293,101,14,3556,1
TCP,254,262,0,716,0
TCP,606,13,0,819,0
TCP,828,6,0,1764,0
UDP,1040,56,0,255,0
TCP,247,46,0,351,0
ICMP,49,74,0,1021,0
TCP,29,2,3,4803,1
TCP,417,115,0,958,0
UDP,489,222,0,890,0
TCP,171,22,1,2780,0
TCP,701,51,0,762,0
TCP,559,76,1,218,0
TCP,5819,111,0,6692,1
ICMP,401,11,0,884,0
TCP,1463,16,0,314,0
TCP,1073,118,1,961,0
UDP,5037,117,2,5972,1
TCP,20,27,0,103,0
TCP,549,7,0,350,0
UDP,728,247,0,52,0
TCP,44,82,0,7,0
TCP,269,205,0,304,0
TCP,884,35,0,283,0
UDP,344,112,0,737,0
TCP,751,148,0,272,0
UDP,106,153,0,761,0
TCP,325,84,0,490,0
TCP,352,208,0,4,0
ICMP,505,76,0,238,0
TCP,539,7,0,1158,0
TCP,564,58,0,42,0
ICMP,63,278,0,314,0
TCP,475,13,0,200,0
TCP,671,441,0,273,0
TCP,533,333,0,1029,0
TCP,433,78,0,360,0
TCP,100,55,0,222,0
TCP,518,277,0,40,0
TCP,194,294,0,355,0
TCP,507,1,0,62,0
TCP,133,80,0,299,0
TCP,52,104,0,342,0
UDP,1524,4,0,601,0
ICMP,72,80,0,328,0
TCP,70,1,0,300,0
TCP,826,224,1,284,0
UDP,6370,23,0,555,1
UDP,46,1,0,229,0
TCP,607,30,0,840,0
TCP,994,11,0,248,0
TCP,1053,49,0,249,0
TCP,419,95,0,536,0
UDP,142,8,0,566,0
TCP,13,31,0,1793,0
TCP,102,23,0,384,0
ICMP,238,183,0,469,0
UDP,6005,310,7,7416,1
TCP,1277,190,0,386,0
TCP,162,6,0,90,0
TCP,1555,77,0,345,0
TCP,748,219,0,357,0
TCP,212,14,0,279,0
TCP,268,114,0,380,0
UDP,348,180,0,392,0
UDP,1735,97,0,89,0
UDP,461,133,0,126,0
TCP,378,97,0,210,0
TCP,629,119,0,225,0
TCP,171,60,0,1405,0
TCP,764,29,0,298,0
TCP,551,355,0,172,0
UDP,417,253,4,5468,1
TCP,236,4,0,35,0
TCP,181,105,0,1070,0
TCP,9,4,0,675,0
TCP,153,300,0,158,0
TCP,435,218,0,92,0
TCP,665,1,0,227,0
TCP,518,270,1,337,0
UDP,400,82,0,44,0
TCP,429,21,0,866,0
TCP,1086,440,0,866,0
TCP,7,7,0,369,0
TCP,1417,10,0,151,0
UDP,36,120,1,190,0
TCP,634,99,0,567,0
UDP,2859,89,0,233,0
TCP,187,87,0,1385,0
UDP,2983,223,1,124,0
UDP,588,52,0,178,0
TCP,440,68,0,42,0
TCP,769,203,0,1510,0
TCP,162,11,0,101,0
TCP,984,8,0,338,0
TCP,1482,286,5,161,1
UDP,1215,46,0,1002,0
TCP,1152,317,0,563,0
UDP,133,57,0,241,0
UDP,496,82,0,1656,0
TCP,924,15,0,107,0
TCP,52,118,0,1285,0
TCP,330,172,0,738,0
TCP,297,162,0,127,0
TCP,115,107,0,601,0
TCP,6,200,0,158,0
TCP,520,13,0,471,0
TCP,415,36,0,1437,0
UDP,27,11,0,202,0
TCP,673,29,0,4,0
TCP,191,64,0,105,0
TCP,22,23,0,1296,0
UDP,157,403,0,161,0
UDP,49,46,0,481,0
TCP,712,55,0,1138,0
TCP,789,54,0,9,0
TCP,1400,16,0,5,0
TCP,195,13,0,2,0
TCP,262,150,1,784,0
TCP,257,35,0,409,0
ICMP,663,40,0,54,0
UDP,10,154,0,1418,0
TCP,512,72,0,365,0
TCP,495,242,0,591,0
TCP,434,93,0,302,0
TCP,818,77,0,246,0
TCP,97,59,1,506,0
UDP,729,110,0,349,0
ICMP,2233,151,0,509,0
TCP,52,49,1,910,0
TCP,261,528,1,484,0
UDP,969,370,0,399,0
UDP,29,78,0,77,0
TCP,652,19,0,324,0
TCP,23,31,0,86,0
TCP,1245,25,0,26,0
ICMP,613,131,0,926,0
UDP,268,231,0,1274,0
TCP,866,58,0,837,0
TCP,335,23,1,822,0
TCP,1260,501,0,130,0
TCP,374,49,7,4895,1
TCP,467,40,0,470,0
TCP,464,80,0,317,0
TCP,636,167,0,276,0
TCP,129,117,0,387,0
ICMP,112,88,0,612,0
TCP,69,100,1,82,0
TCP,232,79,0,898,0
ICMP,256,49,0,2919,0
TCP,11,25,0,199,0
TCP,5600,100,13,6167,1
TCP,180,211,0,9,0
TCP,160,20,0,189,0
UDP,1048,43,0,1519,0
TCP,260,35,0,264,0
ICMP,120,124,0,85,0
ICMP,1040,394,0,90,0
UDP,2,176,0,424,0
TCP,588,253,0,3,0
TCP,685,14,0,58,0
TCP,584,104,0,20,0
UDP,58,9,0,1376,0
ICMP,1060,2,0,12,0
UDP,35,334,0,255,0
TCP,249,15,0,371,0
UDP,483,112,0,427,0
TCP,1190,16,0,551,0
TCP,278,55,0,463,0
UDP,556,25,0,111,0
UDP,89,104,0,97,0
TCP,558,66,0,745,0
TCP,988,121,0,125,0
ICMP,275,99,0,1603,0
UDP,177,29,0,2658,0
TCP,293,97,0,114,0
UDP,409,35,0,2169,0
TCP,944,129,0,339,0
UDP,108,34,0,935,0
TCP,653,16,0,77,0
TCP,216,9,0,970,0
TCP,443,39,0,1792,0
TCP,437,100,0,92,0
ICMP,203,38,0,434,0
ICMP,1662,27,0,64,0
TCP,192,14,0,551,0
TCP,848,173,1,180,0
TCP,1011,44,0,89,0
ICMP,15,64,0,14,0
TCP,16,232,0,38,0
TCP,709,49,0,485,0
TCP,21,7,0,151,0
TCP,318,15,0,1195,0
UDP,262,55,0,85,0
UDP,600,90,0,482,0
TCP,150,50,0,181,0
UDP,104,170,0,188,0
TCP,210,45,0,780,0
TCP,330,86,1,23,0
TCP,143,153,0,139,0
UDP,910,24,0,1003,0
TCP,89,33,0,351,0
TCP,373,161,0,122,0
TCP,298,12,0,390,0
TCP,610,29,0,554,0
UDP,426,29,0,24,0
UDP,912,139,1,17,0
UDP,414,14,0,427,0
TCP,126,100,0,314,0
TCP,117,17,0,147,0
TCP,6,94,0,788,0
TCP,1249,122,1,565,0
ICMP,160,87,0,1037,0
TCP,190,41,1,17,0
TCP,64,108,0,65,0
UDP,647,101,0,279,0
TCP,6099,38,0,122,1
ICMP,461,162,0,109,0
UDP,259,52,0,1777,0
TCP,190,184,0,76,0
UDP,254,193,0,268,0
UDP,104,175,0,402,0
TCP,156,80,0,748,0
UDP,55,174,0,559,0
UDP,185,18,0,485,0
TCP,106,2,0,1448,0
TCP,678,72,0,173,0
TCP,134,36,1,42,0
TCP,270,262,2,143,0
UDP,427,103,0,158,0
UDP,1601,80,0,84,0
UDP,362,173,0,372,0
TCP,86,132,0,136,0
TCP,98,225,1,1465,0
TCP,91,194,0,23,0
UDP,48,146,0,598,0
TCP,297,76,0,827,0
UDP,912,74,0,1199,0
UDP,667,26,0,607,0
ICMP,1071,5,0,22,0
ICMP,2733,177,0,14,0
TCP,1706,181,0,266,0
TCP,355,212,0,976,0
TCP,35,47,0,2,0
ICMP,280,130,0,61,0
TCP,75,299,0,973,0
TCP,605,222,0,496,0
TCP,419,48,9,4605,1
TCP,75,187,0,174,0
TCP,277,90,0,14,0
TCP,506,5,0,8,0
ICMP,49,259,0,577,0
TCP,367,562,1,1994,0
TCP,1493,151,0,340,0
TCP,119,207,0,60,0
TCP,987,33,0,693,0
TCP,429,66,0,197,0
UDP,278,133,0,264,0
TCP,733,217,0,665,0
TCP,82,57,0,1201,0
TCP,915,66,0,487,0
TCP,482,3,0,1457,0
TCP,984,94,0,678,0
UDP,2278,61,1,1405,0
TCP,260,67,0,620,0
TCP,1731,63,0,383,0
TCP,598,29,0,45,0
ICMP,460,21,0,184,0
TCP,128,451,0,2092,0
ICMP,374,33,0,84,0
TCP,258,64,0,139,0
TCP,1827,10,0,425,0
TCP,626,81,0,544,0
UDP,540,461,1,779,0
ICMP,331,129,0,130,0
TCP,1887,132,0,834,0
TCP,33,9,0,36,0
TCP,8657,70,0,6828,1
TCP,698,20,2,4412,1
UDP,661,77,0,1668,0
TCP,6138,236,7,219,1
TCP,819,146,0,120,0
TCP,701,4,0,277,1
TCP,386,70,0,204,0
TCP,955,52,0,549,0
TCP,631,50,0,178,0
ICMP,297,63,0,739,0
TCP,175,218,1,45,0
TCP,331,59,0,66,0
TCP,505,0,1,822,0
TCP,180,56,0,333,0
TCP,38,54,0,401,0
ICMP,85,256,0,158,0
TCP,420,94,0,3955,0
TCP,374,162,0,280,0
TCP,155,42,0,447,0
TCP,114,78,0,266,0
UDP,161,58,1,415,0
TCP,143,33,1,819,0
TCP,618,73,0,2223,0
TCP,585,44,0,1474,0
TCP,840,80,0,1,0
TCP,329,8,0,30,0
ICMP,1567,14,0,406,1
UDP,842,290,0,197,0
TCP,771,4,0,508,0
TCP,299,39,0,22,0
UDP,405,86,0,58,0
ICMP,137,52,0,222,0
TCP,110,300,2,467,0
TCP,80,17,0,6347,1
TCP,608,46,0,426,0
TCP,88,45,0,1557,0
TCP,793,59,1,1449,0
TCP,27,84,0,856,0
TCP,408,355,0,594,0
TCP,334,31,0,542,0
TCP,386,8,0,1794,0
TCP,82,233,0,352,0
TCP,5255,30,8,5343,1
TCP,24,87,0,631,0
ICMP,350,92,0,367,0
TCP,554,30,0,7,0
TCP,284,47,0,1799,0
TCP,1268,10,0,108,0
ICMP,333,147,0,167,0
TCP,1306,86,0,336,0
TCP,194,87,1,101,0
TCP,535,52,0,341,0
TCP,71,30,0,247,0
TCP,166,45,0,146,0
ICMP,136,96,0,859,0
UDP,1549,12,0,935,0
TCP,1180,133,0,57,0
TCP,100,1,0,1056,0
TCP,2186,16,0,186,0
TCP,7072,99,0,3843,1
UDP,328,15,0,212,0
TCP,1923,168,0,620,0
UDP,916,26,0,104,0
TCP,730,99,0,200,0
TCP,148,89,0,473,0
TCP,210,292,0,153,0
TCP,181,55,0,128,0
TCP,709,123,0,642,0
TCP,138,73,0,25,0
TCP,293,313,0,1040,0
TCP,396,68,0,1056,0
UDP,171,45,0,268,0
TCP,13,163,0,419,0
ICMP,224,135,0,19,0
TCP,630,49,0,974,0
ICMP,52,23,0,347,0
TCP,374,264,0,1270,0
UDP,1000,108,1,760,0
TCP,23,38,0,234,0
UDP,252,76,0,11,0
UDP,996,100,0,25,0
TCP,438,10,0,76,0
TCP,82,161,0,566,0
TCP,61,150,0,430,0
ICMP,22,30,0,752,0
TCP,49,3,0,441,0
TCP,883,239,0,206,0
TCP,331,9,0,123,0
TCP,243,1,0,340,0
TCP,486,147,0,751,0
TCP,308,272,0,59,0
TCP,4056,395,2,4611,1
UDP,1081,23,0,202,0
UDP,95,110,0,166,0
TCP,613,78,0,671,0
TCP,1022,0,0,390,0
TCP,1099,112,0,28,0
UDP,726,142,0,812,0
TCP,9,130,0,314,0
ICMP,6029,323,0,136,1
TCP,810,69,8,5951,1
TCP,87,191,0,773,0
TCP,824,23,0,101,0
ICMP,637,54,0,264,0
UDP,85,242,0,1041,0
TCP,113,92,0,2520,0
UDP,586,30,0,990,0
ICMP,1027,80,0,423,0
TCP,415,261,1,349,0
TCP,508,37,1,1048,0
TCP,648,19,0,370,0
TCP,175,425,0,267,0
TCP,440,54,0,49,0
TCP,135,15,10,4073,1
TCP,280,49,0,200,0
TCP,170,27,0,346,0
ICMP,214,46,0,1044,0
TCP,462,143,0,2628,0
TCP,40,104,0,249,0
TCP,771,111,0,57,0
TCP,277,160,0,385,0
TCP,914,55,0,1516,0
TCP,338,48,0,216,0
TCP,436,259,0,916,0
UDP,838,75,0,277,0
UDP,19,146,2,478,0
TCP,78,27,0,220,0
TCP,67,60,0,904,0
TCP,670,118,0,1686,0
ICMP,205,59,0,2035,0
TCP,85,41,0,216,0
UDP,820,263,0,1954,0
TCP,6159,90,0,6837,1
TCP,5934,14,0,4754,1
TCP,141,36,0,1392,0
TCP,399,283,0,1273,0
TCP,964,31,0,775,0
UDP,722,167,0,1030,0
TCP,19,123,2,315,0
UDP,257,115,0,249,0
TCP,265,120,0,787,0
TCP,17,0,0,84,0
TCP,39,33,0,1202,0
TCP,349,143,0,592,0
UDP,411,99,0,94,0
TCP,41,85,0,21,0
UDP,54,67,0,578,0
ICMP,1507,117,0,69,0
TCP,179,130,0,169,0
TCP,611,260,0,296,0
TCP,438,178,0,644,0
UDP,144,137,0,235,0
TCP,4233,102,0,15,1
TCP,281,24,0,417,0
TCP,196,17,0,208,0
TCP,724,220,0,977,0
TCP,356,43,0,117,0
TCP,374,77,0,259,0
UDP,238,173,0,564,0
TCP,66,98,1,348,0
TCP,130,43,0,599,0
TCP,206,64,0,749,0
ICMP,47,65,0,137,0
UDP,11,92,0,261,0
TCP,111,296,0,1285,0
ICMP,641,21,0,443,0
UDP,41,34,0,310,0
TCP,365,53,0,1187,0
TCP,129,70,0,416,0
TCP,209,69,1,336,0
TCP,208,268,0,417,0
TCP,676,34,0,352,0
TCP,1779,53,0,212,0
UDP,2403,5,0,391,0
TCP,30,218,0,865,0
TCP,1690,66,0,2342,0
TCP,161,8,0,172,0
TCP,27,26,0,25,0
TCP,61,60,0,208,0
TCP,405,256,0,696,0
TCP,109,158,0,32,0
TCP,706,44,0,2412,0
TCP,309,12,0,174,0
TCP,25,203,0,362,0
TCP,21,166,0,259,0
TCP,1406,33,1,275,0
TCP,1490,103,0,368,0
TCP,670,100,1,350,0
TCP,3005,344,0,378,0
TCP,279,311,0,119,0
TCP,502,291,0,856,0
TCP,190,143,0,827,0
UDP,4,15,1,35,0
TCP,65,139,0,350,0
TCP,640,49,1,1323,0
TCP,193,37,0,365,0
ICMP,734,83,7,697,1
TCP,186,29,0,234,0
TCP,938,102,0,31,0
TCP,372,269,0,145,0
UDP,1019,31,0,449,0
TCP,570,9,0,288,0
TCP,463,150,0,259,0
UDP,162,441,0,32,0
TCP,288,109,1,48,0
TCP,294,104,0,125,0
TCP,512,13,0,282,0
TCP,6421,19,0,187,1
TCP,489,151,0,729,0
ICMP,665,26,0,146,0
TCP,315,181,0,335,0
TCP,576,494,0,20,0
UDP,229,21,0,479,0
TCP,279,33,0,22,0
TCP,4168,187,5,5663,1
TCP,102,54,0,227,0
TCP,501,73,0,581,0
TCP,33,6,0,298,0
TCP,463,24,1,24,0
TCP,1052,45,0,1080,0
TCP,498,4,0,81,0
TCP,6364,35,8,4228,1
TCP,596,0,0,455,0
TCP,1913,108,1,572,0
UDP,691,136,0,345,0
TCP,335,3,0,517,0
ICMP,48,269,0,684,0
TCP,316,68,0,449,0
TCP,91,6,0,221,0
TCP,637,38,0,1456,0
TCP,204,189,0,1561,0
TCP,737,38,0,218,0
UDP,990,15,0,23,0
ICMP,412,16,0,1236,0
TCP,22,149,0,100,0
TCP,349,268,0,1416,0
TCP,308,169,1,237,0
TCP,49,80,0,755,0
TCP,367,82,0,601,0
UDP,374,217,0,953,0
TCP,215,61,1,100,0
TCP,1116,211,0,1724,0
UDP,707,3,0,979,0
TCP,276,9,1,447,0
ICMP,216,87,0,293,0
TCP,359,177,0,206,0
TCP,721,23,0,430,0
ICMP,942,89,0,118,0
UDP,244,1,7,6098,1
TCP,866,69,0,396,0
TCP,620,30,0,11,0
TCP,575,6,0,101,0
TCP,350,102,0,985,0
TCP,1280,181,0,272,0
TCP,150,18,0,556,0
TCP,1156,61,0,118,0
UDP,474,50,0,226,0
ICMP,191,6,0,650,0
TCP,131,12,0,68,0
TCP,181,92,0,1241,0
ICMP,223,11,0,1124,0
UDP,545,27,1,895,0
TCP,640,169,0,251,0
TCP,441,159,0,436,0
TCP,325,6,0,506,0
TCP,30,123,0,1242,0
ICMP,1057,25,0,21,0
UDP,186,378,0,1477,0
UDP,329,44,0,885,0
TCP,344,117,0,864,0
TCP,53,389,0,297,0
UDP,295,51,0,1072,0
TCP,74,10,11,4576,1
UDP,5164,134,9,157,1
TCP,64,106,0,2012,0
TCP,556,45,0,179,0
TCP,146,6,0,569,0
TCP,1051,54,0,159,0
ICMP,417,108,0,1029,0
TCP,94,19,0,254,0
ICMP,97,67,0,65,0
TCP,17,229,0,29,0
TCP,527,18,0,120,0
UDP,581,30,0,951,0
TCP,1111,32,0,78,0
ICMP,968,166,1,1,0
TCP,1787,2,0,121,0
TCP,986,39,0,862,0
TCP,886,89,0,2120,0
TCP,808,213,0,164,0
TCP,1094,5,0,173,0
UDP,29,27,0,224,0
TCP,1800,108,0,100,0
TCP,246,4,0,528,0
TCP,13,81,0,139,0
TCP,1259,5,0,154,0
TCP,594,6,0,943,0
UDP,378,105,0,32,0
TCP,725,78,0,314,0
TCP,52,100,0,670,0
TCP,654,79,0,1488,0
ICMP,189,14,0,451,0
UDP,417,243,0,330,0
TCP,583,45,0,147,0
TCP,495,17,1,183,0
TCP,131,23,0,85,0
TCP,477,26,0,40,0
TCP,4177,15,10,4711,1
UDP,349,123,0,1013,0
UDP,1441,72,0,565,0
UDP,219,102,0,8,0
ICMP,438,271,0,1856,0
UDP,1316,35,0,675,0
TCP,1121,41,0,523,0
TCP,161,28,0,679,0
TCP,1174,40,0,148,0
TCP,925,16,0,491,0
TCP,173,82,0,1086,0
ICMP,922,50,0,171,0
TCP,621,351,1,154,0
TCP,1706,74,0,1449,0
TCP,400,283,0,221,0
ICMP,555,69,1,313,0
TCP,272,307,1,68,0
ICMP,250,303,0,1064,0
TCP,889,374,0,201,0
TCP,228,54,1,194,0
TCP,258,279,0,265,0
UDP,839,4,0,469,0
TCP,15,2,0,68,0
TCP,403,271,0,70,0
ICMP,421,307,0,157,0
TCP,471,77,1,657,0
UDP,1382,235,0,805,0
UDP,6666,127,0,4900,1
UDP,195,8,0,876,0
ICMP,1163,101,0,281,0
TCP,378,8,0,300,0
UDP,1108,66,0,543,0
TCP,435,88,0,333,0
ICMP,503,60,1,793,0
TCP,28,138,0,293,0
UDP,803,117,0,343,0
TCP,39,473,0,171,0
ICMP,774,283,0,9,0
UDP,250,13,0,353,0
TCP,34,53,0,655,0
TCP,20,23,0,95,0
UDP,85,56,0,294,0
TCP,386,194,0,637,0
TCP,818,40,0,216,0
TCP,38,30,0,174,0
UDP,369,24,0,21,0
ICMP,240,34,0,135,0
UDP,206,229,0,230,0
ICMP,619,111,0,108,0
TCP,285,132,0,167,0
TCP,563,28,0,300,0
TCP,287,45,0,266,0
ICMP,1034,17,0,262,0
TCP,38,32,0,949,0
TCP,218,181,0,4894,1
TCP,88,147,0,601,0
UDP,114,26,0,250,0
TCP,268,77,0,1207,0
TCP,391,293,0,1908,0
UDP,983,26,0,583,0
UDP,136,122,0,1650,0
UDP,1291,99,0,446,0
TCP,67,5,0,1676,0
TCP,17,91,0,368,0
TCP,9,19,0,270,0
TCP,1056,143,0,198,0
TCP,1185,128,0,766,0
ICMP,47,132,0,33,0
ICMP,299,3,0,56,0
UDP,160,95,0,617,0
UDP,91,110,0,609,0
UDP,134,114,0,382,0
UDP,772,84,0,41,0
TCP,579,18,0,571,0
TCP,1294,91,0,123,0
TCP,54,86,0,285,0
ICMP,1112,115,0,155,0
ICMP,3,19,0,542,0
TCP,676,292,0,333,0
TCP,550,157,0,72,0
TCP,199,89,0,137,0
TCP,48,31,0,690,0
TCP,167,32,0,247,0
UDP,311,14,0,333,0
ICMP,1739,126,0,454,0
TCP,115,34,0,681,0
TCP,250,67,0,31,0
UDP,4878,21,6,5210,1
UDP,564,154,1,332,0
UDP,195,126,0,217,0
ICMP,164,110,0,132,0
TCP,513,82,0,116,0
TCP,1071,17,0,869,0
TCP,369,60,0,195,0
TCP,100,26,0,294,0
TCP,274,226,1,292,0
TCP,390,454,0,1105,0
TCP,729,29,0,300,0
TCP,40,135,0,618,0
TCP,10,164,0,1058,0
ICMP,504,63,0,49,0
TCP,226,52,0,123,0
UDP,967,61,1,105,0
TCP,736,113,0,180,0
UDP,390,33,0,386,0
TCP,1500,59,1,226,0
TCP,185,93,0,639,0
TCP,177,59,0,39,0
TCP,307,60,0,862,0
TCP,38,394,0,2454,0
TCP,150,29,0,153,0
ICMP,1445,2,0,267,0
TCP,281,42,0,33,0
TCP,367,92,0,212,0
TCP,5754,16,0,5445,1
UDP,178,47,0,250,0
TCP,6261,223,4,412,1
UDP,187,21,0,2036,0
UDP,282,9,0,97,0
TCP,22,209,0,495,0
TCP,1527,150,0,113,0
TCP,1130,340,0,459,0
ICMP,400,116,0,25,0
TCP,237,69,0,2351,0
TCP,48,101,0,1860,0
TCP,351,149,0,309,0
TCP,4248,54,0,1128,0
UDP,420,8,0,277,0
TCP,225,2,0,588,0
TCP,174,10,0,27,0
TCP,639,482,0,513,0
TCP,164,25,0,1233,0
TCP,179,90,0,406,0
TCP,700,52,0,1001,0
TCP,25,19,0,920,0
UDP,829,14,0,571,0
UDP,977,119,1,84,0
TCP,907,4,0,751,0
UDP,1173,29,0,571,0
TCP,77,58,0,1154,0
UDP,147,283,0,98,0
UDP,568,75,0,414,0
TCP,499,227,0,587,0
TCP,53,16,0,304,0
TCP,284,112,0,528,0
UDP,416,96,0,356,0
ICMP,472,27,0,300,0
TCP,1559,121,0,588,0
TCP,582,6,0,407,0
TCP,209,218,0,540,0
TCP,260,40,0,97,0
TCP,193,85,1,347,0
TCP,386,195,0,363,0
TCP,26,29,0,1010,0
UDP,6516,58,4,6892,1
TCP,241,150,0,1,0
TCP,350,105,0,235,0
UDP,117,76,0,54,0
UDP,956,18,0,227,0
TCP,60,27,0,68,0
TCP,1400,211,0,157,0
UDP,363,96,0,328,0
TCP,119,628,0,9,0
TCP,627,106,0,44,0
TCP,556,92,0,0,0
TCP,217,54,0,244,0
TCP,555,298,0,3811,0
TCP,84,202,0,401,0
TCP,21,120,0,127,0
ICMP,1285,55,0,92,0
TCP,1099,80,0,188,0
UDP,525,29,0,240,0
TCP,476,12,0,146,0
UDP,150,31,1,794,0
TCP,271,73,0,621,0
TCP,528,11,0,751,0
TCP,885,86,0,236,0
TCP,64,32,0,1744,0
ICMP,472,27,0,561,0
TCP,455,271,0,633,0
TCP,983,35,0,1073,0
TCP,490,72,0,438,0
TCP,6152,33,5,5087,1
UDP,431,287,0,1,0
TCP,460,107,0,87,0
UDP,369,15,0,452,0
TCP,17,186,0,709,0
UDP,34,83,0,1363,0
TCP,121,187,0,65,0
TCP,30,635,0,6,0
TCP,254,66,0,136,0
TCP,1159,101,0,24,0
ICMP,240,101,0,208,0
TCP,111,194,0,1393,0
TCP,971,104,0,288,0
TCP,1434,361,1,63,0
ICMP,714,133,0,961,0
UDP,328,35,0,618,0
TCP,520,168,0,115,0
UDP,143,30,1,532,0
UDP,1098,59,0,447,0
TCP,231,0,0,154,0
UDP,890,147,0,610,0
TCP,270,162,0,1559,0
UDP,144,87,0,108,0
TCP,1108,69,0,997,0
ICMP,312,25,0,376,0
UDP,320,70,0,18,0
TCP,11,238,0,606,0
UDP,330,93,0,579,0
TCP,73,4,0,311,0
UDP,1546,153,0,12,0
ICMP,1542,230,1,195,0
TCP,169,258,1,164,0
TCP,66,164,0,136,0
TCP,66,59,0,355,0
TCP,5,45,0,326,0
ICMP,94,9,1,1121,0
ICMP,763,87,0,2418,0
UDP,565,77,0,15,0
TCP,297,95,1,315,0
UDP,430,140,0,354,0
TCP,332,203,0,532,0
TCP,442,84,0,2000,0
UDP,694,21,2,888,0
ICMP,402,52,0,304,0
TCP,156,42,0,1102,0
UDP,679,341,0,543,0
TCP,309,19,0,50,0
UDP,549,8,0,41,0
TCP,237,47,1,113,0
TCP,122,99,0,238,0
ICMP,738,57,0,148,0
TCP,356,51,0,368,0
ICMP,21,40,0,70,0
TCP,66,33,0,242,0
TCP,1701,218,0,856,0
TCP,34,26,0,858,0
TCP,1392,172,0,754,0
TCP,818,73,0,83,0
TCP,1049,89,0,127,0
TCP,2999,10,0,374,0
UDP,631,412,0,96,0
TCP,120,19,0,704,0
UDP,491,50,0,758,0
UDP,337,14,0,547,0
TCP,1264,233,0,85,0
ICMP,645,31,0,337,0
UDP,377,24,4,7012,1
TCP,576,199,0,96,0
TCP,1562,231,0,219,0
TCP,421,558,0,577,1
TCP,677,292,0,482,0
TCP,139,173,0,291,0
TCP,67,166,0,257,0
TCP,1106,276,0,1348,0
UDP,371,47,0,204,0
TCP,823,41,1,751,0
TCP,222,93,0,46,0
UDP,700,89,0,690,0
TCP,210,156,0,544,0
TCP,67,94,0,1478,0
TCP,5402,76,0,273,1
TCP,426,172,0,933,0
TCP,440,6,0,174,0
TCP,204,172,0,497,0
TCP,352,220,0,502,0
TCP,0,165,0,182,0
TCP,277,17,0,1824,0
UDP,295,127,1,827,0
TCP,14,15,0,1301,0
UDP,778,81,0,1283,0
TCP,511,5,0,30,0
TCP,424,101,0,631,0
TCP,159,173,0,230,0
UDP,146,214,0,52,0
TCP,803,318,0,680,0
TCP,65,21,1,103,0
TCP,786,294,1,60,0
TCP,3,41,0,939,0
TCP,547,57,0,137,0
UDP,36,63,0,177,0
TCP,804,54,0,713,0
TCP,721,343,0,1205,0
UDP,53,54,0,22,0
TCP,1169,206,1,847,0
TCP,963,9,1,96,0
ICMP,3995,22,6,4799,1
ICMP,68,10,0,555,0
UDP,622,89,1,910,0
TCP,1170,153,0,1472,0
TCP,365,95,0,167,0
TCP,27,85,0,301,0
TCP,422,71,0,1267,0
UDP,65,47,0,193,0
TCP,21,81,0,211,0
TCP,1008,28,0,46,0
UDP,337,231,0,2,0
TCP,416,14,0,505,0
TCP,584,16,0,114,0
TCP,629,19,0,969,0
UDP,183,18,0,203,0
TCP,97,221,1,1177,0
TCP,28,107,0,213,0
TCP,50,355,0,1090,0
TCP,786,9,0,593,0
TCP,433,238,0,7,0
TCP,495,90,0,975,0
TCP,886,39,0,817,0
UDP,814,446,0,476,0
TCP,241,92,0,664,0
UDP,182,41,0,264,0
TCP,7211,69,5,4392,1
TCP,16,33,0,239,0
TCP,293,67,0,134,0
TCP,1408,55,0,51,0
TCP,409,99,0,595,0
ICMP,4055,110,4,5424,1
TCP,882,17,0,36,0
TCP,755,62,0,1685,0
ICMP,292,94,0,191,0
UDP,183,62,0,117,0
ICMP,285,148,1,461,0
ICMP,275,128,0,530,0
TCP,71,70,0,1000,0
TCP,977,25,0,1032,0
UDP,673,5,0,937,0
TCP,855,46,0,979,0
TCP,653,25,0,78,0
UDP,678,43,0,841,0
TCP,187,28,0,74,0
ICMP,414,56,0,1117,0
TCP,275,63,0,991,0
ICMP,2,89,0,355,0
TCP,508,213,0,297,0
UDP,100,180,0,436,0
ICMP,297,31,0,1238,0
UDP,1123,61,0,1213,0
TCP,132,67,9,8307,1
TCP,2042,39,0,2032,0
TCP,767,12,2,83,0
TCP,1102,6,0,388,0
TCP,18,2,1,702,0
TCP,363,9,0,1473,0
TCP,642,44,0,69,0
ICMP,287,72,0,714,0
TCP,194,9,0,208,0
UDP,133,34,1,102,0
TCP,406,293,1,376,0
TCP,1184,37,0,461,0
TCP,805,82,0,771,0
TCP,602,91,0,183,0
TCP,480,324,0,21,0
UDP,460,0,1,115,0
TCP,1246,92,0,598,0
ICMP,319,16,0,452,0
TCP,95,24,0,862,0
TCP,1109,166,1,269,0
TCP,323,55,0,491,0
ICMP,129,56,0,357,0
UDP,260,79,0,733,0
TCP,5033,625,0,4639,1
TCP,283,194,0,104,0
TCP,763,125,0,859,0
TCP,173,23,0,222,0
UDP,555,160,0,326,0
TCP,148,107,0,1042,0
TCP,238,66,0,47,0
TCP,150,0,0,270,0
TCP,90,467,0,175,0
TCP,74,174,0,357,0
TCP,398,263,0,368,0
TCP,375,102,0,980,0
TCP,998,89,0,110,0
UDP,210,455,0,86,0
TCP,11,25,0,36,0
UDP,670,252,1,63,0
TCP,325,106,0,27,0
TCP,47,191,0,492,0
TCP,94,166,0,3799,0
TCP,210,480,0,425,0
ICMP,349,81,0,423,0
UDP,571,161,0,772,0
TCP,790,3,0,77,0
TCP,1049,37,0,10,0
TCP,549,200,0,592,0
TCP,435,5,0,1726,0
TCP,260,67,0,129,0
TCP,197,66,0,169,0
TCP,984,79,0,1349,0
TCP,629,4,0,20,0
TCP,125,331,0,781,0
TCP,185,75,0,492,0
TCP,90,241,0,450,0
UDP,760,178,0,554,0
TCP,815,32,0,54,0
ICMP,18,163,0,1087,0
TCP,726,124,0,2121,0
ICMP,448,325,0,281,0
ICMP,507,109,1,285,0
TCP,1290,441,0,14,0
UDP,760,6,0,56,0
UDP,322,153,0,786,0
ICMP,981,221,0,805,0
TCP,528,72,0,565,0
TCP,142,105,0,707,0
UDP,72,231,0,1115,0
TCP,278,89,0,195,0
TCP,272,59,0,145,0
TCP,816,2,0,554,0
TCP,3350,71,6,5980,1
TCP,10,66,0,360,0
TCP,974,298,0,81,0
TCP,98,55,1,853,0
TCP,158,92,1,91,0
TCP,7,59,0,102,0
TCP,390,6,0,197,0
UDP,5043,66,2,5124,1
TCP,381,312,0,1140,0
UDP,472,33,0,817,0
UDP,524,108,0,488,0
TCP,4695,62,0,7337,1
TCP,366,40,0,1256,0
TCP,597,110,0,554,0
UDP,943,9,0,8,0
TCP,299,85,0,363,0
TCP,108,44,0,1421,0
TCP,89,8,0,505,0
UDP,56,175,0,93,0
TCP,1238,147,0,248,0
TCP,202,160,0,708,0
TCP,156,8,0,351,0
UDP,449,35,0,205,0
UDP,1523,70,0,164,0
TCP,120,285,0,237,0
ICMP,820,99,1,11,0
UDP,7265,52,0,13,1
ICMP,954,118,0,452,0
TCP,945,17,0,51,0
TCP,1028,106,0,518,0
TCP,380,208,0,383,0
UDP,200,198,0,118,0
TCP,19,316,0,440,0
TCP,754,16,0,311,0
TCP,12,194,0,148,0
TCP,149,84,0,70,0
ICMP,444,1,0,492,0
TCP,55,129,0,406,0
TCP,425,65,0,700,0
ICMP,490,18,0,1196,0
ICMP,82,51,0,672,0
TCP,429,57,0,370,0
UDP,5031,173,0,511,1
TCP,196,175,0,26,0
TCP,1137,188,0,411,0
TCP,7979,144,8,130,1
TCP,16,137,0,153,0
TCP,87,119,0,1053,0
UDP,682,117,0,212,0
TCP,211,33,0,424,0
TCP,158,105,0,661,0
TCP,461,18,0,823,0
TCP,136,36,0,1405,0
UDP,241,63,0,98,0
TCP,141,803,0,577,0
UDP,116,138,0,17,0
UDP,5444,146,6,4578,1
TCP,131,22,0,93,0
TCP,1270,106,0,1665,0
TCP,50,32,1,592,0
TCP,139,28,0,177,0
TCP,409,62,0,13,0
TCP,362,124,0,109,0
TCP,355,14,0,1079,0
TCP,1322,104,0,200,0
UDP,475,2,0,1807,0
UDP,397,227,0,1025,0
TCP,318,49,0,189,0
TCP,121,2,0,1648,0
TCP,264,162,1,61,0
TCP,591,29,0,856,0
UDP,151,23,0,344,0
UDP,286,30,1,482,0
TCP,359,4,2,608,0
TCP,294,436,0,180,0
TCP,538,267,0,486,0
TCP,146,119,0,1977,0
UDP,221,149,0,224,0
TCP,39,25,0,70,0
ICMP,1024,199,0,303,0
TCP,576,151,0,1038,0
TCP,223,54,0,284,0
TCP,527,11,0,1135,0
TCP,2075,517,0,6,0
TCP,146,40,0,431,0
TCP,402,102,0,364,0
TCP,322,104,0,529,0
TCP,324,214,0,34,0
TCP,674,113,0,738,0
TCP,234,60,0,576,0
TCP,194,31,0,674,0
TCP,820,69,0,43,0
TCP,469,114,0,676,0
TCP,203,73,0,588,0
TCP,240,255,0,463,0
TCP,430,75,0,2167,0
UDP,633,70,0,326,0
UDP,264,89,0,33,0
TCP,138,126,0,676,0
TCP,280,50,0,406,0
TCP,566,210,0,1977,0
TCP,201,171,0,547,0
TCP,960,52,0,173,0
TCP,414,15,0,404,0
UDP,692,256,0,98,0
TCP,986,7,0,675,0
UDP,196,30,0,284,0
UDP,552,15,0,1294,0
UDP,273,235,0,499,0
TCP,1583,124,0,439,0
UDP,445,198,0,430,0
TCP,64,26,0,157,0
TCP,95,157,0,628,0
TCP,152,67,0,1113,0
TCP,562,199,0,50,0
TCP,101,42,0,56,0
TCP,22,121,0,90,0
TCP,740,36,0,136,0
TCP,1796,10,0,156,0
TCP,10,110,0,323,1
UDP,17,34,0,208,0
TCP,814,2,0,50,0
TCP,171,81,1,1971,0
TCP,871,274,0,3,0
UDP,426,9,0,1593,0
TCP,654,18,0,705,0
UDP,30,266,0,2139,0
TCP,612,144,0,852,0
TCP,281,100,0,318,0
UDP,853,177,0,45,0
UDP,604,94,0,1970,0
UDP,560,13,0,580,0
TCP,324,69,0,950,0
TCP,314,84,1,197,0
TCP,297,212,0,1696,0
ICMP,1355,71,0,299,0
ICMP,56,71,0,873,0
TCP,412,81,0,428,0
TCP,395,11,0,74,0
ICMP,348,212,2,109,0
ICMP,83,55,0,1054,0
TCP,973,168,0,246,0
TCP,409,80,0,1468,0
UDP,98,119,0,428,0
UDP,286,33,0,78,0
UDP,96,123,0,584,0
UDP,3713,9,3,5684,1
UDP,169,23,0,89,0
TCP,992,165,0,76,0
TCP,1416,107,0,1598,0
UDP,322,21,0,538,0
TCP,282,53,0,741,0
UDP,268,121,3,5447,1
UDP,534,98,0,119,0
TCP,475,41,0,749,0
TCP,703,248,0,110,0
TCP,157,105,0,175,0
TCP,75,5,0,1263,0
TCP,180,66,1,43,0
TCP,1225,79,0,186,0
TCP,530,84,0,725,0
TCP,4930,61,4,4223,1
TCP,156,45,0,511,0
TCP,151,19,0,91,0
TCP,330,32,0,961,0
TCP,68,27,0,79,0
TCP,1640,97,0,164,0
TCP,126,59,0,44,0
TCP,461,4,0,1049,0
TCP,1005,5,0,73,0
TCP,425,59,0,135,0
TCP,332,7,1,427,0
UDP,968,417,1,75,0
TCP,740,41,0,13,0
TCP,290,18,0,855,0
TCP,475,15,0,270,0
TCP,399,20,0,615,0
UDP,105,31,0,2663,0
TCP,294,20,0,491,0
TCP,527,31,0,650,0
UDP,89,90,0,135,0
TCP,5458,38,8,4411,1
TCP,138,5,0,2028,0
UDP,125,25,0,333,0
TCP,448,27,1,1852,0
TCP,29,4,1,966,0
TCP,371,160,0,443,0
ICMP,130,81,1,777,0
TCP,386,289,0,677,0
TCP,352,185,0,286,0
TCP,74,68,1,1478,0
ICMP,188,187,0,380,0
UDP,196,8,0,278,0
TCP,322,116,1,127,0
TCP,5077,36,0,6744,1
TCP,826,27,0,1152,0
UDP,1662,67,0,1118,0
TCP,437,71,1,178,0
ICMP,59,182,0,131,0
TCP,392,43,0,271,0
UDP,56,313,0,769,0
TCP,905,18,0,250,0
TCP,570,51,0,43,0
UDP,785,47,0,1558,0
TCP,587,196,0,698,0
TCP,26,548,0,174,0
UDP,376,44,1,155,0
ICMP,300,75,0,16,0
TCP,1029,288,1,68,0
TCP,4846,33,0,6012,1
UDP,1129,28,0,360,0
TCP,126,13,0,55,0
TCP,515,40,0,115,0
TCP,52,92,0,1554,0
TCP,232,1,0,37,0
TCP,1240,25,0,115,0
UDP,178,150,0,71,0
TCP,12,77,0,9,0
TCP,588,100,0,216,0
UDP,506,147,1,152,0
TCP,1345,17,0,123,0
TCP,575,61,0,169,0
TCP,23,200,0,53,0
TCP,393,11,0,275,0
UDP,795,406,0,201,0
TCP,1802,83,0,297,0
ICMP,201,98,0,954,0
UDP,262,1,0,293,0
TCP,174,13,0,604,0
ICMP,752,502,0,228,0
TCP,183,312,0,112,0
TCP,152,41,0,307,0
UDP,91,534,0,130,0
TCP,159,11,1,760,0
UDP,32,6,0,472,0
UDP,134,52,0,612,0
TCP,382,50,0,323,0
UDP,1619,8,0,1478,0
TCP,488,27,0,753,0
TCP,25,12,0,95,0
TCP,542,12,1,2289,0
TCP,564,230,0,160,0
TCP,115,80,0,491,0
UDP,739,83,0,361,0
UDP,1986,24,1,194,0
ICMP,4267,37,5,5227,1
TCP,290,124,0,327,0
TCP,1947,100,0,571,0
TCP,653,73,1,460,0
TCP,81,32,0,206,0
TCP,1153,137,0,613,0
TCP,350,13,0,1967,0
TCP,248,37,0,658,0
TCP,87,201,0,1581,0
TCP,468,118,0,517,0
UDP,468,120,0,366,0
TCP,922,19,0,1843,0
UDP,92,29,0,172,0
TCP,396,61,0,19,0
TCP,99,12,0,311,1
TCP,1289,93,0,457,0
TCP,135,203,0,167,0
TCP,165,51,0,230,0
TCP,279,110,0,69,0
TCP,6,26,0,55,0
TCP,891,126,2,246,0
TCP,324,36,0,63,0
ICMP,246,128,0,3289,0
TCP,575,154,0,47,0
TCP,51,16,0,187,1
TCP,6662,14,3,4188,1
TCP,5474,19,8,106,1
UDP,64,189,1,200,0
TCP,188,78,0,17,0
TCP,41,95,0,961,0
TCP,592,123,0,210,0
TCP,674,89,0,1459,0
UDP,661,167,0,1434,0
TCP,377,36,0,204,0
TCP,974,20,2,577,0
TCP,656,8,0,467,0
TCP,818,11,0,116,0
TCP,253,53,0,40,0
TCP,234,251,1,24,0
TCP,333,58,0,395,0
ICMP,113,78,1,600,0
TCP,711,53,0,15,0
UDP,474,52,0,316,0
TCP,624,329,0,48,0
UDP,705,120,0,29,0
TCP,431,56,1,710,0
TCP,61,55,0,621,0
UDP,463,68,0,677,0
UDP,371,106,2,278,0
TCP,80,59,0,128,0
TCP,676,248,0,1001,0
UDP,1864,12,0,24,0
UDP,558,35,0,500,0
ICMP,1276,71,0,650,0
TCP,616,131,0,149,0
TCP,205,82,0,88,0
TCP,347,84,0,136,0
TCP,1079,180,0,304,0
UDP,1453,38,0,406,0
TCP,134,10,1,423,0
TCP,544,67,0,777,0
UDP,210,30,0,607,0
TCP,971,205,0,611,0
UDP,133,60,1,156,0
TCP,131,62,0,1319,0
ICMP,2414,43,0,522,0
TCP,805,115,0,414,0
TCP,7,3,0,584,0
TCP,268,35,0,290,0
UDP,434,1,0,505,0
UDP,566,29,0,253,0
ICMP,475,133,0,350,0
UDP,25,141,0,1313,0
TCP,148,36,0,856,0
TCP,996,289,1,30,0
TCP,212,179,0,826,0
TCP,1031,47,0,491,0
TCP,766,80,0,597,0
UDP,27,106,0,589,0
TCP,1078,11,0,642,0
TCP,519,89,0,74,0
TCP,364,162,1,2134,0
TCP,236,114,0,116,0
TCP,646,77,0,272,0
ICMP,516,108,0,103,0
UDP,186,1,0,329,0
UDP,2,37,0,75,0
UDP,731,183,0,78,0
UDP,748,24,0,532,0
TCP,45,119,0,861,0
TCP,270,15,1,454,0
TCP,1015,12,0,21,0
TCP,700,114,0,608,0
TCP,267,38,0,477,0
TCP,630,90,0,402,0
UDP,377,76,0,9,0
ICMP,677,300,0,742,0
TCP,1085,249,0,256,0
TCP,396,14,0,624,0
TCP,199,17,0,213,0
TCP,1265,32,0,939,0
TCP,256,114,0,156,0
TCP,195,30,0,71,0
TCP,327,95,0,441,0
TCP,527,86,0,10,0
TCP,154,71,0,14,0
TCP,174,6,0,945,0
UDP,305,71,0,410,0
UDP,133,81,0,157,0
TCP,165,109,0,12,0
TCP,1143,220,0,643,0
UDP,186,264,0,946,0
TCP,497,44,0,150,0
UDP,745,63,0,315,0
TCP,93,108,0,174,0
TCP,89,153,0,123,0
TCP,151,133,1,64,0
TCP,4458,12,5,177,1
UDP,680,70,1,33,0
TCP,162,9,0,633,0
TCP,175,780,0,606,0
TCP,1433,0,1,469,0
TCP,489,169,0,84,0
UDP,54,11,0,18,0
ICMP,682,51,0,78,0
TCP,255,17,0,176,0
TCP,407,22,0,738,0
UDP,238,359,0,341,0
TCP,272,70,0,1066,0
TCP,915,123,0,539,0
TCP,1156,96,0,397,0
TCP,1324,71,1,486,0
TCP,119,17,0,517,0
TCP,102,155,0,649,0
TCP,1605,147,0,361,0
TCP,225,10,0,1342,0
TCP,3,153,0,235,0
TCP,368,298,0,74,0
TCP,1121,36,0,33,0
ICMP,82,45,0,105,0
UDP,840,176,0,623,0
TCP,603,177,0,330,0
TCP,616,146,0,44,0
TCP,486,110,0,932,0
ICMP,470,67,0,2311,0
UDP,514,208,0,52,0
TCP,232,164,0,1758,0
TCP,150,28,0,829,0
TCP,22,31,0,5,0
UDP,425,35,1,561,0
TCP,1138,199,9,8127,1
UDP,241,38,0,157,0
UDP,296,43,0,1825,0
ICMP,1094,184,0,343,0
TCP,244,157,1,14,0
TCP,192,69,1,1202,0
TCP,734,81,0,253,0
UDP,59,32,0,58,0
TCP,343,77,0,1003,0
TCP,1249,29,0,415,0
TCP,113,85,0,123,0
TCP,829,115,1,865,0
TCP,158,96,0,1087,0
TCP,1442,31,0,2978,0
TCP,787,213,0,4,1
TCP,45,155,0,129,0
TCP,624,76,0,264,0
TCP,277,147,0,48,0
TCP,288,67,0,46,0
TCP,353,7,0,2100,0
UDP,140,118,1,1364,0
UDP,1700,95,0,286,0
UDP,321,112,0,579,0
UDP,348,45,0,18,0
TCP,5985,371,6,7876,1
TCP,111,20,0,380,0
TCP,133,8,0,600,0
TCP,1252,5,0,2772,0
TCP,209,30,0,1294,0
TCP,212,208,2,155,0
TCP,7,163,0,1087,0
ICMP,114,411,0,286,0
UDP,6037,42,0,4252,1
ICMP,624,138,0,359,0
TCP,5,232,0,30,0
TCP,702,49,0,242,0
TCP,783,0,0,115,0
TCP,124,5,0,663,0
TCP,14,10,0,205,0
UDP,1913,39,0,12,0
TCP,175,186,0,32,0
ICMP,517,3,0,37,0
TCP,184,144,0,328,0
TCP,144,63,0,114,0
ICMP,200,23,0,93,0
UDP,180,76,0,2052,0
TCP,616,31,0,788,0
TCP,585,192,0,305,0
TCP,479,112,0,475,0
TCP,418,2,0,979,0
TCP,235,351,0,6414,1
TCP,552,13,0,747,0
TCP,763,23,0,218,0
UDP,184,132,0,42,0
TCP,140,358,0,321,0
TCP,603,18,0,124,0
UDP,409,137,0,332,0
UDP,656,196,0,162,0
UDP,6767,19,0,146,1
UDP,1235,181,0,269,0
ICMP,246,104,0,187,0
TCP,572,79,0,341,0
TCP,356,108,0,4,0
UDP,1346,39,0,1588,0
TCP,545,13,0,2023,0
UDP,158,0,0,24,0
ICMP,31,132,0,20,0
TCP,26,19,0,203,0
TCP,1717,23,1,26,0
TCP,1008,74,0,826,0
TCP,324,180,0,729,0
TCP,1077,104,0,670,0
TCP,983,68,0,8,0
TCP,2702,181,0,617,0
UDP,1633,28,0,208,0
TCP,582,91,0,1072,0
TCP,587,21,0,1651,0
TCP,382,152,0,405,0
TCP,157,22,0,162,0
TCP,1709,31,0,366,0
TCP,82,56,0,206,0
TCP,585,70,0,429,0
UDP,546,14,0,531,0
TCP,72,81,0,91,0
ICMP,110,205,0,15,0
TCP,214,33,0,246,0
TCP,243,82,0,55,0
TCP,836,3,0,4726,1
TCP,427,277,0,97,0
TCP,84,182,0,89,0
UDP,405,583,0,626,0
TCP,262,59,0,42,0
UDP,396,64,0,113,0
TCP,54,82,0,229,0
TCP,541,162,0,1121,0
ICMP,1134,45,0,76,0
TCP,167,19,0,73,0
TCP,981,204,0,656,0
UDP,513,29,0,1032,0
TCP,174,97,0,752,0
TCP,510,101,0,491,0
TCP,294,29,0,846,0
TCP,236,48,1,221,0
TCP,54,118,1,18,0
TCP,46,3,0,804,0
UDP,669,102,2,1456,0
TCP,38,20,0,159,0
ICMP,1339,83,0,610,0
TCP,759,92,0,207,0
TCP,224,61,0,48,0
UDP,1210,60,8,169,1
TCP,61,54,0,7,0
TCP,115,122,1,76,0
TCP,2634,25,0,363,0
TCP,32,34,0,370,0
ICMP,277,63,0,879,0
TCP,593,145,0,863,0
ICMP,1213,85,0,288,0
TCP,137,2,0,1277,0
TCP,411,107,0,1105,0
TCP,455,120,0,76,0
TCP,29,88,0,964,0
TCP,79,213,0,1754,0
TCP,39,51,0,2379,0
ICMP,740,252,0,123,0
TCP,76,309,0,67,0
TCP,1032,141,0,201,0
TCP,125,288,0,445,0
TCP,9,66,0,1053,0
UDP,251,107,0,104,0
TCP,747,28,0,305,0
TCP,275,117,0,637,0
TCP,119,330,0,55,0
UDP,419,384,0,205,0
TCP,311,89,0,705,0
TCP,214,46,1,197,0
TCP,1591,206,0,111,0
TCP,539,177,0,224,0
UDP,139,95,0,4,0
TCP,184,184,0,97,0
TCP,1123,199,0,150,0
TCP,738,103,0,883,0
TCP,325,146,0,402,0
TCP,444,311,0,237,0
TCP,683,69,0,1234,0
TCP,86,125,0,266,0
UDP,6,12,0,431,0
TCP,32,3,0,228,0
UDP,400,67,0,114,0
TCP,70,35,0,490,0
ICMP,37,8,0,773,0
ICMP,5,25,0,591,0
TCP,259,87,0,22,0
TCP,941,28,0,117,0
TCP,727,59,0,59,0
TCP,796,124,0,171,0
TCP,206,292,1,1282,0
UDP,451,202,0,2067,0
TCP,283,70,1,101,0
TCP,408,81,0,233,0
UDP,449,18,0,459,0
TCP,253,159,0,1077,0
TCP,433,439,0,408,0
TCP,20,197,0,586,0
TCP,891,51,0,428,0
ICMP,4,12,0,235,0
TCP,404,127,0,315,0
TCP,500,111,0,306,0
TCP,1778,310,0,254,0
UDP,49,28,0,1584,0
TCP,565,173,0,400,0
TCP,236,55,0,122,0
TCP,219,42,0,98,0
TCP,243,228,0,379,0
UDP,893,95,0,901,0
TCP,702,105,0,306,0
UDP,275,30,0,133,0
TCP,5884,90,5,4996,1
TCP,166,95,0,47,0
TCP,550,43,0,1,0
UDP,304,78,0,558,0
TCP,303,5,0,153,0
TCP,207,29,0,1709,0
UDP,653,129,1,260,0
TCP,162,243,0,1225,0
UDP,2093,84,0,708,0
UDP,13,69,0,47,0
TCP,132,357,0,161,0
TCP,688,158,0,1663,0
UDP,268,214,0,199,0
ICMP,1147,314,0,837,0
ICMP,253,62,0,181,0
UDP,252,11,0,647,0
TCP,104,17,0,76,0
UDP,141,80,1,23,0
TCP,596,18,0,408,0
ICMP,2224,146,1,128,0
TCP,53,3,0,136,0
UDP,906,102,0,849,0
TCP,1211,269,0,524,0
TCP,307,98,0,138,0
TCP,638,82,0,280,1
TCP,3880,32,0,29,0
UDP,606,35,0,24,0
UDP,19,68,0,155,0
TCP,130,19,0,864,0
ICMP,1265,73,0,313,0
TCP,563,291,1,406,0
TCP,148,7,0,50,0
UDP,449,48,0,730,0
TCP,1179,163,0,162,0
ICMP,840,357,0,1211,0
TCP,688,29,0,1221,0
TCP,133,96,0,728,0
ICMP,248,11,0,295,0
TCP,3,40,0,217,0
TCP,566,46,0,59,0
ICMP,757,69,0,764,0
ICMP,85,72,0,19,0
ICMP,649,6,0,276,0
ICMP,558,236,0,80,0
UDP,31,466,0,194,0
ICMP,455,14,0,327,0
TCP,183,19,0,115,0
TCP,182,30,0,979,0
TCP,480,113,1,342,0
TCP,325,69,0,713,0
TCP,1439,3,0,702,0
TCP,16,4,0,233,0
TCP,47,110,0,872,0
TCP,4258,158,0,125,0
TCP,866,126,0,390,0
TCP,280,91,0,557,0
UDP,170,32,0,58,0
TCP,1455,23,0,9,0
TCP,300,290,0,1192,0
UDP,58,39,0,471,0
TCP,11,2,0,454,0
TCP,7307,572,6,5344,1
TCP,380,19,0,1394,0
UDP,92,98,0,426,0
TCP,868,38,0,469,0
UDP,203,410,0,160,0
UDP,190,109,0,333,0
TCP,936,28,0,1480,0
ICMP,203,166,0,248,0
TCP,172,12,0,863,0
UDP,261,167,0,57,0
TCP,280,0,0,690,0
TCP,533,43,0,728,0
TCP,555,22,0,230,0
TCP,422,26,0,447,0
TCP,298,117,0,73,0
TCP,342,125,0,229,0
TCP,667,33,0,1105,0
TCP,113,188,0,6,0
TCP,1115,198,0,1092,0
TCP,672,230,0,142,0
UDP,37,481,0,706,0
UDP,359,309,0,225,0
TCP,334,82,0,18,0
TCP,684,59,0,660,0
TCP,254,20,0,1396,0
TCP,1031,125,0,94,0
TCP,118,62,0,303,0
UDP,500,18,0,394,0
TCP,334,142,0,292,0
ICMP,4408,60,0,217,1
TCP,501,99,0,249,0
TCP,790,159,0,327,0
TCP,113,17,0,499,0
UDP,430,39,0,191,0
TCP,162,13,0,265,0
TCP,6020,302,0,4942,1
TCP,179,4,0,189,0
TCP,234,237,0,119,0
UDP,124,1,0,857,0
TCP,837,35,0,553,0
TCP,276,72,0,477,0
UDP,69,72,0,0,0
TCP,1137,98,0,638,0
TCP,181,12,0,330,0
TCP,308,5,0,752,0
ICMP,70,92,0,157,0
TCP,123,27,0,618,0
TCP,1323,143,1,402,0
UDP,226,85,0,768,0
TCP,265,3,0,765,0
TCP,347,211,1,16,0
TCP,549,31,0,98,0
UDP,169,14,0,1004,0
TCP,338,34,0,106,0
TCP,194,45,0,1014,0
TCP,382,59,0,449,0
TCP,513,110,0,16,0
TCP,444,53,0,740,0
UDP,495,18,0,159,0
TCP,10,490,0,30,0
UDP,773,112,0,599,0
ICMP,1358,7,0,865,0
UDP,3164,43,0,574,0
UDP,792,102,0,1185,0
TCP,26,80,0,513,0
ICMP,937,234,0,945,0
UDP,116,141,0,329,0
TCP,250,17,0,602,0
ICMP,161,55,0,1499,0
TCP,973,36,0,884,0
TCP,121,59,1,1133,0
UDP,1,6,0,610,0
ICMP,713,270,0,10,0
TCP,443,70,0,537,0
ICMP,848,100,0,1661,0
TCP,348,103,0,619,0
TCP,321,20,0,367,0
TCP,549,199,0,985,0
TCP,392,36,0,284,0
TCP,318,146,0,724,0
TCP,196,131,0,244,0
TCP,40,77,0,20,0
UDP,924,32,1,246,0
UDP,482,245,0,443,0
TCP,658,97,0,1000,0
TCP,281,13,0,1607,0
TCP,20,227,0,106,0
TCP,800,83,0,659,0
TCP,237,78,0,1280,0
TCP,64,68,0,697,0
TCP,174,23,0,802,0
TCP,69,39,0,277,0
ICMP,840,53,0,148,0
TCP,103,106,0,2697,0
UDP,558,107,0,199,0
TCP,572,19,1,1465,0
UDP,444,204,0,258,0
TCP,242,103,0,532,0
TCP,230,99,0,50,0
TCP,41,13,0,529,0
TCP,786,210,0,196,0
UDP,448,12,0,310,0
TCP,380,198,0,359,0
TCP,64,53,0,321,0
TCP,300,69,0,1209,0
UDP,1136,49,0,564,0
TCP,32,80,0,122,0
TCP,504,4,0,277,0
UDP,1089,249,0,115,0
TCP,1059,38,0,558,0
ICMP,447,203,0,299,0
TCP,13,115,0,339,0
TCP,83,30,1,222,0
TCP,594,19,0,367,0
TCP,1481,55,0,291,0
TCP,616,26,0,1851,0
TCP,262,32,7,5295,1
ICMP,339,11,0,399,0
TCP,353,95,0,2568,0
TCP,1564,209,0,1501,0
TCP,109,352,0,379,0
TCP,274,190,0,1013,0
TCP,1615,8,0,1785,0
TCP,718,53,0,375,0
TCP,1205,24,0,985,0
TCP,1182,6,0,186,0
TCP,53,37,1,882,0
TCP,317,274,2,186,0
UDP,183,6,0,372,0
TCP,613,84,0,127,0
TCP,405,6,0,334,0
TCP,163,188,0,155,0
UDP,103,151,0,1229,0
TCP,226,8,0,940,0
TCP,957,226,0,676,0
TCP,2021,133,0,167,0
TCP,53,100,0,483,0
UDP,100,17,0,1371,0
UDP,1350,92,0,1081,0
TCP,638,73,0,274,0
UDP,118,29,1,159,0
TCP,787,2,0,574,0
TCP,586,188,0,682,0
TCP,171,26,0,1127,0
ICMP,5752,207,0,6117,1
TCP,72,126,0,171,0
ICMP,601,16,0,652,0
TCP,71,27,1,361,0
TCP,336,7,0,603,0
TCP,56,17,0,1093,0
TCP,508,39,0,369,0
TCP,40,14,0,1074,0
ICMP,502,32,0,705,0
TCP,109,270,0,80,0
TCP,316,445,0,118,0
TCP,279,91,0,502,0
TCP,1397,283,0,1303,0
TCP,152,42,0,163,0
UDP,40,16,0,249,0
ICMP,45,224,0,587,0
ICMP,60,82,0,416,0
UDP,261,274,0,690,0
UDP,145,62,0,1873,0
UDP,534,139,1,16,0
TCP,85,102,0,35,0
TCP,370,88,0,709,0
TCP,848,237,1,7,0
TCP,130,141,0,270,0
TCP,176,150,0,380,0
TCP,5567,39,7,5061,1
TCP,382,207,0,644,0
TCP,133,32,0,397,0
TCP,161,94,0,538,0
TCP,114,118,0,279,0
TCP,276,41,0,956,0
TCP,193,218,0,672,0
UDP,453,203,0,532,0
TCP,684,34,0,51,0
UDP,764,31,0,1332,0
TCP,690,568,0,265,0
TCP,283,235,0,39,0
TCP,580,34,0,636,0
TCP,263,166,0,128,0
TCP,312,74,0,302,0
TCP,94,67,0,1124,0
UDP,146,87,0,91,0
TCP,1806,160,0,1557,0
TCP,3037,98,0,967,0
TCP,1535,80,6,5541,1
TCP,877,94,0,753,0
UDP,640,39,0,612,0
UDP,238,275,0,66,0
TCP,329,222,0,409,0
UDP,326,71,0,60,0
ICMP,224,100,0,107,0
UDP,399,96,0,1554,0
TCP,544,64,0,485,0
TCP,78,36,0,697,0
UDP,791,164,0,473,0
TCP,42,113,0,1216,0
TCP,54,7,0,409,0
UDP,916,156,0,398,0
TCP,535,46,0,194,0
ICMP,226,20,0,29,0
TCP,1264,165,0,688,0
TCP,1091,66,0,1088,0
ICMP,1513,150,0,497,0
TCP,80,6,0,741,0
TCP,1019,17,0,130,0
TCP,140,117,0,576,0
TCP,274,0,0,563,0
TCP,44,108,1,363,0
UDP,562,33,0,60,0
TCP,409,93,0,329,0
TCP,495,62,0,92,0
UDP,6022,445,6,5257,1
TCP,1749,1,0,142,0
TCP,1250,264,0,882,0
TCP,587,158,0,416,0
TCP,92,19,0,193,0
TCP,903,400,0,193,0
ICMP,1251,124,0,1344,0
TCP,646,104,0,557,0
TCP,651,135,1,107,0
UDP,9,23,1,398,0
TCP,492,253,0,252,0
TCP,247,34,0,194,0
TCP,171,85,0,473,0
TCP,712,94,0,61,0
UDP,140,61,0,1011,0
TCP,375,48,1,734,0
TCP,921,92,0,629,0
UDP,761,33,1,469,0
UDP,59,26,0,451,0
TCP,1036,16,1,27,0
TCP,672,56,1,233,0
TCP,1388,194,0,16,0
TCP,70,35,0,173,0
TCP,250,130,0,38,0
TCP,245,171,0,568,0
UDP,599,72,0,1149,0
TCP,46,34,0,731,0
TCP,135,122,0,842,0
UDP,1079,294,0,256,0
TCP,66,7,0,2142,0
TCP,227,321,0,117,0
UDP,546,5,0,564,0
TCP,251,19,0,185,0
TCP,64,21,0,868,0
TCP,6,204,1,416,0
TCP,443,37,0,337,0
UDP,989,20,0,57,0
TCP,257,111,0,144,0
TCP,231,209,0,130,0
TCP,261,40,1,379,0
TCP,1197,98,0,535,0
TCP,157,12,0,181,0
TCP,280,157,0,182,0
TCP,210,140,0,370,0
TCP,37,47,1,165,0
TCP,157,87,0,240,0
UDP,5,49,0,1675,0
UDP,6869,53,6,446,1
TCP,677,24,0,693,0
UDP,873,33,0,474,0
TCP,172,70,0,299,0
ICMP,40,40,0,716,0
TCP,142,77,0,393,0
TCP,206,270,0,577,0
ICMP,1107,58,0,725,0
TCP,25,16,0,46,0
TCP,663,8,0,465,0
TCP,902,64,0,24,0
TCP,67,7,0,63,0
UDP,430,217,0,62,0
UDP,125,161,0,388,0
TCP,40,36,0,9,0
TCP,15,41,0,298,0
TCP,1037,95,1,438,0
UDP,334,1,0,35,0
TCP,271,47,0,202,0
TCP,105,151,0,284,0
TCP,868,30,0,365,0
ICMP,222,74,0,183,0
TCP,107,57,0,598,0
ICMP,1059,9,0,885,0
TCP,86,157,0,1182,0
TCP,191,104,0,221,0
TCP,746,28,0,688,0
TCP,828,236,1,65,0
TCP,781,36,1,3048,1
TCP,458,62,0,97,0
TCP,181,46,0,1123,0
TCP,651,68,0,6,0
UDP,707,39,1,102,0
UDP,894,107,0,150,0
TCP,1707,85,0,97,0
TCP,38,133,0,36,0
UDP,141,70,0,783,0
TCP,1560,122,0,430,0
TCP,28,73,0,13,0
UDP,419,11,0,44,0
TCP,623,260,0,142,0
ICMP,327,4,0,151,0
TCP,688,29,0,705,0
TCP,38,126,1,2341,0
UDP,888,75,0,76,0
TCP,594,158,10,6824,1
TCP,650,31,0,380,0
ICMP,13,28,0,360,0
TCP,721,8,0,36,0
UDP,734,13,0,14,0
TCP,853,68,1,24,0
TCP,171,41,0,497,0
TCP,62,93,0,392,0
TCP,21,28,0,983,0
TCP,228,315,0,549,0
TCP,498,218,0,24,0
TCP,3,54,0,332,0
TCP,176,183,0,209,0
ICMP,120,16,0,954,0
TCP,260,112,0,266,0
TCP,1701,178,0,393,0
TCP,109,28,0,2207,0
TCP,290,117,0,237,0
TCP,345,93,0,666,0
TCP,5,19,0,65,0
TCP,838,188,1,32,0
TCP,139,319,1,1261,0
TCP,348,87,0,363,0
TCP,2239,161,0,585,0
UDP,889,35,0,83,0
TCP,107,43,0,21,0
TCP,656,149,0,704,0
TCP,245,337,0,460,0
TCP,3618,58,0,351,0
TCP,24,47,0,272,0
ICMP,968,27,0,707,0
TCP,48,102,0,419,0
ICMP,251,80,0,599,0
TCP,55,141,0,1751,0
TCP,1044,321,0,768,0
TCP,308,28,0,201,0
TCP,2470,219,1,45,0
TCP,382,133,0,246,0
TCP,622,100,0,276,0
TCP,618,101,0,31,0
TCP,74,85,0,460,0
TCP,844,94,0,962,0
TCP,6643,50,4,4465,1
TCP,470,169,0,427,0
ICMP,70,252,0,254,0
TCP,1197,134,0,577,0
TCP,1587,186,1,140,0
TCP,71,113,0,132,0
ICMP,107,31,0,719,0
TCP,442,125,0,329,0
TCP,1046,21,0,31,0
TCP,279,89,0,262,0
ICMP,1946,85,0,640,0
TCP,718,4,0,271,0
TCP,144,17,0,270,0
TCP,894,92,7,5581,1
TCP,444,151,1,339,0
TCP,2094,639,0,243,0
TCP,10,41,0,173,0
TCP,6089,58,0,4127,1
TCP,3239,34,5,5790,1
TCP,54,153,0,86,0
UDP,1390,10,1,678,0
TCP,1425,26,0,207,0
TCP,134,29,0,312,0
UDP,5506,8,0,363,1
TCP,31,66,0,566,0
TCP,38,63,0,33,0
TCP,6538,13,0,5808,1
TCP,606,141,0,344,0
TCP,631,86,0,225,0
TCP,191,169,0,233,0
UDP,48,366,0,489,0
TCP,1055,21,0,44,0
TCP,838,27,0,46,0
TCP,1449,63,0,1054,0
TCP,468,19,1,308,0
TCP,669,55,0,397,0
TCP,840,222,0,763,0
TCP,5123,135,9,442,1
TCP,1065,91,0,569,0
TCP,1200,22,0,259,0
TCP,52,312,0,27,0
TCP,391,66,0,38,0
TCP,1812,105,0,387,0
TCP,149,26,0,816,0
ICMP,30,85,0,1461,0
TCP,162,262,0,219,0
TCP,519,5,1,665,0
ICMP,510,301,0,528,0
ICMP,31,83,0,196,0
TCP,436,142,0,1195,0
TCP,242,182,0,1438,0
TCP,626,71,0,719,0
UDP,363,16,0,175,0
TCP,80,33,0,232,0
TCP,346,124,0,263,0
TCP,306,87,0,193,0
UDP,27,2,0,141,0
TCP,201,79,0,638,0
TCP,702,233,1,130,0
UDP,544,20,0,61,0
UDP,416,106,0,1035,0
TCP,41,112,1,3006,0
TCP,836,104,0,688,0
TCP,87,2,0,371,0
TCP,1221,37,0,324,0
TCP,450,55,0,282,0
ICMP,138,203,0,182,0
TCP,1440,44,0,367,0
ICMP,1027,258,1,71,0
UDP,728,18,0,89,0
TCP,350,70,0,86,0
TCP,17,132,0,105,0
TCP,7009,42,6,5313,1
TCP,67,6,0,332,0
TCP,436,39,0,606,0
UDP,934,150,0,135,0
UDP,862,87,0,264,0
TCP,127,48,0,238,0
UDP,597,51,0,554,0
ICMP,98,2,0,72,0
UDP,82,101,0,119,0
TCP,4067,176,0,5295,1
UDP,240,193,0,806,0
TCP,64,102,0,827,0
ICMP,284,215,0,60,0
TCP,6314,226,0,5452,1
TCP,964,20,0,1102,0
UDP,55,73,0,249,0
TCP,31,188,0,122,0
TCP,6165,15,0,68,1
TCP,118,36,0,418,0
TCP,3503,133,7,5464,1
ICMP,6202,39,0,5825,1
TCP,512,27,0,188,0
UDP,281,80,0,1340,0
ICMP,335,288,0,668,0
TCP,1048,17,0,437,0
TCP,590,107,0,196,0
TCP,252,12,0,413,0
TCP,542,61,0,27,0
TCP,127,15,0,575,0
UDP,324,104,0,347,0
TCP,880,8,1,139,0
TCP,6234,203,0,347,1
TCP,41,12,0,63,0
UDP,1427,2,0,1312,0
TCP,90,41,0,199,0
UDP,214,141,0,631,0
TCP,5973,114,9,1367,1
TCP,1154,52,0,1699,0
ICMP,519,60,0,1486,0
TCP,1226,4,0,513,0
TCP,700,91,0,693,0
ICMP,975,78,0,1095,0
ICMP,146,397,0,485,0
UDP,523,170,0,161,0
TCP,278,233,0,104,0
UDP,7,262,0,85,0
UDP,2,51,0,149,0
TCP,1289,156,0,861,0
ICMP,972,241,0,325,0
TCP,226,18,0,218,0
TCP,870,281,0,280,0
UDP,83,72,0,173,0
TCP,175,17,0,234,0
TCP,306,365,0,105,0
TCP,105,239,0,1051,0
UDP,69,102,0,2420,1
UDP,89,89,0,112,0
ICMP,493,34,1,378,0
ICMP,2026,30,0,109,0
ICMP,1299,8,8,448,1
UDP,488,88,0,1549,0
TCP,378,83,0,273,0
ICMP,382,183,0,201,0
TCP,1284,47,0,45,0
TCP,1032,49,0,1160,0
TCP,46,85,0,320,0
TCP,959,46,0,259,0
TCP,326,52,0,298,0
TCP,899,174,0,196,0
TCP,398,93,0,24,0
TCP,55,16,0,1249,0
UDP,678,108,0,126,0
UDP,168,113,0,222,0
TCP,1626,207,0,573,0
TCP,884,115,0,1224,0
TCP,68,204,0,254,0
TCP,89,14,0,499,0
UDP,503,185,0,671,0
TCP,1165,23,0,183,0
TCP,944,98,0,108,0
TCP,481,41,0,224,0
TCP,705,7,0,1758,0
UDP,1097,39,0,822,0
TCP,334,177,0,242,0
UDP,892,173,0,5,0
TCP,1518,119,0,671,0
TCP,378,139,0,449,0
TCP,3,13,0,1895,0
ICMP,3028,69,0,127,0
TCP,386,24,0,245,0
TCP,511,134,0,1,0
UDP,410,382,0,253,0
TCP,376,39,1,489,0
TCP,556,82,0,409,0
TCP,461,36,0,682,0
TCP,275,3,0,187,0
UDP,108,92,0,1500,0
TCP,712,161,0,1145,0
TCP,372,60,0,98,0
TCP,142,14,0,155,0
TCP,39,7,1,579,0
UDP,2211,110,0,60,0
UDP,152,13,2,1977,0
TCP,555,162,0,359,0
TCP,534,101,0,113,0
TCP,528,243,0,219,0
ICMP,64,52,1,170,0
TCP,86,785,0,185,0
UDP,327,10,1,528,0
ICMP,531,64,0,307,0
TCP,445,27,0,447,0
TCP,866,82,0,120,0
TCP,861,258,0,64,0
TCP,228,37,0,699,0
UDP,516,15,0,524,0
TCP,75,63,0,1951,0
TCP,94,60,0,2866,0
TCP,502,31,0,500,0
TCP,587,229,0,98,0
UDP,763,115,0,33,0
TCP,68,21,0,143,0
TCP,1162,61,0,85,0
TCP,95,17,0,1549,0
TCP,155,6,0,181,0
TCP,197,23,2,13,0
TCP,193,260,0,1196,0
UDP,84,2,0,77,0
TCP,107,84,0,286,0
TCP,259,252,1,902,0
TCP,709,43,0,644,0
TCP,7544,115,5,6341,1
ICMP,662,22,0,518,0
TCP,180,138,0,696,0
TCP,758,187,0,41,0
ICMP,310,45,2,39,0
TCP,604,33,0,234,0
TCP,107,89,0,553,0
TCP,762,23,0,128,0
TCP,126,72,1,271,0
TCP,187,122,0,623,0
TCP,1261,102,0,1306,0
TCP,880,37,0,353,0
TCP,277,71,0,485,0
TCP,1086,33,0,333,0
TCP,998,276,0,913,0
TCP,407,76,0,564,0
TCP,494,7,0,1739,0
TCP,85,137,0,268,0
TCP,14,8,5,4829,1
TCP,734,45,0,1,0
TCP,979,98,0,751,0
UDP,176,12,0,25,0
UDP,365,31,2,249,0
TCP,682,137,0,242,0
TCP,378,152,0,869,0
TCP,206,8,0,172,0
ICMP,117,117,0,1093,0
TCP,1262,1,1,689,0
UDP,698,243,0,224,0
UDP,506,331,0,604,0
TCP,208,50,0,263,0
UDP,96,93,0,429,0
TCP,101,51,0,349,0
ICMP,157,10,0,2059,0
TCP,133,25,0,340,0
TCP,20,297,0,335,0
TCP,451,105,0,672,0
TCP,130,34,0,1753,0
UDP,437,113,0,372,0
UDP,999,76,0,463,0
UDP,86,25,0,761,0
TCP,103,46,0,160,0
TCP,338,14,0,330,0
TCP,252,374,0,459,0
TCP,356,18,0,162,0
ICMP,1072,16,0,74,0
TCP,172,121,0,239,0
TCP,39,58,0,57,0
TCP,188,106,0,12,0
TCP,64,54,0,1911,0
TCP,986,47,0,64,0
TCP,115,1,0,84,0
TCP,683,166,0,252,0
TCP,486,67,0,1429,0
TCP,1130,169,1,957,0
TCP,177,45,0,183,0
TCP,182,117,0,321,0
TCP,617,47,0,792,0
ICMP,360,11,0,89,0
UDP,42,140,0,171,0
TCP,1052,109,0,257,0
TCP,649,29,1,860,0
TCP,736,167,0,10,0
ICMP,70,30,0,177,0
TCP,90,1,0,42,0
TCP,951,50,0,531,0
TCP,178,39,3,4860,1
TCP,69,25,0,882,0
ICMP,61,22,0,8,0
TCP,808,92,0,65,0
UDP,270,31,0,385,0
TCP,3,60,0,53,0
TCP,657,481,0,182,0
UDP,582,120,0,563,0
TCP,286,44,0,434,0
ICMP,159,14,0,1178,0
TCP,69,65,0,133,0
ICMP,810,227,0,3095,0
TCP,564,214,0,315,0
TCP,1209,175,0,1430,0
TCP,13,15,0,1242,0
TCP,205,132,0,189,0
UDP,568,4,0,541,0
TCP,788,12,0,240,0
TCP,122,19,0,2237,0
TCP,876,304,0,164,0
ICMP,138,41,0,154,0
TCP,752,52,0,1883,0
TCP,405,64,0,239,0
UDP,858,5,0,256,0
TCP,49,63,0,159,0
TCP,491,9,1,403,0
ICMP,493,41,0,714,0
TCP,24,120,0,183,0
TCP,609,68,0,104,0
TCP,85,57,0,186,0
TCP,50,568,0,249,0
UDP,74,25,0,91,0
UDP,321,128,0,220,0
TCP,1079,66,5,5408,1
TCP,185,82,0,104,0
TCP,292,57,0,218,0
UDP,17,58,0,1446,0
TCP,458,112,0,52,0
UDP,207,167,0,240,0
TCP,553,42,0,25,0
TCP,424,175,0,1019,0
UDP,646,37,0,530,0
TCP,745,21,2,0,0
TCP,137,76,0,85,0
TCP,354,30,0,5,0
TCP,408,25,0,1124,0
UDP,287,60,0,608,0
TCP,243,37,0,183,0
TCP,1463,48,0,180,0
TCP,59,6,0,80,0
UDP,66,69,0,681,0
TCP,479,132,0,514,0
UDP,139,69,0,353,0
ICMP,3399,30,0,542,0
TCP,44,33,0,280,0
TCP,677,33,2,105,0
ICMP,636,114,0,94,0
TCP,658,63,0,33,0
TCP,555,184,0,42,0
TCP,41,23,0,205,0
TCP,197,24,0,12,0
TCP,56,23,1,1322,0
TCP,536,80,0,268,0
TCP,127,86,0,282,0
ICMP,399,144,0,492,0
TCP,2280,25,0,42,0
TCP,46,80,0,543,0
ICMP,1306,15,0,260,0
TCP,305,86,0,331,0
UDP,409,90,0,639,0
TCP,812,80,0,660,0
UDP,734,158,0,7,0
TCP,16,136,0,195,0
TCP,406,351,0,1215,0
TCP,1633,27,0,364,0
TCP,330,165,0,731,0
UDP,1234,234,0,876,0
UDP,120,204,0,54,0
TCP,605,155,0,442,0
UDP,442,25,0,1198,0
TCP,70,320,0,1444,0
TCP,82,42,0,173,0
TCP,602,10,0,306,0
TCP,63,14,0,212,0
TCP,509,19,0,745,0
TCP,1095,22,0,34,0
UDP,186,145,0,172,0
UDP,136,55,0,561,0
UDP,387,16,0,1362,0
TCP,1314,2,0,289,0
UDP,38,35,0,386,0
ICMP,1047,110,0,75,0
UDP,83,102,0,747,0
TCP,272,40,0,414,0
TCP,863,79,0,183,0
UDP,415,72,1,99,0
TCP,160,58,0,95,0
TCP,3339,61,13,137,1
TCP,499,15,1,830,0
TCP,5888,214,0,7155,1
TCP,327,87,0,71,0
UDP,589,28,0,740,0
TCP,413,55,0,212,0
TCP,633,13,0,147,0
TCP,1260,173,1,875,0
UDP,236,58,0,336,0
ICMP,657,45,0,60,0
UDP,1563,118,0,119,0
TCP,127,96,0,555,0
TCP,1263,31,0,1403,0
TCP,269,283,0,1396,0
TCP,28,254,0,63,0
TCP,124,60,0,595,0
TCP,1095,147,0,148,0
TCP,405,5,0,422,0
TCP,1253,33,0,239,0
UDP,384,7,0,1394,0
UDP,2,133,0,144,0
TCP,594,81,1,199,0
ICMP,297,60,0,3,0
UDP,41,127,0,1264,0
TCP,154,109,0,305,0
UDP,81,269,0,86,0
UDP,299,52,0,247,0
TCP,180,56,0,842,0
TCP,117,34,0,233,0
TCP,522,439,0,6947,1
TCP,7609,27,8,5557,1
UDP,5977,62,9,62,1
TCP,233,82,0,228,0
TCP,153,35,0,700,0
UDP,491,21,0,194,0
UDP,226,158,0,581,0
TCP,821,170,1,590,0
TCP,248,29,0,190,0
TCP,424,179,0,566,0
TCP,2214,56,0,1512,0
UDP,70,86,0,797,0
UDP,193,162,0,1125,0
TCP,38,8,0,496,0
UDP,1573,0,0,137,0
TCP,337,182,0,1256,0
TCP,196,76,0,48,0
UDP,1323,69,0,735,0
TCP,289,1,0,239,0
UDP,3,84,0,1145,0
TCP,412,57,0,74,0
TCP,47,101,1,748,0
TCP,2091,14,0,1129,0
UDP,1203,90,0,632,0
TCP,694,57,2,201,0
UDP,503,38,0,730,0
UDP,22,189,0,173,0
UDP,127,201,0,362,0
ICMP,273,14,0,119,0
TCP,749,128,0,48,0
TCP,76,34,0,17,0
UDP,702,64,0,184,0
UDP,456,240,0,137,0
TCP,338,48,0,307,0
ICMP,1268,67,0,1134,0
UDP,542,339,0,900,0
TCP,159,166,0,480,0
TCP,317,92,0,193,0
ICMP,537,111,0,735,0
TCP,49,3,1,96,0
TCP,80,19,0,422,0
TCP,1308,38,0,546,0
UDP,155,29,0,623,0
TCP,224,65,1,622,0
TCP,64,44,0,404,0
UDP,107,83,0,360,0
TCP,55,84,2,326,0
TCP,708,109,0,43,0
UDP,402,78,0,851,0
UDP,179,361,0,568,0
ICMP,154,91,0,657,0
UDP,18,95,0,502,0
TCP,415,8,0,173,0
UDP,119,89,0,465,0
TCP,111,2,0,1378,0
UDP,860,14,0,20,0
TCP,50,104,0,1576,0
UDP,604,5,0,132,1
TCP,142,168,0,910,0
TCP,579,1,0,1035,0
TCP,54,4,0,315,0
ICMP,379,38,0,38,0
UDP,304,152,1,127,0
TCP,309,100,1,1373,0
ICMP,124,51,0,742,0
ICMP,75,164,0,76,0
UDP,825,48,0,1402,0
TCP,93,96,0,8,0
UDP,285,205,0,371,0
TCP,16,38,0,29,0
TCP,97,152,0,54,0
TCP,2550,118,9,3977,1
ICMP,589,100,0,445,0
TCP,734,8,8,5413,1
UDP,1001,31,0,141,0
UDP,20,68,0,611,0
TCP,1064,331,0,600,0
TCP,200,217,0,358,0
TCP,1174,66,2,298,0
TCP,268,21,0,1511,0
TCP,6,59,0,150,0
TCP,350,312,1,217,0
TCP,454,187,1,252,0
TCP,456,124,0,833,0
TCP,1368,51,0,230,0
UDP,5031,1,14,6878,1
TCP,329,94,0,186,0
TCP,2823,527,0,37,0
TCP,11,5,0,54,0
TCP,492,81,0,277,0
TCP,594,12,0,931,0
TCP,445,15,0,845,0
TCP,361,59,0,71,0
UDP,223,69,0,1406,0
TCP,530,135,0,177,0
TCP,125,50,0,237,0
UDP,1362,97,0,997,0
TCP,1353,51,0,142,0
TCP,342,59,0,161,0
TCP,441,139,0,684,0
TCP,3853,55,0,234,0
UDP,433,19,0,371,0
TCP,1064,222,0,2,0
TCP,86,128,0,534,0
TCP,249,286,0,24,0
TCP,447,115,0,195,0
UDP,1301,104,0,777,0
ICMP,20,103,0,211,0
UDP,746,140,0,320,0
TCP,535,21,0,1260,0
UDP,248,16,0,450,0
UDP,687,31,0,16,0
UDP,5186,166,6,4989,1
UDP,290,0,9,150,1
ICMP,39,106,0,683,0
TCP,239,8,0,1338,0
ICMP,193,202,0,668,0
TCP,639,43,0,13,0
TCP,1541,212,0,8,0
UDP,692,146,0,477,0
TCP,286,121,1,267,0
TCP,479,13,1,390,0
TCP,57,86,0,1271,0
TCP,298,45,0,101,0
TCP,278,60,0,96,0
TCP,584,30,0,1224,0
TCP,1879,7,0,22,0
UDP,370,187,0,1110,0
TCP,486,403,0,514,0
TCP,167,48,7,5297,1
TCP,222,151,1,334,0
UDP,764,10,0,342,0
TCP,83,4,0,118,0
ICMP,208,11,0,6,0
UDP,860,46,0,555,0
TCP,446,100,0,127,0
UDP,1392,88,0,440,0
TCP,494,200,0,402,0
TCP,190,31,0,239,0
TCP,43,17,1,539,0
TCP,1416,110,0,92,0
TCP,384,214,0,69,0
TCP,353,201,0,2050,0
UDP,119,116,0,425,0
TCP,363,95,0,417,0
UDP,55,1,0,4860,1
UDP,647,84,0,808,0
UDP,1045,45,0,1903,0
ICMP,1792,238,0,13,0
TCP,182,156,0,443,0
TCP,116,24,0,1035,0
TCP,83,2,2,348,0
TCP,50,18,0,219,0
TCP,826,143,0,143,0
TCP,265,14,1,143,0
TCP,102,0,0,44,0
UDP,349,169,0,329,0
TCP,83,38,0,19,0
ICMP,925,52,0,195,0
TCP,44,216,0,361,0
TCP,25,91,1,28,0
TCP,924,193,0,250,0
TCP,707,5,0,723,0
UDP,320,37,1,38,0
TCP,617,97,0,1411,0
TCP,37,1,0,504,0
TCP,618,144,0,335,0
TCP,120,5,0,765,0
UDP,1103,32,1,115,0
TCP,100,90,0,219,0
ICMP,988,22,0,74,0
UDP,787,140,0,56,0
TCP,26,39,0,564,0
TCP,65,129,0,411,0
TCP,3850,348,1,5547,1
UDP,465,116,0,1034,0
TCP,214,13,0,696,0
TCP,704,3,0,249,0
TCP,1407,3,0,516,0
ICMP,1080,141,0,2740,0
TCP,265,82,0,3,0
TCP,22,136,0,49,0
TCP,145,79,0,131,0
TCP,293,74,0,335,0
TCP,235,224,0,53,0
TCP,234,524,0,222,0
TCP,162,59,0,490,0
TCP,313,322,0,1043,0
TCP,820,179,0,242,0
ICMP,7,272,0,165,0
TCP,290,56,0,37,0
TCP,1490,33,0,331,0
ICMP,505,112,1,590,0
UDP,2294,16,0,1436,0
TCP,255,86,7,5163,1
TCP,156,70,1,83,1
ICMP,1258,139,2,93,0
UDP,122,48,0,32,0
TCP,969,68,0,59,0
TCP,141,211,0,332,0
TCP,684,152,0,657,0
TCP,917,306,0,848,0
UDP,1031,77,0,50,0
TCP,5509,35,0,72,1
TCP,602,28,0,324,0
TCP,5798,228,0,4458,1
ICMP,133,8,0,629,0
TCP,55,43,0,640,0
TCP,1150,102,0,502,0
TCP,119,99,0,105,0
ICMP,674,90,0,489,0
TCP,723,11,1,176,0
TCP,242,53,0,457,0
TCP,524,33,1,414,0
TCP,64,54,1,300,0
TCP,244,17,0,482,0
UDP,227,106,0,1500,0
TCP,404,140,0,256,0
TCP,327,41,0,142,0
TCP,67,50,0,204,0
TCP,345,152,0,145,0
TCP,7,261,5,159,1
UDP,288,82,0,113,0
UDP,88,63,1,883,0
TCP,76,30,0,30,0
TCP,1,22,0,92,0
TCP,3105,287,0,78,0
TCP,381,19,0,42,0
TCP,338,110,0,671,0
TCP,148,49,0,4691,0
TCP,664,41,0,28,0
TCP,453,95,0,87,0
TCP,6898,32,4,4910,1
TCP,1265,83,0,190,0
UDP,381,68,0,189,0
TCP,76,57,0,1060,0
UDP,579,137,0,418,0
UDP,2208,161,1,84,0
TCP,154,201,0,212,0
TCP,1162,89,0,241,0
TCP,508,167,0,403,0
TCP,408,204,2,552,0
TCP,32,203,0,338,0
UDP,293,183,0,7,0
UDP,287,100,0,358,0
TCP,1058,171,0,240,0
TCP,490,64,0,296,0
UDP,914,153,0,155,0
UDP,255,17,0,109,0
TCP,792,249,0,783,0
TCP,3836,24,0,164,1
TCP,336,26,0,487,0
UDP,448,20,0,197,0
UDP,8,128,0,1520,0
UDP,7,28,1,1454,0
TCP,1275,93,0,990,0
TCP,1311,45,0,57,0
TCP,1421,38,0,324,0
TCP,107,6,0,483,0
UDP,1596,36,0,129,0
TCP,705,11,0,37,0
ICMP,297,21,1,1060,0
TCP,5528,33,11,877,1
ICMP,193,55,0,368,0
ICMP,1104,84,1,172,0
UDP,525,50,0,174,0
ICMP,791,213,0,16,0
TCP,26,137,0,89,0
UDP,62,1,1,343,0
TCP,492,52,0,367,0
TCP,11,139,0,315,0
UDP,1041,156,0,139,0
TCP,499,51,0,871,0
TCP,16,213,1,54,0
TCP,735,40,0,955,0
TCP,481,88,0,672,0
TCP,1556,137,9,324,1
TCP,5981,9,0,6437,1
TCP,89,15,0,444,0
UDP,315,64,0,1469,0
TCP,335,167,6,322,1
TCP,23,5,0,124,0
TCP,192,53,1,771,0
ICMP,159,118,0,337,0
TCP,471,312,0,212,0
UDP,720,288,1,394,0
TCP,148,103,0,281,0
TCP,662,19,0,378,0
TCP,246,53,0,446,0
TCP,544,164,0,1035,0
TCP,457,38,0,10,0
TCP,805,27,0,405,0
TCP,515,271,0,277,0
TCP,102,132,0,637,0
TCP,778,79,5,7125,1
TCP,586,58,0,20,0
UDP,256,82,0,496,0
TCP,4,131,13,43,1
TCP,435,16,0,212,0
TCP,403,18,2,344,0
TCP,656,129,0,1101,0
UDP,40,95,0,465,0
UDP,278,7,0,239,0
ICMP,417,191,0,18,0
TCP,1454,81,0,574,0
ICMP,564,24,0,319,0
TCP,4514,236,5,6680,1
UDP,872,88,0,528,0
TCP,282,407,0,914,0
UDP,660,38,0,423,0
TCP,377,65,0,42,0
TCP,84,15,0,809,0
TCP,2079,163,0,82,0
TCP,349,17,0,1157,0
TCP,82,43,1,2094,0
TCP,920,38,1,261,0
TCP,543,110,0,384,0
TCP,242,24,0,14,0
TCP,165,99,0,836,0
UDP,216,240,1,138,0
TCP,7992,174,0,5486,1
ICMP,85,65,0,386,0
TCP,252,31,0,442,0
UDP,212,13,0,1386,1
TCP,13,90,1,1479,0
TCP,316,76,0,16,0
TCP,66,46,0,910,0
ICMP,317,123,1,242,0
TCP,263,16,0,154,0
TCP,461,92,0,351,0
TCP,249,8,1,40,0
TCP,219,17,0,96,0
TCP,937,242,0,1413,0
TCP,1840,51,0,172,0
TCP,233,83,0,1549,0
TCP,418,141,0,147,0
UDP,253,14,0,387,0
TCP,201,146,0,1293,0
TCP,47,4,0,2674,0
TCP,132,686,0,94,0
UDP,1612,195,0,63,0
TCP,31,122,0,154,0
ICMP,442,74,0,24,0
TCP,1102,156,0,903,0
TCP,20,63,0,445,0
TCP,203,11,0,195,0
TCP,148,150,1,1258,0
TCP,98,206,0,193,0
UDP,148,35,0,117,0
TCP,1828,60,0,483,0
TCP,217,7,0,185,0
TCP,1138,7,0,103,0
TCP,43,68,0,848,0
TCP,260,229,0,30,0
TCP,936,37,0,248,0
UDP,1858,28,0,27,0
TCP,167,17,1,338,0
TCP,226,714,0,138,0
TCP,673,14,1,801,0
TCP,563,200,0,187,0
ICMP,162,32,0,135,0
TCP,220,287,0,319,0
TCP,141,36,0,144,0
TCP,354,31,1,687,0
TCP,373,337,0,1246,0
UDP,402,93,0,124,0
TCP,612,68,0,198,0
TCP,331,14,0,633,0
UDP,4,91,0,34,0
TCP,204,24,0,609,0
UDP,533,203,0,134,0
ICMP,4533,28,7,42,1
TCP,390,183,0,591,0
TCP,42,17,0,495,0
ICMP,392,15,5,6461,1
TCP,669,4,0,85,0
TCP,335,32,0,26,0
TCP,2118,20,0,148,0
TCP,1064,21,0,61,0
TCP,203,25,0,307,0
TCP,192,22,0,266,0
TCP,6634,29,0,3168,1
TCP,252,75,0,21,0
TCP,20,1,0,729,0
TCP,247,105,0,449,0
UDP,31,44,0,707,0
TCP,19,83,0,10,0
TCP,281,109,0,717,0
TCP,686,45,0,720,0
TCP,1494,47,1,268,0
TCP,1338,79,0,802,0
TCP,1566,334,0,1440,0
TCP,27,17,0,311,0
TCP,195,82,0,183,0
TCP,169,41,0,311,0
TCP,77,4,0,401,0
TCP,853,73,0,467,0
UDP,281,57,0,1563,0
TCP,417,259,0,1494,0
TCP,171,6,0,245,0
TCP,583,0,0,1334,0
TCP,888,301,0,931,0
TCP,562,26,0,93,0
TCP,558,5,0,3026,0
TCP,804,169,0,278,0
TCP,1839,39,0,249,0
TCP,238,33,1,266,0
TCP,304,160,0,281,0
TCP,333,177,0,483,0
TCP,94,10,1,185,0
TCP,657,91,0,117,0
UDP,661,27,0,1420,0
TCP,77,236,0,235,0
TCP,161,50,0,619,0
TCP,86,53,0,1503,0
ICMP,492,109,0,349,0
UDP,430,15,0,169,0
ICMP,466,50,0,10,1
TCP,714,112,0,498,0
TCP,988,0,0,204,0
TCP,469,90,0,326,0
TCP,126,145,0,320,0
TCP,1066,25,0,200,0
ICMP,1189,25,0,57,0
TCP,1042,21,0,85,0
TCP,817,41,0,215,0
TCP,138,282,0,187,0
TCP,400,34,0,431,0
TCP,4,17,0,15,0
TCP,490,19,0,23,0
TCP,281,220,0,305,0
TCP,104,26,0,587,0
UDP,823,13,0,585,0
TCP,623,50,0,926,0
TCP,1366,147,0,908,0
TCP,296,53,0,46,0
ICMP,695,77,0,225,0
TCP,24,62,0,687,0
TCP,198,4,0,167,0
TCP,371,165,0,128,0
TCP,253,165,0,193,0
TCP,644,12,0,651,0
TCP,18,206,0,452,0
TCP,52,257,0,701,0
TCP,62,261,0,99,0
TCP,290,32,0,19,0
UDP,498,167,0,1265,0
UDP,999,6,0,350,0
ICMP,323,64,0,593,0
ICMP,133,69,0,8,0
TCP,1782,204,1,1669,0
UDP,1107,69,0,502,0
TCP,438,188,0,1022,0
TCP,776,69,0,311,0
UDP,739,190,0,649,0
TCP,108,7,0,655,0
TCP,171,1,0,1796,0
UDP,5343,160,0,67,1
UDP,232,27,1,149,0
UDP,909,123,0,763,0
TCP,3029,122,0,468,0
ICMP,78,527,0,403,0
TCP,109,131,0,144,0
TCP,1234,48,0,53,0
ICMP,75,135,0,521,0
TCP,875,102,0,1002,0
TCP,359,44,0,844,0
TCP,93,89,0,1365,0
TCP,236,141,0,504,0
TCP,577,125,0,594,0
UDP,209,202,0,913,0
TCP,1527,18,0,182,0
TCP,94,26,0,1593,0
TCP,302,121,0,293,0
TCP,634,53,0,666,0
TCP,587,20,0,111,0
TCP,371,63,0,355,0
TCP,967,28,1,1502,0
TCP,1376,218,0,53,0
TCP,612,49,0,650,0
TCP,202,48,0,493,0
TCP,2122,54,0,495,0
TCP,284,116,0,1338,0
ICMP,155,55,0,399,0
TCP,160,27,0,391,0
TCP,148,24,0,403,0
TCP,66,175,0,1876,0
ICMP,47,51,0,126,0
UDP,265,40,0,506,0
ICMP,514,256,1,471,0
UDP,103,97,0,1561,0
TCP,403,241,0,286,0
TCP,318,147,0,220,0
UDP,985,204,0,76,0
TCP,426,238,0,565,0
UDP,104,159,0,341,0
TCP,30,326,0,49,0
TCP,501,94,0,193,0
TCP,4343,89,0,333,0
UDP,37,45,1,409,0
TCP,431,171,0,68,0
UDP,688,74,0,715,0
TCP,154,16,0,1059,0
TCP,638,45,0,672,0
TCP,133,180,0,937,0
TCP,84,237,0,468,0
TCP,186,32,0,68,0
TCP,399,17,1,170,0
UDP,1343,183,0,321,0
UDP,589,112,0,1694,0
UDP,832,9,0,43,0
TCP,221,48,1,465,0
TCP,391,9,0,1652,0
TCP,1076,153,0,1808,0
ICMP,726,300,0,377,0
UDP,372,4,0,166,0
TCP,480,13,0,889,0
TCP,483,43,0,80,0
TCP,285,13,0,725,0
TCP,157,7,0,224,0
TCP,60,83,0,257,0
TCP,123,53,0,606,0
UDP,973,71,0,451,0
TCP,383,237,0,392,0
TCP,42,444,0,142,0
TCP,190,236,0,1073,0
TCP,274,26,0,639,0
TCP,72,659,0,176,0
TCP,274,281,0,286,0
TCP,126,355,0,594,0
TCP,130,116,0,114,0
ICMP,565,198,0,98,0
TCP,310,37,0,537,0
TCP,415,55,0,121,0
UDP,326,79,0,22,0
TCP,902,214,0,642,0
UDP,1132,152,0,690,0
TCP,157,54,0,606,0
UDP,627,10,1,772,0
TCP,23,30,0,379,0
TCP,221,484,0,207,0
UDP,131,88,1,732,0
TCP,1065,1,0,90,0
TCP,773,15,0,242,0
TCP,69,8,1,696,0
TCP,127,92,0,718,0
UDP,948,3,0,14,0
UDP,435,102,0,102,0
TCP,66,22,0,140,0
ICMP,40,90,5,7062,1
TCP,833,18,0,1131,0
TCP,39,19,0,38,0
UDP,268,4,0,574,0
TCP,1688,139,0,286,0
UDP,1752,65,0,208,0
UDP,15,72,0,26,0
ICMP,1,130,0,69,0
ICMP,2046,104,0,1,0
TCP,304,22,0,1182,0
TCP,342,32,0,1293,0
TCP,2265,208,0,57,0
TCP,488,58,0,65,0
TCP,354,2,1,344,0
TCP,616,109,0,200,0
TCP,507,14,0,124,0
UDP,284,36,5,5429,1
ICMP,471,7,0,9,0
TCP,59,77,0,425,0
TCP,1317,85,0,238,0
ICMP,24,77,0,136,0
TCP,79,5,0,573,0
TCP,94,5,0,419,0
TCP,852,42,0,17,0
TCP,480,257,0,829,0
TCP,5,88,0,93,0
TCP,1667,111,0,135,0
ICMP,1551,24,0,1669,0
TCP,736,101,0,352,0
TCP,18,89,0,749,0
TCP,108,72,0,570,0
TCP,515,129,0,1334,0
UDP,710,78,0,613,0
TCP,930,12,0,295,0
TCP,1676,30,0,33,0
UDP,426,233,0,44,0
TCP,249,13,0,190,0
TCP,182,28,1,1231,0
TCP,214,57,0,395,0
UDP,1186,22,0,106,0
TCP,276,47,0,213,0
ICMP,1020,56,0,265,0
UDP,290,7,0,1505,0
TCP,939,56,0,136,0
TCP,503,66,0,11,0
TCP,28,17,0,737,0
UDP,867,160,0,43,0
UDP,91,270,0,12,0
TCP,827,3,0,31,0
UDP,889,58,0,2683,0
TCP,176,88,0,178,0
TCP,2697,61,0,20,0
UDP,358,224,0,587,0
TCP,87,102,0,681,0
UDP,593,17,0,109,0
TCP,163,338,0,182,0
TCP,78,123,0,121,0
TCP,848,4,0,641,0
TCP,792,179,0,1760,0
TCP,16,77,0,212,0
UDP,183,140,0,387,0
TCP,1813,166,0,958,0
TCP,559,29,1,1101,0
TCP,757,286,0,78,0
ICMP,319,80,0,390,0
TCP,369,165,0,94,0
TCP,7,320,1,99,0
TCP,671,280,0,102,0
TCP,125,26,0,1039,1
TCP,620,26,0,197,0
TCP,1008,22,0,514,0
TCP,558,12,0,643,0
TCP,501,3,0,1388,0
UDP,625,232,0,95,0
TCP,218,12,0,54,0
UDP,92,116,6,5855,1
TCP,360,21,0,19,0
TCP,119,199,0,1407,0
TCP,161,43,0,30,0
UDP,3314,167,0,116,0
TCP,125,374,0,1416,0
TCP,253,33,0,26,0
TCP,844,11,0,159,0
UDP,243,215,0,397,0
TCP,604,86,0,404,0
TCP,405,67,0,172,0
TCP,170,27,0,393,0
TCP,378,53,0,165,0
TCP,1379,211,0,4,0
TCP,48,96,0,310,0
TCP,266,86,0,139,0
TCP,1046,2,0,1226,0
UDP,33,39,0,879,0
TCP,233,227,0,291,0
TCP,7178,187,0,263,1
ICMP,113,87,0,222,0
TCP,1634,14,0,1480,0
TCP,567,220,0,604,0
TCP,72,108,2,721,0
UDP,154,311,0,1269,0
UDP,1327,239,0,731,0
TCP,282,28,0,227,0
UDP,804,72,0,7250,1
TCP,121,69,1,268,0
TCP,250,27,0,53,0
TCP,1229,37,1,87,0
TCP,38,323,0,1029,0
TCP,882,6,0,123,0
TCP,1085,189,1,517,0
UDP,81,125,0,1569,0
UDP,165,7,0,880,0
TCP,2173,63,0,35,0
ICMP,561,45,0,210,0
UDP,452,61,0,254,0
TCP,256,58,0,1319,0
UDP,373,47,0,489,0
TCP,548,25,0,277,0
TCP,618,140,0,1073,0
TCP,2334,8,0,2185,0
TCP,897,353,0,54,0
TCP,1085,205,1,184,0
TCP,164,10,0,529,0
TCP,144,54,1,266,0
ICMP,257,160,2,145,0
TCP,174,133,0,6,0
TCP,205,97,0,937,0
TCP,509,42,0,787,0
TCP,518,75,0,37,0
TCP,367,98,0,333,0
TCP,489,10,0,946,0
UDP,1161,21,0,91,0
TCP,300,9,0,53,0
TCP,447,15,0,91,1
ICMP,324,407,0,317,0
TCP,119,123,1,654,0
TCP,1364,427,0,979,0
TCP,192,29,0,258,0
UDP,89,23,1,784,0
TCP,642,135,0,425,0
TCP,333,157,1,128,0
TCP,585,173,0,40,0
TCP,174,373,0,169,0
UDP,1428,21,0,379,0
TCP,1249,252,1,341,0
ICMP,681,61,1,244,0
TCP,334,85,0,438,0
TCP,136,246,0,1827,0
TCP,1193,44,0,214,0
ICMP,181,214,0,45,0
ICMP,957,67,0,525,0
ICMP,378,41,0,47,0
TCP,204,22,6,716,1
TCP,427,264,0,11,0
TCP,283,12,0,699,0
TCP,209,5,0,244,0
UDP,974,158,0,1116,0
TCP,26,12,0,205,0
TCP,439,15,0,108,0
TCP,4572,131,6,6156,1
ICMP,43,70,0,214,0
TCP,366,27,1,454,0
TCP,428,150,0,10,0
TCP,5339,31,6,5158,1
TCP,1826,125,1,1305,0
TCP,472,143,0,312,0
TCP,682,112,0,532,0
UDP,387,8,0,136,0
TCP,761,70,0,1031,0
UDP,1862,13,0,2737,0
UDP,610,93,1,548,0
TCP,172,79,0,630,0
ICMP,975,29,0,355,0
TCP,145,302,1,364,0
TCP,822,236,0,275,0
TCP,1381,186,0,384,0
TCP,239,88,0,643,0
TCP,1321,92,0,266,0
UDP,186,17,0,265,0
TCP,493,327,0,311,0
TCP,1610,393,0,470,0
TCP,1361,150,0,971,0
ICMP,23,305,1,28,0
TCP,1023,40,10,1213,1
UDP,48,222,0,1974,0
UDP,30,1,0,53,0
TCP,933,204,0,157,0
TCP,99,33,0,34,0
TCP,303,113,5,5065,1
ICMP,689,119,0,260,0
UDP,487,12,0,145,0
ICMP,34,20,0,150,0
TCP,635,30,0,595,0
TCP,454,114,0,140,0
UDP,500,323,0,727,0
TCP,742,85,1,252,0
UDP,3275,34,7,5045,1
TCP,715,7,0,128,0
UDP,118,46,0,43,0
TCP,625,24,0,921,0
TCP,563,62,0,157,0
TCP,469,114,0,722,0
TCP,575,50,0,724,0
TCP,234,43,0,320,0
UDP,134,147,0,1771,0
UDP,33,129,0,382,0
UDP,923,62,0,377,0
UDP,736,169,0,618,0
UDP,384,78,0,1119,0
UDP,749,53,0,314,0
UDP,722,305,0,90,0
UDP,637,26,0,153,0
ICMP,1449,32,0,531,0
ICMP,1310,6,0,30,0
ICMP,283,122,0,269,0
TCP,182,8,0,264,0
UDP,1383,324,0,292,0
TCP,1305,85,0,78,0
TCP,951,36,0,857,0
TCP,1683,32,0,43,0
ICMP,195,123,0,531,0
UDP,982,262,0,1481,0
TCP,18,31,0,55,0
TCP,173,81,0,933,0
TCP,283,16,0,1,0
UDP,758,71,0,1484,0
TCP,216,1,0,163,0
UDP,0,59,0,1,0
TCP,689,144,0,234,0
TCP,426,190,0,366,0
TCP,981,91,0,315,0
ICMP,153,215,1,386,0
UDP,96,176,0,199,0
TCP,312,94,0,224,0
UDP,300,132,0,236,0
UDP,206,23,0,2,0
TCP,893,68,0,1206,0
TCP,418,63,0,812,0
TCP,773,93,0,462,0
TCP,141,60,0,503,0
TCP,380,35,0,789,0
ICMP,886,72,0,78,0
ICMP,524,20,0,1019,0
TCP,1586,260,1,156,0
TCP,5034,350,0,7818,1
UDP,259,447,0,79,0
TCP,386,52,0,183,0
UDP,1102,74,0,1047,0
TCP,218,39,1,46,0
UDP,235,26,0,1024,0
ICMP,377,135,0,339,0
TCP,341,144,0,1351,0
TCP,332,118,0,113,0
TCP,872,90,0,1271,0
TCP,266,1,0,1928,0
TCP,8,251,0,41,0
ICMP,1427,265,1,678,0
UDP,48,109,0,20,0
ICMP,113,181,0,387,0
TCP,88,10,0,421,0
TCP,443,181,1,71,0
TCP,50,141,0,617,0
TCP,1025,30,0,763,0
TCP,66,134,0,58,0
UDP,475,19,0,211,0
TCP,179,18,0,361,0
TCP,669,22,0,676,0
UDP,15,63,0,13,0
UDP,403,47,1,1682,0
TCP,531,207,0,34,0
TCP,239,12,0,123,0
TCP,104,103,0,471,0
ICMP,8,23,1,728,0
UDP,61,226,0,3472,0
TCP,237,42,0,1275,0
UDP,204,195,1,164,0
TCP,1342,23,0,208,0
UDP,74,29,7,60,1
UDP,34,9,0,35,0
UDP,67,4,0,182,0
TCP,107,218,0,802,0
TCP,450,247,0,181,0
ICMP,200,7,0,629,0
TCP,298,3,0,881,0
UDP,118,135,0,1,0
TCP,863,4,0,433,0
TCP,9,32,0,216,0
UDP,226,15,0,358,0
TCP,244,65,0,189,0
TCP,668,17,0,363,0
TCP,652,95,0,1295,0
TCP,1590,32,0,252,0
TCP,627,129,0,181,0
TCP,1050,36,0,1476,0
TCP,401,5,0,5,0
TCP,276,213,0,1207,0
TCP,735,30,1,271,0
TCP,332,5,0,4306,1
UDP,629,76,0,489,0
TCP,189,157,0,195,0
TCP,665,50,0,1031,0
TCP,364,8,0,728,0
TCP,111,72,1,1133,0
TCP,625,47,0,373,0
TCP,181,0,0,70,0
TCP,76,26,0,1472,0
TCP,1280,260,0,131,0
TCP,805,3,0,52,0
TCP,53,251,0,1223,0
TCP,29,116,0,214,0
TCP,1083,48,0,90,0
TCP,111,41,0,57,0
TCP,898,182,0,525,0
TCP,283,499,0,455,0
UDP,6548,84,0,3768,1
TCP,99,37,0,293,0
ICMP,2791,109,0,376,0
TCP,2,156,0,188,0
UDP,903,104,0,2960,0
TCP,126,1,0,5,0
TCP,131,38,0,96,0
UDP,722,15,0,721,0
TCP,185,213,0,39,0
UDP,646,31,0,744,0
TCP,180,34,1,312,0
TCP,194,191,0,157,0
TCP,513,304,0,867,0
ICMP,112,96,1,107,0
TCP,544,26,0,383,0
TCP,33,36,0,142,0
TCP,64,153,1,1263,0
TCP,563,92,0,1757,0
UDP,570,39,1,958,0
TCP,82,270,0,4077,0
TCP,140,49,0,507,0
TCP,1165,15,0,797,0
TCP,691,35,0,902,0
TCP,5,4,0,133,0
TCP,153,87,0,612,0
TCP,501,118,0,333,0
ICMP,67,53,0,672,0
TCP,975,44,0,362,0
TCP,965,328,0,997,0
ICMP,1650,47,0,98,0
TCP,74,106,0,39,0
TCP,210,163,1,940,0
UDP,1404,44,0,860,0
ICMP,394,259,0,263,0
TCP,483,132,0,183,0
TCP,77,50,0,1223,0
ICMP,824,103,0,2813,0
TCP,135,112,0,243,0
UDP,31,269,0,190,0
TCP,177,104,0,906,0
TCP,269,128,0,220,0
TCP,212,45,0,92,0
ICMP,313,39,0,43,0
UDP,161,91,0,28,0
TCP,23,167,0,719,0
TCP,2497,30,0,240,0
TCP,1295,46,0,763,0
TCP,237,274,0,782,0
UDP,146,19,0,1251,0
TCP,531,33,0,359,0
TCP,989,177,0,19,0
TCP,882,9,0,437,0
TCP,682,6,0,396,0
TCP,1740,48,0,510,0
UDP,173,477,0,658,0
TCP,117,58,0,221,0
TCP,528,1,0,478,0
TCP,352,72,0,165,0
TCP,211,39,0,222,0
UDP,139,136,0,526,0
TCP,872,14,0,81,0
TCP,68,30,0,43,0
UDP,108,272,0,215,0
UDP,78,11,0,209,0
UDP,550,106,0,931,0
TCP,1207,77,0,107,0
TCP,29,40,0,139,0
TCP,327,103,0,506,0
UDP,617,54,0,49,0
TCP,187,23,0,192,0
TCP,40,95,0,563,0
TCP,224,143,0,387,0
TCP,943,339,0,818,0
UDP,319,105,0,216,0
ICMP,37,79,0,139,0
UDP,19,117,0,442,0
TCP,231,168,0,147,0
UDP,149,122,0,604,0
TCP,6503,14,0,4997,1
TCP,424,34,0,606,0
UDP,122,26,1,244,0
TCP,5953,12,6,6310,1
TCP,272,21,0,79,0
TCP,450,173,0,107,0
TCP,663,181,0,570,0
TCP,498,29,0,1960,0
TCP,1070,25,0,334,0
UDP,936,62,0,208,0
UDP,322,6,1,942,0
TCP,827,110,0,631,0
TCP,91,81,1,5,0
ICMP,313,184,1,209,0
TCP,4563,52,4,56,1
UDP,638,61,0,4,0
TCP,284,67,0,428,0
TCP,321,50,0,503,0
TCP,657,197,0,570,0
UDP,2,309,0,23,0
TCP,2348,253,0,891,0
UDP,181,12,0,135,0
UDP,41,232,1,318,0
TCP,86,262,0,199,0
TCP,717,71,0,790,0
TCP,958,245,0,45,0
TCP,555,28,0,233,0
TCP,543,3,1,1637,0
TCP,923,37,1,261,0
TCP,1144,11,0,91,0
TCP,273,3,0,16,0
TCP,312,13,1,1479,0
UDP,4796,8,8,527,1
TCP,162,102,0,145,0
TCP,100,20,0,335,0
UDP,974,96,0,360,0
TCP,460,78,0,479,0
TCP,8,62,0,329,0
TCP,417,23,0,656,0
UDP,893,86,0,72,0
TCP,168,108,0,40,0
TCP,826,68,0,43,0
TCP,5046,11,8,408,1
ICMP,759,98,0,487,0
TCP,145,122,0,264,0
UDP,8,46,0,33,0
TCP,112,36,0,323,0
TCP,687,59,0,44,0
TCP,50,100,0,1483,0
TCP,5513,316,0,4199,1
UDP,65,48,0,870,0
UDP,201,7,0,1620,0
TCP,750,8,0,892,0
TCP,1501,152,0,2,0
TCP,746,19,0,256,0
TCP,258,90,0,25,0
TCP,95,20,0,897,0
TCP,567,99,0,1267,0
TCP,389,68,0,396,0
ICMP,187,25,0,63,0
UDP,227,40,1,1465,0
TCP,1005,52,0,316,0
TCP,27,182,0,371,0
ICMP,424,17,0,210,0
TCP,763,81,0,604,0
UDP,531,211,0,217,0
TCP,1149,99,0,88,0
TCP,930,34,0,793,0
TCP,162,17,0,105,0
TCP,308,19,0,30,0
TCP,38,35,0,673,0
ICMP,10,218,0,176,0
TCP,437,99,0,167,0
UDP,78,62,0,1,0
ICMP,784,43,2,78,0
TCP,514,29,0,603,0
TCP,299,12,0,132,0
TCP,312,30,0,1174,0
ICMP,380,230,0,428,0
ICMP,230,3,0,1166,0
UDP,637,339,0,908,0
TCP,355,2,0,1380,0
TCP,401,262,0,212,0
UDP,89,24,1,450,0
TCP,309,18,0,274,0
TCP,643,131,0,313,0
TCP,123,78,0,4944,1
TCP,38,194,0,292,0
TCP,2954,126,0,173,0
TCP,92,107,0,1577,0
TCP,1566,100,1,189,0
TCP,154,19,0,1720,0
TCP,366,105,0,276,0
UDP,288,85,0,850,0
ICMP,79,52,0,197,0
TCP,327,207,0,359,0
TCP,453,133,0,382,0
TCP,206,57,1,68,0
UDP,84,262,0,66,0
TCP,369,32,0,122,0
TCP,364,15,0,146,0
ICMP,28,37,0,369,0
TCP,3,46,0,121,0
ICMP,311,101,0,577,0
TCP,4759,198,4,6173,1
TCP,370,90,0,379,0
TCP,168,29,0,43,0
TCP,1610,11,0,2184,0
UDP,503,20,0,111,0
TCP,200,210,0,1663,0
TCP,1258,117,0,472,0
TCP,329,54,0,331,0
TCP,135,27,0,952,0
TCP,300,191,0,1171,0
UDP,320,11,0,64,0
TCP,1322,34,0,658,0
TCP,716,27,0,219,0
TCP,24,174,0,1002,0
UDP,714,205,0,570,0
ICMP,97,149,1,36,0
TCP,879,118,1,102,0
ICMP,7,175,5,5610,1
TCP,1803,57,0,216,0
UDP,535,78,0,1680,0
TCP,38,69,0,387,0
TCP,22,75,1,231,0
UDP,33,52,0,123,0
TCP,61,87,1,631,0
TCP,287,79,0,288,0
ICMP,32,12,0,650,0
TCP,195,24,0,305,0
TCP,28,65,0,51,0
UDP,2959,32,0,212,0
ICMP,68,57,0,719,0
TCP,634,29,1,924,0
UDP,81,36,0,256,0
TCP,146,49,0,712,0
ICMP,169,11,0,32,0
UDP,1915,32,0,244,0
TCP,423,46,0,463,0
TCP,193,76,0,50,0
TCP,5643,15,0,755,1
TCP,95,119,0,4389,1
ICMP,37,24,0,115,0
TCP,702,129,0,1316,0
UDP,180,6,0,343,0
TCP,4928,67,10,6038,1
TCP,526,38,0,10,0
TCP,321,36,1,366,0
TCP,223,46,0,138,0
UDP,120,165,0,914,0
TCP,873,145,0,170,0
TCP,715,221,0,143,0
TCP,1078,4,0,561,0
TCP,450,410,0,1221,0
TCP,100,27,0,79,0
TCP,346,104,0,723,0
TCP,163,14,1,423,0
TCP,7,2,0,830,0
TCP,1723,53,0,219,0
TCP,372,344,0,625,0
TCP,65,58,0,250,0
TCP,186,55,0,229,0
UDP,231,56,0,48,0
TCP,371,188,0,549,0
ICMP,235,48,1,925,0
TCP,669,255,0,610,0
TCP,104,38,0,35,0
TCP,320,32,0,5,0
TCP,1418,23,0,22,0
TCP,521,107,0,618,0
TCP,138,42,0,443,0
TCP,992,43,0,442,0
TCP,295,84,0,509,0
TCP,238,9,0,1277,0
TCP,400,48,0,85,0
TCP,5062,84,7,662,1
TCP,273,52,0,2394,0
UDP,47,52,0,270,0
TCP,64,43,0,2090,0
TCP,301,113,0,435,0
TCP,545,173,0,257,0
TCP,262,15,0,1173,0
TCP,186,6,0,5371,1
TCP,465,71,1,71,0
TCP,227,111,1,310,0
TCP,67,69,0,441,0
TCP,76,25,0,1885,0
TCP,1568,95,0,571,0
ICMP,143,40,0,1530,0
TCP,211,4,1,320,0
TCP,293,42,0,271,0
TCP,1087,236,1,227,0
TCP,201,186,0,876,0
UDP,943,155,1,1257,0
UDP,38,195,0,30,0
TCP,1626,54,0,138,0
TCP,160,16,0,1347,0
TCP,105,25,0,487,0
TCP,334,2,0,118,0
TCP,99,89,0,693,0
UDP,177,59,0,593,0
TCP,29,67,0,961,0
ICMP,364,13,0,6097,1
TCP,202,114,0,1056,1
TCP,76,187,1,369,0
ICMP,966,1,0,448,0
TCP,284,178,1,4,0
TCP,603,313,2,739,0
ICMP,165,62,0,306,0
TCP,157,37,0,54,0
TCP,407,539,0,956,0
ICMP,512,33,0,1623,0
TCP,409,71,0,826,0
TCP,618,121,0,113,0
TCP,324,69,0,345,0
TCP,196,207,0,171,0
ICMP,90,96,0,34,0
ICMP,26,154,0,82,0
TCP,165,100,0,38,0
UDP,342,12,5,587,1
UDP,156,152,0,57,0
TCP,1215,139,0,30,0
TCP,1110,53,0,115,0
UDP,1410,46,0,1085,0
TCP,3105,134,0,361,0
TCP,614,37,0,136,0
TCP,284,16,0,283,0
TCP,2,172,0,636,0
TCP,731,113,0,1035,0
ICMP,1185,21,0,214,0
TCP,928,108,0,354,0
UDP,318,32,0,61,0
ICMP,510,58,0,51,0
TCP,465,292,0,478,0
ICMP,21,163,0,842,0
TCP,1487,6,0,506,0
TCP,244,115,0,1637,0
TCP,32,3,0,76,0
TCP,112,48,0,41,0
TCP,857,93,0,23,0
TCP,348,122,6,1005,1
TCP,923,7,0,610,0
TCP,405,129,0,219,0
TCP,71,46,0,281,0
TCP,1584,65,0,373,0
TCP,0,128,0,247,0
TCP,1052,244,0,19,0
TCP,235,169,0,191,0
TCP,20,58,0,279,0
TCP,632,95,0,669,0
TCP,249,17,1,459,0
ICMP,1265,94,0,349,0
UDP,101,366,0,83,0
UDP,148,32,0,1310,0
TCP,219,136,0,1038,0
TCP,280,180,0,280,0
UDP,151,123,0,277,0
TCP,273,66,0,969,0
TCP,281,17,0,809,0
UDP,518,201,0,407,0
UDP,524,77,0,51,0
TCP,216,39,0,129,0
TCP,568,112,0,205,0
UDP,251,45,0,27,0
TCP,1103,59,0,423,0
TCP,331,244,0,246,0
TCP,750,117,0,30,0
TCP,232,21,0,29,0
UDP,428,8,0,218,0
TCP,1260,61,0,523,0
TCP,849,37,0,2656,0
TCP,193,90,0,540,0
ICMP,37,57,1,569,0
TCP,10,163,1,33,0
TCP,927,124,0,144,0
UDP,230,0,0,1129,0
TCP,77,267,2,13,0
TCP,1112,139,0,166,0
ICMP,317,7,0,579,0
UDP,885,184,3,5822,1
TCP,31,743,0,1550,0
TCP,1397,43,0,240,0
TCP,1892,7,0,60,0
TCP,126,77,0,67,0
TCP,1473,24,0,9,0
TCP,671,14,0,755,0
TCP,638,53,0,1269,0
ICMP,568,44,0,229,0
TCP,442,245,0,391,0
UDP,792,46,0,152,0
TCP,192,41,0,304,0
TCP,129,62,0,459,0
TCP,128,78,0,667,0
TCP,1284,113,0,80,0
TCP,242,79,0,253,0
ICMP,571,30,0,83,0
TCP,732,221,0,17,0
TCP,485,64,0,711,0
TCP,575,45,0,596,0
UDP,2961,29,1,573,1
TCP,200,4,0,215,0
UDP,798,238,0,306,0
TCP,1394,50,1,547,0
TCP,1995,19,0,17,0
TCP,113,21,1,399,0
ICMP,1125,62,0,260,0
TCP,1044,180,0,1815,0
TCP,1888,192,0,68,0
TCP,1176,89,1,238,0
TCP,28,73,0,379,0
TCP,67,261,0,993,0
TCP,898,41,0,223,0
TCP,786,5,0,239,0
TCP,211,19,0,199,0
TCP,444,75,0,1152,0
ICMP,74,13,1,1818,0
TCP,667,43,0,234,0
TCP,1745,103,0,647,0
TCP,85,30,0,539,0
TCP,494,121,0,338,0
TCP,15,148,0,289,0
UDP,601,30,0,612,0
UDP,197,484,0,43,0
ICMP,91,35,0,105,0
UDP,597,146,0,554,0
TCP,1592,262,0,259,0
TCP,1376,108,0,604,0
TCP,579,219,1,257,0
TCP,202,22,0,846,0
TCP,946,62,0,494,0
TCP,83,10,0,351,0
UDP,72,33,0,371,0
UDP,1073,244,0,368,0
TCP,1,19,0,381,0
TCP,595,129,0,219,0
TCP,218,202,1,1018,0
ICMP,20,225,0,554,0
TCP,40,29,0,216,0
TCP,35,6,0,363,0
TCP,30,84,4,7422,1
TCP,294,53,0,775,0
TCP,179,51,0,1996,0
TCP,1295,6,0,742,0
UDP,364,52,0,301,0
TCP,666,75,0,8,0
ICMP,578,176,0,483,0
TCP,1226,24,5,425,1
ICMP,527,94,1,884,0
ICMP,47,264,0,4997,1
UDP,75,48,0,1341,0
TCP,81,78,0,239,0
ICMP,1102,15,0,568,0
TCP,453,28,0,237,0
UDP,188,32,0,1062,0
TCP,122,16,0,86,0
ICMP,149,9,0,551,0
TCP,15,4,0,462,0
UDP,11,32,0,67,0
ICMP,190,41,0,885,0
TCP,76,199,0,308,0
TCP,903,10,1,76,0
TCP,125,49,1,313,0
TCP,116,23,0,407,0
ICMP,1,110,0,571,0
TCP,590,51,0,95,0
TCP,223,3,0,786,0
UDP,2093,86,0,273,0
UDP,164,11,0,687,0
TCP,206,319,0,364,0
TCP,578,0,0,273,0
ICMP,1057,142,0,620,0
TCP,4540,212,0,6212,1
TCP,4466,161,3,6717,1
TCP,68,67,0,69,0
TCP,306,40,0,315,0
TCP,51,187,0,4702,1
TCP,192,10,0,1126,0
TCP,272,207,0,1480,0
TCP,194,36,0,225,0
TCP,816,12,0,729,0
TCP,88,67,0,758,0
TCP,1050,4,0,489,0
TCP,783,81,0,592,0
TCP,476,161,0,85,0
TCP,432,151,0,529,0
UDP,786,63,0,600,0
UDP,510,114,0,1228,0
TCP,65,35,0,128,0
UDP,353,33,0,397,0
UDP,1775,289,0,1160,0
TCP,20,263,0,1034,0
ICMP,178,125,0,178,0
TCP,412,151,0,570,0
TCP,322,23,0,22,0
TCP,556,17,0,1526,0
UDP,20,15,0,460,0
TCP,751,82,0,633,0
TCP,51,162,0,249,0
TCP,407,375,0,154,0
ICMP,527,127,0,263,0
TCP,48,71,0,279,0
ICMP,6328,14,0,5995,1
TCP,915,66,0,290,0
TCP,684,83,1,4780,1
ICMP,141,77,0,1152,0
TCP,150,149,0,11,0
TCP,1528,36,3,3545,1
ICMP,815,215,0,546,0
UDP,170,54,0,589,0
UDP,41,72,0,329,0
TCP,498,55,0,825,0
TCP,224,32,0,364,0
TCP,166,9,0,432,0
TCP,886,34,0,634,0
TCP,331,6,0,13,0
UDP,209,202,0,1135,0
TCP,243,265,0,498,0
ICMP,902,57,0,329,0
TCP,241,14,0,437,0
TCP,554,16,0,1065,0
TCP,109,54,0,377,0
TCP,232,158,0,2884,0
TCP,1232,60,0,791,0
UDP,439,85,0,270,0
TCP,1354,45,0,244,0
TCP,733,30,0,213,0
TCP,8,367,0,224,0
TCP,318,26,0,1400,0
TCP,896,168,0,627,0
TCP,21,21,0,1784,0
TCP,619,159,0,5,0
TCP,911,109,0,235,0
TCP,634,20,0,927,0
TCP,349,69,0,36,0
UDP,206,49,0,661,0
UDP,1057,231,0,309,0
TCP,306,113,0,161,0
TCP,130,56,0,229,0
UDP,4491,83,8,6,1
TCP,506,106,0,141,0
TCP,296,66,0,1975,0
ICMP,193,65,1,349,0
TCP,423,32,0,3021,0
ICMP,362,150,0,696,0
TCP,366,86,0,515,0
TCP,112,92,1,1502,0
TCP,722,84,0,902,0
TCP,32,5,0,370,0
TCP,435,23,0,821,0
UDP,156,124,0,1,0
TCP,45,415,0,508,0
TCP,1293,17,0,137,0
UDP,189,29,1,63,0
UDP,108,126,1,49,0
TCP,290,108,0,88,0
ICMP,432,47,0,1373,0
TCP,201,218,0,585,0
TCP,777,54,1,261,0
TCP,10,75,0,159,0
UDP,115,67,0,1568,0
TCP,260,93,0,309,0
UDP,57,139,0,2942,0
TCP,157,142,0,235,1
UDP,39,28,0,293,0
TCP,14,69,0,516,0
TCP,681,60,0,220,0
TCP,654,28,0,359,0
UDP,994,244,0,144,0
TCP,43,24,0,227,0
UDP,243,32,0,564,0
UDP,193,19,0,70,0
UDP,643,4,0,396,0
TCP,327,533,0,1290,0
TCP,822,230,1,451,0
TCP,3,22,0,146,0
UDP,118,22,0,536,0
TCP,1090,175,0,161,0
TCP,405,50,0,100,0
TCP,21,217,0,222,0
TCP,350,9,0,347,0
TCP,587,156,0,287,0
TCP,443,5,0,569,0
TCP,832,87,0,82,0
TCP,209,131,0,148,0
TCP,57,251,0,1169,0
TCP,193,138,0,1506,0
TCP,6123,132,4,3705,1
TCP,92,15,0,213,0
TCP,1288,55,0,77,0
TCP,27,66,0,340,0
ICMP,1046,75,0,232,0
TCP,885,162,0,25,0
TCP,95,223,0,781,0
TCP,546,3,0,104,0
TCP,90,382,0,4,0
TCP,110,87,0,88,0
UDP,405,108,1,34,0
TCP,2336,270,0,309,0
TCP,280,267,0,1595,0
TCP,346,123,0,31,0
TCP,1691,29,0,96,0
ICMP,394,474,0,298,0
TCP,447,8,0,360,0
TCP,467,143,0,308,0
TCP,22,7,0,144,0
UDP,425,36,0,544,0
TCP,127,24,0,349,0
TCP,574,43,0,18,0
UDP,511,173,0,28,0
TCP,120,9,0,1117,0
TCP,65,99,0,782,0
TCP,610,179,0,492,0
TCP,38,38,1,720,0
TCP,725,22,0,1550,0
TCP,435,3,0,314,0
TCP,260,49,1,28,0
TCP,1396,51,0,155,0
UDP,117,5,0,1450,0
ICMP,75,136,0,226,0
TCP,5869,50,8,73,1
TCP,1667,183,0,596,0
ICMP,205,50,0,841,0
UDP,149,11,0,275,0
TCP,194,272,0,257,0
TCP,92,254,0,1406,0
TCP,1403,304,0,620,0
TCP,10,5,0,222,0
TCP,1,2,0,582,0
UDP,1728,23,1,568,0
UDP,226,28,0,160,0
TCP,195,102,0,414,0
TCP,807,75,0,1250,0
TCP,776,4,0,1062,0
TCP,339,19,0,1309,0
UDP,418,311,0,628,0
TCP,108,89,0,300,0
UDP,646,229,0,23,0
TCP,470,157,0,278,0
TCP,0,10,0,48,0
TCP,524,93,0,153,0
TCP,249,222,0,345,0
TCP,802,117,0,720,0
TCP,665,206,0,553,0
UDP,520,148,0,707,0
TCP,1062,78,0,78,0
TCP,252,238,0,241,0
TCP,222,100,0,90,0
TCP,417,1,0,823,0
UDP,140,178,0,191,0
TCP,37,73,0,1134,0
UDP,165,90,0,580,0
TCP,2191,16,0,640,0
TCP,253,107,0,542,0
TCP,855,43,0,1062,0
TCP,687,123,0,2428,0
TCP,241,2,1,134,0
UDP,333,198,0,237,0
TCP,159,3,0,588,0
UDP,51,70,0,5,0
UDP,264,201,0,74,0
TCP,532,63,2,2024,0
TCP,894,14,0,518,0
TCP,1874,374,0,78,0
TCP,104,163,0,249,0
TCP,984,76,0,948,0
UDP,360,37,0,309,0
ICMP,8,178,0,49,0
TCP,552,8,0,92,0
TCP,285,36,0,308,0
TCP,438,210,0,506,0
TCP,430,190,0,1421,0
TCP,242,128,1,1758,0
TCP,550,15,0,77,0
TCP,1447,169,0,373,0
UDP,639,141,0,312,0
TCP,3,256,0,536,0
TCP,192,21,0,693,0
UDP,83,107,0,128,0
TCP,168,76,0,1243,0
TCP,215,82,0,585,0
UDP,185,41,0,256,0
TCP,469,125,0,1724,0
TCP,726,1,0,825,0
UDP,1220,48,0,933,0
TCP,1732,106,0,176,0
TCP,42,75,0,495,0
TCP,11,59,0,364,0
TCP,140,73,0,216,0
TCP,13,75,0,228,0
TCP,479,111,0,178,0
ICMP,337,230,0,803,0
TCP,82,247,0,1762,0
UDP,562,173,0,68,0
TCP,1752,39,0,310,0
TCP,40,26,0,104,0
TCP,64,55,0,9,0
TCP,1467,61,0,206,0
TCP,663,86,0,527,0
ICMP,28,82,0,45,0
ICMP,470,16,0,590,0
UDP,72,35,0,338,0
TCP,918,203,0,480,0
UDP,422,45,1,196,0
UDP,284,4,0,396,0
TCP,111,24,0,599,0
TCP,367,31,0,818,0
TCP,5307,3,3,5389,1
ICMP,699,173,0,811,0
TCP,1365,167,0,385,0
TCP,439,62,0,55,0
TCP,2514,20,1,666,0
UDP,540,41,0,333,0
UDP,386,124,0,606,0
TCP,1583,9,0,92,0
TCP,112,9,0,123,0
TCP,49,222,0,181,0
TCP,1973,155,0,202,0
ICMP,15,311,0,1106,0
UDP,384,48,0,644,0
TCP,5,35,0,200,0
ICMP,534,26,0,39,0
TCP,399,145,0,708,0
UDP,713,24,0,1827,0
ICMP,580,90,0,673,0
TCP,691,228,0,95,0
TCP,358,125,0,712,0
TCP,12,35,1,149,0
TCP,169,282,0,411,0
TCP,781,173,0,1288,0
TCP,178,12,0,1004,0
UDP,3,3,0,696,0
TCP,249,217,0,239,0
UDP,284,216,0,77,0
TCP,193,14,0,307,0
TCP,681,95,0,856,0
UDP,260,231,0,1265,0
UDP,143,5,0,724,0
TCP,556,91,0,1024,0
TCP,301,25,0,783,0
TCP,515,79,8,6265,1
UDP,400,20,0,22,0
ICMP,724,29,0,22,0
TCP,273,29,0,579,0
TCP,403,118,0,65,0
UDP,43,29,0,829,0
TCP,765,203,0,263,0
TCP,1170,94,0,128,0
TCP,1217,38,0,35,0
TCP,1032,152,0,1159,0
ICMP,438,209,0,69,0
TCP,1188,40,0,558,0
TCP,177,154,1,461,0
TCP,477,10,0,271,0
TCP,956,302,0,3063,0
TCP,420,114,1,193,0
TCP,198,109,0,1139,0
TCP,738,51,0,121,0
ICMP,34,47,0,649,0
TCP,1743,136,0,1195,0
ICMP,100,24,0,1278,0
TCP,313,52,0,406,0
UDP,76,132,0,47,0
TCP,330,235,0,220,0
UDP,344,99,0,50,0
TCP,424,16,0,143,0
TCP,133,54,0,648,0
TCP,822,1,0,80,0
TCP,98,268,0,420,0
TCP,125,159,7,5044,1
TCP,151,16,0,160,0
UDP,1677,255,0,956,0
TCP,1124,178,0,82,0
TCP,136,109,0,663,0
TCP,1605,91,0,68,0
TCP,132,84,0,108,0
UDP,309,16,0,1681,0
TCP,277,40,1,1035,0
UDP,307,175,0,1557,0
UDP,856,18,1,249,0
TCP,601,14,0,1131,0
TCP,68,79,0,247,0
TCP,1562,149,0,33,0
TCP,384,23,0,146,0
UDP,156,156,0,140,0
ICMP,5757,1,6,562,1
UDP,801,510,6,581,1
TCP,474,364,0,130,0
ICMP,1031,6,0,1739,0
TCP,84,13,0,62,0
TCP,25,60,0,63,0
TCP,136,24,0,357,0
TCP,139,187,0,25,0
UDP,486,19,0,54,0
UDP,289,201,0,3063,0
UDP,682,45,0,1125,0
UDP,381,256,0,2028,0
UDP,320,7,0,396,0
TCP,293,112,0,101,0
ICMP,138,14,0,87,0
TCP,1595,35,0,350,0
TCP,8,48,0,1160,0
TCP,767,198,0,177,0
UDP,68,81,0,38,0
TCP,379,158,0,1005,0
TCP,246,35,0,792,0
TCP,288,7,0,137,0
UDP,906,91,0,225,0
TCP,74,122,0,38,0
TCP,2055,47,0,450,0
TCP,561,62,1,451,0
TCP,1,65,0,714,0
ICMP,858,73,0,152,0
TCP,1390,112,0,2,0
TCP,73,79,0,944,0
TCP,465,73,0,699,0
UDP,598,93,0,178,0
UDP,1363,126,0,1285,0
UDP,429,295,0,190,0
TCP,397,20,0,703,0
TCP,1117,55,0,356,0
TCP,3,31,0,187,0
UDP,603,29,0,8,0
TCP,93,6,0,589,0
UDP,426,22,0,61,0
TCP,646,92,1,242,0
TCP,7434,103,2,3651,1
TCP,1145,73,0,700,0
ICMP,412,80,0,280,0
ICMP,437,25,0,7,0
TCP,824,179,0,78,0
UDP,113,16,0,153,0
TCP,15,183,0,587,0
TCP,686,69,0,536,0
TCP,4975,5,4,6453,1
TCP,375,66,0,122,0
TCP,662,200,0,2432,0
TCP,280,85,0,403,0
TCP,2800,116,0,486,0
ICMP,4275,32,0,6004,1
TCP,459,239,1,431,0
UDP,325,249,0,848,0
TCP,178,99,0,1317,0
TCP,202,0,0,99,0
TCP,181,164,0,629,0
TCP,5401,3,0,4044,1
ICMP,1277,211,0,4495,1
TCP,910,51,0,856,0
UDP,706,82,0,233,0
UDP,358,62,1,992,0
TCP,259,124,0,1670,0
TCP,642,172,0,496,0
TCP,1328,68,0,123,0
UDP,429,65,0,65,0
UDP,480,170,0,750,0
ICMP,514,30,0,50,0
TCP,24,11,0,70,0
TCP,107,131,0,188,0
TCP,143,215,0,163,0
UDP,93,107,0,379,0
TCP,10,2,0,617,0
TCP,5367,31,6,357,1
TCP,337,9,0,479,0
TCP,1912,60,0,130,0
TCP,527,255,0,654,0
UDP,838,51,0,284,0
ICMP,308,6,0,505,0
TCP,215,52,0,586,0
TCP,435,134,0,341,0
UDP,1159,149,0,112,0
UDP,778,35,0,865,0
TCP,1120,12,0,76,0
TCP,141,16,0,1296,0
ICMP,54,77,0,37,0
TCP,83,4,0,851,0
ICMP,505,246,1,1067,0
TCP,65,98,0,813,0
TCP,12,183,0,351,0
TCP,857,152,0,306,0
TCP,147,43,0,915,0
ICMP,338,43,0,4,0
TCP,63,224,0,133,0
TCP,566,23,0,389,0
TCP,176,472,0,1039,0
TCP,29,164,0,187,0
TCP,624,157,0,4966,1
UDP,452,124,0,864,0
TCP,93,283,0,645,0
UDP,2246,83,0,1730,0
TCP,4968,49,5,3790,1
ICMP,911,75,0,671,0
TCP,165,153,0,138,0
TCP,407,40,1,347,0
TCP,565,123,0,173,0
TCP,178,449,0,818,0
TCP,1214,65,0,126,0
TCP,779,36,0,920,0
TCP,504,12,1,240,0
TCP,304,113,0,380,0
TCP,43,43,0,80,0
TCP,686,39,0,769,0
TCP,252,48,0,640,0
TCP,844,35,0,53,0
UDP,956,68,0,329,0
TCP,124,95,0,355,0
UDP,962,70,0,1094,0
UDP,4826,55,5,1293,1
TCP,1235,218,0,92,0
TCP,15,273,0,844,0
TCP,631,136,0,11,0
ICMP,3826,275,0,682,0
TCP,1436,14,0,32,0
TCP,875,22,0,430,0
TCP,392,95,0,288,0
ICMP,1638,161,0,1530,0
TCP,247,83,0,61,0
TCP,130,76,1,1391,0
TCP,448,17,0,397,0
TCP,58,122,0,357,0
TCP,1791,136,0,745,0
TCP,878,308,0,243,0
ICMP,292,133,0,906,0
UDP,382,113,0,27,0
UDP,669,295,0,399,0
TCP,183,12,1,1143,0
TCP,136,34,0,232,0
TCP,601,14,0,371,0
TCP,285,36,0,40,0
TCP,468,101,0,445,0
UDP,195,57,0,982,0
TCP,700,277,0,459,0
TCP,0,3,0,571,0
TCP,842,14,0,202,0
TCP,517,5,0,333,0
UDP,3,185,0,187,0
ICMP,741,124,0,245,0
TCP,21,31,0,299,0
UDP,231,71,0,326,0
TCP,68,46,0,779,0
TCP,1449,136,0,197,0
TCP,167,99,0,137,0
TCP,808,43,0,370,0
TCP,268,65,0,164,0
TCP,219,62,0,378,0
UDP,1078,15,1,506,0
TCP,474,125,0,1070,0
TCP,441,67,0,350,0
TCP,196,229,0,494,0
TCP,963,8,0,247,0
TCP,295,189,0,931,0
UDP,858,631,1,671,0
TCP,221,237,0,428,0
TCP,840,134,0,952,0
UDP,84,78,0,360,0
TCP,427,13,0,201,0
TCP,412,16,0,53,0
UDP,671,18,0,60,0
TCP,258,40,0,362,0
TCP,836,20,0,20,0
TCP,1492,46,0,74,0
TCP,411,44,0,200,0
TCP,184,18,0,165,0
TCP,24,111,0,56,0
UDP,176,76,0,47,0
TCP,503,171,0,290,0
TCP,282,73,0,3147,0
TCP,580,96,0,106,0
TCP,470,36,0,315,0
TCP,204,39,0,93,0
UDP,1627,80,0,282,0
UDP,51,32,0,13,0
UDP,529,286,0,1266,0
TCP,526,18,0,320,0
ICMP,43,17,0,827,0
TCP,40,268,0,1832,0
TCP,166,19,0,1427,0
TCP,74,228,0,762,0
TCP,156,5,0,580,0
TCP,317,24,0,3123,0
TCP,258,25,0,172,0
TCP,167,100,0,7,0
UDP,44,88,0,600,0
TCP,673,91,1,111,0
TCP,1172,377,0,473,0
TCP,469,125,1,523,0
TCP,81,99,0,458,0
TCP,281,130,0,218,0
TCP,1325,110,0,1538,0
TCP,380,4,1,537,0
UDP,379,88,0,588,0
TCP,89,46,0,369,0
TCP,665,313,0,1026,0
TCP,155,49,0,264,0
UDP,139,25,0,1855,0
UDP,87,161,0,864,0
TCP,275,22,0,1347,0
TCP,291,3,0,1024,0
TCP,140,112,0,236,0
TCP,643,122,0,857,0
TCP,1157,118,0,1156,0
TCP,309,12,0,394,0
TCP,208,38,0,227,0
TCP,476,11,0,386,0
TCP,687,221,0,84,0
TCP,166,21,0,85,0
TCP,207,126,0,203,0
UDP,1172,361,0,1565,0
TCP,206,46,0,323,0
TCP,99,27,0,96,0
TCP,118,45,0,1174,0
TCP,151,128,0,308,0
TCP,176,32,0,784,0
TCP,1597,361,0,1087,0
TCP,107,140,0,951,0
TCP,5837,42,0,1278,1
UDP,706,188,0,209,0
TCP,525,27,7,367,1
TCP,319,26,0,305,0
TCP,824,233,0,1142,0
TCP,411,137,0,10,0
TCP,216,107,0,2103,0
TCP,152,15,0,1790,0
TCP,232,120,0,1093,0
TCP,261,116,0,115,0
UDP,363,60,0,107,0
TCP,37,11,0,231,0
TCP,65,138,1,268,0
UDP,1796,33,2,166,0
TCP,873,7,0,920,0
TCP,776,17,0,267,0
TCP,73,61,0,675,0
UDP,3,161,0,100,0
TCP,391,82,0,849,0
TCP,1561,4,0,744,0
TCP,1082,8,1,148,0
UDP,1132,27,0,46,0
TCP,168,182,0,1416,0
TCP,2273,4,0,616,0
TCP,829,1,0,247,0
TCP,945,196,0,227,0
UDP,5415,226,8,415,1
TCP,0,60,0,504,0
TCP,433,214,0,1350,0
UDP,400,28,0,1400,0
TCP,792,22,5,24,1
TCP,1120,49,0,84,0
TCP,1387,65,0,978,0
TCP,32,30,0,189,0
TCP,142,55,0,197,0
TCP,3611,94,0,531,0
TCP,225,44,0,110,1
TCP,4,131,0,468,0
UDP,270,19,0,23,0
UDP,1350,14,0,156,0
TCP,105,230,0,804,0
UDP,1480,157,0,28,0
TCP,103,75,0,566,0
TCP,58,312,16,6882,1
TCP,19,302,0,99,0
TCP,368,84,0,121,0
TCP,2229,6,0,378,0
TCP,144,32,0,318,0
UDP,926,173,0,311,0
UDP,320,20,1,231,0
TCP,45,3,1,48,0
UDP,610,55,0,525,0
UDP,131,82,0,1038,0
TCP,4609,13,6,172,1
TCP,182,61,1,490,0
TCP,29,88,0,446,0
TCP,1354,86,0,1003,0
ICMP,146,22,0,989,0
UDP,1445,80,0,1124,0
TCP,190,103,0,1375,0
TCP,61,33,0,235,0
TCP,438,47,0,268,0
TCP,800,172,0,442,0
TCP,2322,14,0,676,0
ICMP,487,8,0,546,0
TCP,82,98,0,539,0
TCP,277,133,1,1210,0
TCP,43,87,0,134,0
TCP,694,118,0,537,0
TCP,149,64,0,323,0
TCP,1396,6,0,491,0
TCP,4448,45,2,68,1
TCP,189,259,0,263,0
TCP,402,5,0,446,0
ICMP,84,144,0,139,0
TCP,1331,23,1,84,0
UDP,225,415,0,8,0
ICMP,228,64,0,7,0
UDP,253,2,0,519,0
TCP,155,73,0,84,0
TCP,872,21,0,382,0
TCP,292,0,0,298,0
TCP,861,61,1,74,0
TCP,260,34,0,161,0
TCP,149,291,0,342,0
TCP,1118,35,0,1318,0
TCP,217,78,0,630,0
TCP,857,20,0,6,0
TCP,351,26,0,126,0
TCP,26,74,0,65,0
UDP,1014,94,0,912,0
TCP,41,304,1,27,0
TCP,1202,1,0,609,1
ICMP,1362,36,1,515,0
UDP,610,24,0,103,0
TCP,691,256,0,450,0
ICMP,633,210,0,902,0
TCP,276,56,0,426,0
TCP,409,104,0,704,0
TCP,702,199,1,1419,0
TCP,442,43,0,1152,0
UDP,1205,40,0,580,0
TCP,1091,400,0,163,0
TCP,278,26,0,1020,0
TCP,85,124,0,98,0
TCP,609,112,0,84,0
TCP,80,343,0,1283,0
TCP,81,36,0,1029,0
TCP,354,57,0,445,0
ICMP,93,219,0,652,0
TCP,130,2,1,489,0
TCP,34,101,0,310,0
TCP,91,32,0,788,0
UDP,78,0,1,8,0
TCP,304,161,0,284,0
TCP,734,102,0,470,0
TCP,628,40,0,1074,0
TCP,4554,58,0,2418,1
TCP,538,39,0,933,0
UDP,239,6,0,482,0
ICMP,1008,309,0,176,0
TCP,1099,73,0,75,0
TCP,2313,150,1,346,0
TCP,38,179,1,507,0
UDP,16,135,0,810,0
TCP,623,26,0,259,0
TCP,642,3,1,1038,0
UDP,316,5,0,4,0
TCP,54,2,0,419,0
UDP,381,49,0,185,0
UDP,81,80,0,219,0
UDP,1265,392,0,2,0
UDP,157,22,1,169,0
TCP,221,46,0,1162,0
ICMP,94,27,0,390,0
TCP,546,156,0,246,0
UDP,402,120,0,254,0
TCP,1100,535,1,376,0
UDP,700,4,0,494,0
TCP,166,7,0,43,0
TCP,557,68,0,175,0
UDP,122,27,0,463,0
UDP,346,121,0,9,0
TCP,319,111,0,807,0
TCP,972,29,0,1802,0
TCP,48,198,0,1677,0
UDP,7,18,0,111,0
UDP,419,193,0,249,0
TCP,241,68,0,256,0
TCP,123,11,0,135,0
TCP,5089,56,8,5901,1
UDP,344,422,4,1157,1
TCP,43,120,0,1044,0
TCP,16,182,0,2454,0
UDP,277,50,0,1219,0
TCP,194,136,0,127,0
ICMP,290,66,0,72,0
UDP,2677,242,0,149,0
TCP,89,159,1,147,0
TCP,402,43,0,336,0
TCP,607,55,0,176,0
TCP,432,28,0,206,0
TCP,105,111,1,571,0
TCP,4893,174,0,6571,1
ICMP,2042,148,0,194,0
UDP,1368,146,0,430,0
TCP,483,332,0,242,0
TCP,112,41,0,348,0
UDP,213,12,0,405,0
ICMP,395,291,0,207,0
ICMP,525,25,0,1873,0
TCP,37,25,0,12,0
TCP,498,134,0,481,0
TCP,1689,90,0,125,0
TCP,244,61,0,426,0
UDP,1016,52,0,42,0
ICMP,279,33,0,949,0
TCP,104,8,0,1773,0
UDP,302,30,0,99,0
TCP,27,70,0,750,0
TCP,24,35,0,270,0
TCP,206,74,0,947,0
ICMP,302,26,0,1519,0
UDP,129,9,0,17,0
TCP,368,331,0,13,0
TCP,2044,8,0,1382,0
TCP,647,76,0,157,0
UDP,1064,122,0,1437,0
UDP,240,71,0,1201,0
ICMP,1692,49,0,724,0
ICMP,97,214,0,266,0
TCP,398,20,0,67,0
UDP,244,121,0,696,0
TCP,1912,22,0,39,0
UDP,323,171,0,80,0
UDP,418,283,0,189,0
TCP,883,16,0,91,0
TCP,148,58,0,811,0
TCP,705,229,0,358,0
TCP,175,16,0,13,0
TCP,1255,98,0,79,0
UDP,156,3,0,731,0
UDP,1310,17,1,237,0
TCP,339,19,0,164,0
ICMP,13,139,0,247,0
TCP,6387,72,2,591,1
UDP,81,303,0,468,0
TCP,2179,44,0,931,0
UDP,1515,128,1,13,0
TCP,113,158,0,160,0
TCP,271,53,0,536,0
TCP,166,67,0,583,0
TCP,154,53,0,78,0
TCP,3113,66,0,392,0
TCP,333,66,0,198,0
TCP,119,135,0,19,0
TCP,153,12,0,422,0
TCP,178,78,1,400,0
TCP,284,278,0,1123,0
TCP,853,63,0,262,0
ICMP,652,186,1,333,0
TCP,429,10,0,299,0
TCP,267,61,0,177,0
UDP,292,36,0,43,0
ICMP,410,74,0,279,0
ICMP,261,31,0,155,0
UDP,247,7,0,698,0
ICMP,322,60,0,442,0
UDP,54,136,0,1437,0
TCP,68,148,0,61,0
TCP,41,1,0,86,0
TCP,1156,94,0,629,0
TCP,58,30,0,14,0
TCP,141,113,0,501,0
TCP,768,19,0,76,0
TCP,821,8,0,94,0
ICMP,1737,128,0,5,0
TCP,786,57,0,1094,0
TCP,1102,215,0,221,0
UDP,595,14,0,463,0
UDP,147,155,2,1148,0
TCP,224,8,0,1729,0
TCP,312,59,0,75,0
UDP,5958,365,7,5542,1
TCP,6,15,0,218,0
UDP,1674,65,0,831,0
UDP,1497,15,0,988,0
UDP,647,203,0,673,0
TCP,78,49,0,125,0
TCP,726,21,0,76,0
TCP,154,45,0,293,0
TCP,116,11,0,225,0
ICMP,677,24,0,321,0
ICMP,213,204,0,4,0
UDP,179,14,0,588,0
TCP,1165,38,0,577,0
ICMP,508,131,0,573,0
UDP,35,16,0,82,0
TCP,189,183,0,675,0
UDP,1247,107,0,243,0
ICMP,40,9,0,93,0
ICMP,339,16,0,2580,0
TCP,249,118,0,442,0
TCP,248,115,0,1248,0
TCP,288,25,0,27,0
ICMP,83,21,0,361,0
TCP,45,385,0,17,0
TCP,192,225,0,629,0
TCP,318,113,0,106,0
UDP,25,3,0,2595,0
UDP,786,70,0,316,0
UDP,1,68,0,180,0
UDP,524,126,0,248,0
TCP,1873,47,0,272,0
TCP,332,39,0,961,0
TCP,60,10,0,153,0
TCP,6405,177,5,5293,1
TCP,5193,4,4,5152,1
TCP,140,39,0,414,0
ICMP,1104,56,7,5811,1
TCP,353,42,0,919,0
TCP,69,94,0,738,0
TCP,235,183,0,180,0
TCP,1027,28,0,221,0
TCP,1073,10,0,464,0
TCP,488,73,0,969,0
UDP,5660,40,3,4579,1
TCP,783,106,1,553,0
TCP,97,181,0,283,0
TCP,347,60,0,38,0
TCP,530,205,0,285,0
TCP,676,79,0,1265,0
TCP,1092,117,0,1102,0
ICMP,698,3,0,403,0
TCP,1243,24,4,5619,1
TCP,84,16,1,482,0
ICMP,845,49,0,444,0
TCP,321,164,0,811,0
TCP,329,104,0,546,0
UDP,803,8,0,741,0
TCP,105,148,0,1,0
TCP,1151,206,0,1398,0
ICMP,573,13,0,175,0
TCP,661,107,0,227,0
ICMP,53,58,0,724,0
TCP,504,28,0,1699,0
UDP,105,8,0,683,0
TCP,224,234,2,60,0
TCP,1270,4,0,430,0
TCP,33,201,0,469,0
TCP,321,79,0,24,0
TCP,656,16,0,104,0
UDP,6,119,0,2405,0
TCP,1054,471,0,1,0
ICMP,83,341,0,453,0
UDP,327,125,0,316,0
TCP,587,9,0,110,0
TCP,12,197,0,132,0
TCP,42,49,0,287,0
UDP,141,265,0,151,0
TCP,428,68,0,1486,0
TCP,4750,27,2,431,1
UDP,541,43,0,1131,0
TCP,622,99,0,46,0
TCP,788,80,0,221,0
UDP,1157,19,0,139,0
TCP,735,50,1,208,0
UDP,1014,139,0,1030,0
UDP,394,38,0,260,0
TCP,36,10,0,69,0
TCP,331,131,0,156,0
TCP,4256,124,1,454,0
TCP,144,101,0,33,0
ICMP,905,267,0,242,0
TCP,1261,92,0,2007,0
TCP,737,16,0,717,0
TCP,503,102,0,929,0
TCP,178,122,0,256,0
TCP,250,96,0,23,0
TCP,2194,278,0,902,0
TCP,377,81,0,271,0
ICMP,31,235,0,15,0
TCP,641,30,0,43,0
UDP,47,77,0,303,0
TCP,92,45,0,23,0
TCP,333,50,0,379,0
UDP,140,50,0,15,0
UDP,48,113,0,561,0
TCP,412,38,0,1609,0
ICMP,1106,37,0,599,0
TCP,334,21,0,136,0
TCP,386,145,0,7,0
TCP,2013,46,0,220,0
TCP,287,3,0,33,0
TCP,284,13,0,23,0
ICMP,715,35,6,5510,1
ICMP,326,20,0,110,0
ICMP,21,269,0,804,0
TCP,321,26,0,149,0
TCP,872,1,1,432,0
TCP,210,64,0,26,0
TCP,2,26,0,1635,0
UDP,208,77,0,707,0
TCP,511,261,0,66,0
TCP,565,65,0,321,0
TCP,89,84,1,311,0
TCP,1109,180,0,4965,1
UDP,1489,22,0,231,0
TCP,95,285,0,210,0
UDP,84,9,0,430,0
UDP,410,88,0,300,0
TCP,307,279,0,179,0
TCP,7681,159,3,95,1
TCP,128,94,0,746,0
TCP,177,38,0,17,0
TCP,124,151,0,51,0
TCP,113,40,0,678,0
TCP,156,10,0,1275,0
TCP,546,167,0,1411,0
TCP,5620,87,3,4465,1
TCP,330,32,0,1125,0
TCP,185,153,0,535,0
TCP,1794,75,0,64,0
ICMP,294,159,0,587,0
ICMP,195,75,0,693,0
TCP,341,179,1,393,0
TCP,82,141,0,306,0
TCP,199,128,0,428,0
UDP,356,132,0,109,0
TCP,729,186,0,257,0
TCP,459,69,0,208,0
TCP,67,123,0,371,0
UDP,2535,28,0,1700,0
ICMP,278,447,0,13,0
TCP,159,135,1,199,0
TCP,52,61,1,40,0
TCP,182,68,0,52,0
UDP,1634,40,0,7,0
ICMP,55,136,0,914,0
TCP,769,7,0,201,0
TCP,1519,566,0,180,0
TCP,393,24,0,152,0
TCP,612,95,1,61,0
ICMP,1032,30,0,288,0
UDP,27,9,0,109,0
TCP,7725,6,0,6737,1
UDP,205,5,0,692,0
UDP,468,15,0,661,0
TCP,1214,224,0,252,0
TCP,257,7,0,191,0
TCP,572,32,0,411,0
TCP,2566,59,0,787,0
TCP,180,72,0,33,0
TCP,275,140,0,578,0
TCP,12,10,8,106,1
TCP,342,37,0,1139,0
TCP,1186,78,0,272,0
TCP,232,77,0,462,0
ICMP,142,21,0,1244,0
ICMP,853,27,0,352,0
TCP,13,426,0,74,0
TCP,627,1,0,2951,0
TCP,638,132,0,418,0
TCP,257,87,0,286,0
TCP,95,50,0,1030,0
UDP,792,38,1,690,0
TCP,106,14,0,996,0
TCP,282,58,0,205,0
TCP,14,123,0,620,0
ICMP,416,26,0,482,0
TCP,1344,289,0,590,0
TCP,182,104,0,126,0
UDP,233,31,1,40,0
TCP,672,129,0,97,0
TCP,840,9,0,268,0
TCP,168,150,0,22,0
UDP,136,79,0,1132,0
UDP,256,21,0,317,0
TCP,687,19,0,280,0
TCP,147,127,0,377,0
TCP,709,164,0,179,0
TCP,344,91,0,629,0
TCP,113,116,0,47,0
TCP,317,44,0,115,0
UDP,129,75,9,173,1
UDP,31,66,1,278,0
UDP,431,18,0,857,0
TCP,6612,129,0,5193,1
UDP,267,234,0,311,0
UDP,143,26,0,938,0
TCP,821,52,0,1492,0
TCP,415,282,1,328,0
TCP,172,268,0,169,0
UDP,614,64,0,849,0
TCP,11,135,0,485,0
TCP,573,31,0,950,0
TCP,376,100,0,592,0
TCP,85,74,0,468,0
UDP,1403,74,0,72,0
TCP,434,14,0,1354,0
TCP,115,41,0,435,0
TCP,489,149,0,701,0
TCP,172,84,0,757,0
TCP,1059,15,0,953,0
TCP,100,137,0,1179,0
UDP,311,41,1,504,0
TCP,671,32,0,398,0
TCP,12,49,1,99,0
ICMP,2,66,0,164,0
TCP,127,101,0,5183,1
TCP,67,55,2,1790,0
TCP,107,112,0,37,0
TCP,887,185,0,154,0
TCP,227,124,6,4369,1
TCP,36,91,0,157,0
TCP,150,134,0,981,0
TCP,1022,116,0,154,0
TCP,1477,25,0,1187,0
TCP,479,69,0,1117,0
TCP,461,30,0,724,0
UDP,1824,349,0,116,0
TCP,1049,131,1,944,0
TCP,140,37,0,1185,0
TCP,219,1,0,229,0
TCP,5,28,0,100,0
TCP,129,271,0,108,0
UDP,564,412,0,243,0
UDP,152,5,0,134,0
UDP,1609,94,0,2341,0
TCP,202,92,0,889,0
TCP,1057,41,0,498,0
TCP,625,83,0,119,0
ICMP,10,191,0,69,0
TCP,260,19,0,387,0
TCP,202,11,0,1020,0
TCP,696,18,0,8,0
UDP,299,35,0,347,0
TCP,131,18,0,193,0
TCP,3938,103,9,6836,1
TCP,951,32,0,265,0
UDP,11,2,0,91,0
TCP,7022,181,0,5783,1
UDP,449,135,0,145,0
UDP,6,2,0,271,0
TCP,167,192,0,1751,0
TCP,306,15,0,106,0
TCP,748,32,0,350,0
TCP,220,48,0,267,0
TCP,146,185,0,1637,0
TCP,87,10,0,1214,0
TCP,199,35,0,434,0
TCP,445,378,1,620,0
UDP,360,4,0,370,0
ICMP,10,364,0,397,0
UDP,540,60,1,24,0
UDP,386,81,0,23,0
TCP,135,278,0,705,0
ICMP,5399,22,0,1798,1
TCP,265,32,0,538,0
TCP,866,271,0,166,0
TCP,1139,21,0,482,0
TCP,294,89,2,356,0
TCP,800,17,0,277,0
TCP,516,27,0,83,0
TCP,323,464,0,165,0
TCP,798,73,0,258,0
TCP,5208,102,6,5722,1
TCP,278,203,0,1090,0
TCP,3514,275,13,14,1
TCP,1000,26,0,934,0
UDP,273,40,0,58,0
TCP,137,25,0,934,0
ICMP,1859,108,0,323,0
TCP,553,21,0,28,0
TCP,514,151,0,83,0
TCP,421,58,0,1201,0
UDP,396,18,0,142,0
TCP,127,76,0,141,0
TCP,1358,20,0,517,0
UDP,386,110,0,261,0
TCP,3781,231,6,953,1
UDP,25,31,0,200,1
UDP,1425,172,0,245,0
ICMP,1013,195,0,181,0
UDP,38,18,0,271,0
TCP,910,80,0,822,0
ICMP,485,31,0,435,0
TCP,318,113,2,593,0
TCP,124,208,0,269,0
UDP,667,108,0,425,0
TCP,108,165,0,453,0
UDP,780,17,0,200,0
TCP,162,112,0,255,0
TCP,29,66,0,365,0
ICMP,81,50,0,952,0
UDP,447,15,0,175,0
UDP,33,256,0,663,0
UDP,182,294,0,755,0
UDP,161,152,0,107,0
TCP,665,63,0,504,0
TCP,333,93,6,446,1
ICMP,561,136,0,877,0
TCP,577,176,0,70,0
TCP,5,202,0,40,0
TCP,399,30,0,881,0
TCP,583,7,0,979,0
UDP,687,391,0,1514,0
UDP,653,63,0,2340,0
UDP,1699,125,0,857,0
TCP,2889,20,1,775,0
TCP,611,50,0,509,0
ICMP,1,61,0,329,0
UDP,1202,163,0,1461,0
TCP,573,169,0,1861,0
TCP,1639,161,0,337,0
TCP,282,189,1,407,0
UDP,559,22,0,580,0
TCP,810,98,2,374,0
TCP,707,599,0,115,0
TCP,74,31,1,183,0
UDP,570,35,0,897,0
TCP,344,136,1,153,0
TCP,1564,158,0,527,0
TCP,919,68,0,144,0
ICMP,386,61,0,59,0
UDP,93,189,0,277,0
ICMP,6203,60,0,5293,1
TCP,515,181,1,255,0
TCP,805,70,0,577,0
TCP,46,113,0,169,0
TCP,110,11,0,832,0
UDP,421,83,0,86,0
ICMP,187,77,0,1512,0
TCP,545,306,0,780,0
TCP,2072,249,0,184,0
TCP,142,54,0,1276,0
TCP,140,40,0,576,0
TCP,18,6,0,238,0
TCP,174,26,0,55,0
UDP,611,156,1,192,0
UDP,182,423,0,2249,0
TCP,781,237,0,267,0
TCP,412,76,0,200,0
TCP,80,18,0,328,0
ICMP,1224,85,0,680,0
TCP,487,62,0,1684,0
TCP,67,47,0,521,0
TCP,1192,112,0,400,0
TCP,1076,139,0,755,0
TCP,710,210,0,430,0
UDP,341,24,0,617,0
TCP,101,400,0,58,0
TCP,1149,67,0,1499,0
TCP,579,87,0,614,0
TCP,101,370,0,569,0
ICMP,5468,52,8,5297,1
TCP,52,19,0,168,0
ICMP,1335,13,0,492,0
TCP,273,38,0,628,0
TCP,1254,11,0,202,0
TCP,1,177,0,1075,0
TCP,1306,63,0,2881,0
UDP,53,114,1,481,0
UDP,67,40,0,995,0
TCP,128,49,0,83,0
TCP,25,46,0,204,0
ICMP,52,235,0,118,0
TCP,5332,38,4,3957,1
TCP,87,8,0,2547,0
UDP,58,10,0,172,0
ICMP,263,38,0,574,0
TCP,83,14,0,25,0
TCP,223,128,0,361,0
TCP,156,25,0,378,0
UDP,745,170,0,559,0
TCP,5915,359,9,4812,1
TCP,359,425,0,82,0
TCP,44,352,0,1399,0
ICMP,679,19,0,721,0
TCP,246,149,0,460,0
ICMP,389,73,0,1056,0
UDP,83,98,0,608,0
UDP,415,87,0,1481,0
ICMP,371,203,0,53,0
TCP,245,12,0,1004,0
UDP,458,5,0,200,0
TCP,548,71,0,463,0
UDP,2136,46,0,1446,0
TCP,966,276,0,882,0
UDP,5572,18,10,4390,1
ICMP,789,49,0,520,0
TCP,254,107,0,721,0
TCP,117,13,0,1108,0
UDP,191,36,0,210,0
TCP,1122,176,0,487,0
TCP,5797,6,1,1008,1
TCP,484,200,0,87,0
TCP,108,51,0,145,0
TCP,16,24,0,215,0
UDP,310,211,0,100,0
TCP,463,77,0,377,0
TCP,522,34,0,1679,0
TCP,189,12,0,215,0
TCP,487,29,0,644,0
TCP,101,17,0,896,0
TCP,161,258,0,85,0
TCP,431,27,0,799,0
UDP,578,296,1,438,0
TCP,808,71,1,310,0
TCP,254,309,0,593,0
TCP,204,27,0,1061,0
TCP,353,94,0,11,0
TCP,624,345,1,252,0
TCP,6473,418,7,7799,1
ICMP,823,36,0,437,0
UDP,91,41,0,119,0
TCP,594,143,0,272,0
TCP,910,126,0,1076,0
TCP,1368,41,1,609,0
TCP,146,8,1,1084,0
ICMP,201,47,0,35,0
TCP,866,77,0,433,0
TCP,816,11,0,182,0
ICMP,6140,182,3,4933,1
TCP,418,55,0,34,0
ICMP,572,131,0,839,0
UDP,629,2,0,827,0
TCP,904,9,0,456,0
TCP,238,169,0,877,0
TCP,132,51,0,779,0
TCP,653,34,0,187,0
UDP,1632,77,0,93,0
TCP,177,93,0,213,0
TCP,566,43,0,263,0
TCP,136,193,0,637,0
TCP,731,2,0,145,0
UDP,338,28,0,781,0
TCP,11,145,0,199,0
UDP,290,121,0,85,0
TCP,234,126,0,57,0
TCP,513,131,0,742,0
TCP,430,29,0,925,0
TCP,1133,61,0,705,0
TCP,253,25,1,115,0
TCP,135,4,0,353,0
TCP,579,53,0,257,0
UDP,78,135,0,284,0
TCP,1918,21,0,588,0
TCP,140,3,1,353,0
TCP,231,8,0,915,0
TCP,5501,48,0,6489,1
TCP,811,30,0,200,0
TCP,819,69,0,1468,0
ICMP,164,381,0,1712,0
TCP,55,17,0,164,0
TCP,771,10,0,47,0
TCP,1743,10,0,322,0
TCP,245,131,0,503,0
TCP,1089,28,0,275,0
TCP,398,311,0,1057,0
UDP,6964,8,4,6093,1
UDP,96,3,0,117,0
TCP,894,80,0,752,0
TCP,781,225,0,387,0
TCP,194,12,0,11,0
ICMP,494,46,0,927,0
UDP,59,53,0,504,0
TCP,1136,42,0,122,0
TCP,65,6,1,415,0
UDP,242,416,0,821,0
UDP,726,249,0,208,0
TCP,319,282,0,281,0
ICMP,142,41,0,1003,0
UDP,392,33,0,1117,0
TCP,20,52,0,630,0
UDP,113,14,0,398,0
TCP,583,60,0,710,0
TCP,797,101,0,150,0
TCP,59,7,0,1469,0
TCP,866,5,0,204,0
TCP,234,83,3,240,0
UDP,6,158,0,1249,0
TCP,557,90,0,207,0
UDP,414,44,0,204,0
TCP,278,274,0,16,0
ICMP,463,89,0,188,0
TCP,698,85,0,275,0
TCP,235,14,1,301,0
TCP,11,43,0,460,0
TCP,429,97,0,471,0
UDP,553,92,0,475,0
UDP,310,23,0,105,0
TCP,658,54,0,745,0
TCP,2016,130,0,1545,0
TCP,133,60,1,681,0
TCP,531,48,0,935,0
UDP,43,30,0,1080,0
UDP,972,22,0,254,0
TCP,147,26,0,1849,0
TCP,531,18,0,559,0
UDP,207,261,1,1037,0
TCP,1489,128,0,166,0
TCP,300,49,0,297,0
TCP,180,65,0,704,0
TCP,136,116,1,429,0
TCP,1551,84,0,298,0
UDP,233,374,0,808,0
TCP,676,122,0,870,0
TCP,200,226,0,22,0
TCP,729,0,1,196,0
TCP,1879,127,0,160,0
UDP,309,110,0,585,0
TCP,630,236,0,800,0
UDP,121,168,0,113,0
TCP,507,51,0,270,0
TCP,1408,215,0,66,0
TCP,393,89,0,782,0
TCP,921,85,0,893,0
TCP,35,152,0,92,0
TCP,611,109,0,529,0
TCP,1516,104,0,379,0
TCP,71,5,0,184,0
UDP,596,50,0,139,0
TCP,427,0,0,259,0
TCP,231,108,0,552,0
TCP,319,39,0,392,0
TCP,511,216,0,519,0
TCP,439,293,0,518,0
TCP,764,250,0,23,0
TCP,225,50,0,670,0
TCP,161,26,0,43,0
TCP,33,14,1,1016,0
UDP,877,26,0,249,0
UDP,501,43,0,173,0
UDP,324,284,1,535,0
UDP,755,12,0,707,0
TCP,510,191,0,45,0
TCP,559,24,0,4,0
TCP,308,89,0,1,0
TCP,12,57,0,715,0
TCP,210,18,0,401,0
TCP,577,6,0,91,0
TCP,875,38,0,327,0
TCP,1332,0,0,326,0
ICMP,683,87,0,808,0
TCP,11,463,0,81,0
TCP,796,158,0,63,0
TCP,181,201,0,181,0
TCP,159,86,0,137,0
TCP,1140,56,0,490,0
TCP,169,189,0,2106,0
TCP,16,38,0,178,0
TCP,368,30,0,297,0
TCP,172,25,0,418,0
TCP,227,135,0,64,0
TCP,1012,61,1,457,0
TCP,370,41,1,190,0
TCP,562,19,0,1654,0
UDP,81,106,1,1751,0
UDP,441,79,0,366,0
TCP,120,52,0,131,0
UDP,404,99,0,145,0
UDP,418,161,0,280,0
UDP,841,26,1,440,0
TCP,332,143,1,709,0
UDP,337,7,0,314,0
TCP,256,131,0,353,0
TCP,332,32,1,250,0
TCP,301,75,0,470,0
TCP,903,87,0,20,0
TCP,430,254,0,515,0
TCP,507,83,0,123,0
TCP,460,55,0,31,0
TCP,102,218,0,34,0
TCP,503,95,0,166,1
UDP,245,15,0,940,0
TCP,6149,79,6,6120,1
TCP,891,13,0,65,0
UDP,651,76,0,286,0
TCP,21,31,1,508,0
TCP,7053,87,4,4387,1
ICMP,253,121,0,240,0
TCP,2042,305,0,393,0
TCP,1489,45,0,1572,0
TCP,515,78,1,54,0
UDP,131,17,0,408,0
TCP,488,110,0,19,0
ICMP,2005,42,0,1030,0
TCP,954,47,0,122,0
TCP,483,37,0,1368,0
UDP,261,43,0,431,0
TCP,465,106,0,493,0
UDP,36,317,0,668,0
ICMP,33,58,0,786,0
TCP,547,34,0,704,0
UDP,540,16,0,402,0
TCP,116,2,0,708,0
ICMP,128,206,0,215,0
TCP,105,62,0,165,0
ICMP,519,20,0,564,0
ICMP,266,26,1,555,0
TCP,414,225,1,133,0
TCP,907,157,1,572,0
ICMP,479,218,0,409,0
UDP,1169,143,1,58,0
ICMP,400,29,0,791,0
UDP,10032,46,0,6328,1
TCP,397,154,0,853,0
TCP,328,37,0,114,0
TCP,1767,176,0,2043,0
TCP,396,55,0,27,0
TCP,5,80,0,765,0
TCP,251,5,0,314,0
TCP,146,53,0,46,0
ICMP,348,168,0,108,0
UDP,314,259,1,34,0
TCP,165,198,0,677,0
TCP,61,153,0,232,0
TCP,271,17,0,0,0
TCP,335,65,0,1166,0
UDP,644,1,0,255,0
TCP,537,117,0,1357,0
TCP,141,117,1,677,0
TCP,469,45,0,613,0
TCP,74,18,0,772,0
TCP,4216,21,1,118,1
TCP,530,112,0,80,0
UDP,434,224,0,101,0
UDP,379,112,0,60,0
TCP,80,63,0,360,0
TCP,4785,10,3,140,1
TCP,540,103,0,1235,0
TCP,196,132,0,1204,0
TCP,435,144,0,320,0
TCP,459,64,0,544,0
TCP,2058,89,0,11,0
TCP,409,96,0,68,0
TCP,27,15,0,79,0
TCP,7006,228,8,54,1
TCP,1104,129,0,4448,1
TCP,107,110,0,279,0
TCP,320,37,0,914,0
ICMP,1013,9,0,194,0
ICMP,71,78,0,416,0
TCP,162,32,0,199,0
UDP,21,73,0,309,0
UDP,1084,60,0,135,0
TCP,51,232,1,390,0
TCP,997,64,2,660,0
TCP,96,61,0,672,0
UDP,392,1,0,56,0
UDP,922,82,0,32,0
TCP,11,291,0,18,0
UDP,920,22,0,992,0
UDP,710,28,0,26,0
TCP,270,155,0,259,0
ICMP,185,107,0,16,0
TCP,162,55,0,952,0
UDP,1261,24,1,1099,0
TCP,221,57,1,372,1
TCP,261,222,0,1070,0
UDP,30,28,0,1216,0
UDP,832,294,0,222,0
TCP,634,160,0,396,0
TCP,499,97,0,189,0
TCP,123,23,0,46,0
TCP,244,159,0,472,0
TCP,443,118,0,430,0
TCP,724,77,0,17,0
TCP,5266,31,5,4709,1
TCP,257,49,0,1200,0
TCP,52,76,1,400,0
TCP,23,204,0,438,0
UDP,345,91,1,65,0
TCP,1004,26,2,1301,0
ICMP,20,186,0,906,0
UDP,274,333,0,14,0
TCP,100,87,0,1703,0
TCP,116,154,0,35,0
UDP,564,11,0,131,0
UDP,124,47,0,307,0
TCP,79,313,0,174,0
ICMP,201,207,0,64,0
TCP,194,123,0,10,0
ICMP,158,255,0,55,0
UDP,1451,261,0,249,0
TCP,1343,8,1,583,0
TCP,218,193,0,167,0
ICMP,5633,52,8,4171,1
UDP,90,33,0,565,0
TCP,357,305,0,151,0
UDP,217,220,0,171,0
TCP,539,33,0,477,0
UDP,1402,14,0,842,0
TCP,164,72,0,205,0
ICMP,202,231,1,104,0
TCP,354,84,0,7,0
TCP,258,228,1,115,0
TCP,76,23,0,528,0
TCP,479,32,0,9,0
TCP,86,149,0,87,0
TCP,781,73,0,270,0
ICMP,23,50,0,381,0
UDP,39,33,0,37,0
ICMP,504,4,0,49,0
TCP,106,168,0,369,0
TCP,434,39,0,95,0
UDP,1296,22,0,944,0
TCP,383,221,1,463,0
TCP,84,27,0,1184,0
TCP,610,92,0,28,0
ICMP,758,102,0,245,0
TCP,540,132,0,328,0
UDP,401,90,0,26,0
ICMP,698,232,0,511,0
TCP,512,259,0,178,0
TCP,341,37,0,15,0
TCP,569,11,0,542,0
TCP,80,23,0,25,0
TCP,292,26,0,603,0
TCP,428,725,0,42,0
TCP,207,50,0,349,0
TCP,306,177,0,557,0
UDP,140,5,0,496,0
TCP,355,91,0,627,0
TCP,151,189,1,346,0
TCP,56,156,0,194,0
ICMP,1189,26,0,178,0
ICMP,413,17,0,120,0
UDP,244,338,1,53,0
TCP,65,15,0,30,0
TCP,127,142,0,259,0
ICMP,58,13,1,1719,0
TCP,448,24,0,957,0
UDP,189,76,0,474,0
UDP,47,35,0,798,0
TCP,158,25,1,452,0
UDP,412,20,0,74,0
TCP,527,18,0,423,0
TCP,73,104,7,5903,1
TCP,1111,218,1,77,0
UDP,595,166,0,614,0
TCP,840,418,0,885,0
TCP,94,64,0,351,0
UDP,139,56,0,413,0
TCP,166,39,0,216,0
TCP,2661,50,0,782,0
UDP,26,85,0,744,0
TCP,938,59,0,475,0
TCP,541,101,0,593,0
TCP,1515,203,0,427,0
TCP,1251,22,0,254,0
UDP,199,58,0,22,0
TCP,670,9,0,515,0
TCP,502,59,0,600,0
UDP,1552,6,0,483,0
TCP,129,134,0,385,0
TCP,460,41,0,435,0
TCP,47,43,1,2088,0
TCP,361,52,0,725,0
ICMP,630,57,3,347,1
TCP,27,13,0,626,0
UDP,728,74,0,166,0
TCP,274,177,0,211,0
UDP,280,248,0,3404,1
TCP,719,154,0,1017,0
UDP,84,312,0,204,0
TCP,686,0,1,916,0
TCP,643,85,0,90,0
TCP,44,0,0,1464,0
ICMP,408,51,0,162,0
UDP,13,285,0,467,0
TCP,58,126,0,372,0
TCP,713,230,0,621,0
TCP,37,25,0,255,0
TCP,876,154,0,63,0
TCP,654,59,0,654,0
UDP,805,188,0,391,0
TCP,35,52,0,1083,0
TCP,1380,156,0,941,0
TCP,1321,105,0,1587,0
ICMP,981,46,0,16,0
UDP,109,106,0,194,0
ICMP,221,28,0,435,0
TCP,801,17,0,944,0
TCP,456,7,0,521,0
TCP,550,274,0,1238,0
TCP,14,153,0,687,0
TCP,83,57,0,359,0
ICMP,47,1,0,281,0
ICMP,614,94,0,382,0
UDP,1076,17,0,906,0
TCP,3,19,0,493,0
TCP,510,30,0,576,0
TCP,805,231,0,336,0
TCP,538,207,0,83,0
UDP,3881,19,0,276,1
TCP,225,8,0,32,0
TCP,190,68,1,988,0
ICMP,1346,38,0,250,0
TCP,1088,322,0,184,0
UDP,907,12,0,362,0
TCP,191,29,0,766,0
TCP,5,24,0,448,0
TCP,439,115,1,230,0
TCP,358,7,0,42,0
ICMP,29,39,0,564,0
UDP,91,10,0,240,0
TCP,530,175,0,650,0
TCP,162,84,0,786,0
TCP,10,106,0,166,0
UDP,293,48,0,44,0
TCP,1658,149,0,637,0
ICMP,377,85,1,653,0
TCP,448,17,1,686,0
UDP,1013,110,0,30,0
ICMP,177,105,0,618,0
TCP,5011,48,9,6629,1
TCP,112,31,0,346,0
UDP,1710,108,0,780,0
TCP,135,67,0,372,0
TCP,188,61,0,226,0
TCP,302,75,0,259,0
TCP,615,284,0,1788,0
TCP,3,118,0,248,0
TCP,639,83,0,127,0
UDP,23,108,1,836,0
TCP,116,110,0,402,0
TCP,376,26,0,253,0
TCP,54,74,0,605,0
UDP,343,196,0,896,0
UDP,705,8,0,187,0
TCP,167,129,0,200,0
TCP,242,46,0,784,0
ICMP,395,87,0,897,0
TCP,214,174,0,1035,0
UDP,590,74,0,1335,0
TCP,730,32,0,32,0
TCP,356,137,0,641,0
TCP,158,118,0,79,0
UDP,59,14,0,593,0
TCP,277,55,0,395,0
TCP,511,100,0,1154,0
TCP,165,83,0,528,0
TCP,1658,143,0,257,0
ICMP,653,208,0,848,0
UDP,78,35,0,89,0
TCP,54,159,0,325,0
UDP,492,39,0,271,0
TCP,520,248,0,9,0
UDP,6,5,0,382,0
TCP,1,66,0,2714,0
UDP,836,116,0,134,0
TCP,241,126,0,282,0
TCP,869,23,0,149,0
TCP,394,59,0,15,0
TCP,45,100,0,36,0
TCP,281,99,0,368,0
TCP,289,43,0,1020,0
UDP,276,253,0,107,0
TCP,574,14,0,109,0
TCP,770,110,0,1438,0
TCP,126,79,0,114,0
TCP,1077,12,0,13,0
TCP,245,7,0,99,0
UDP,2011,180,0,234,0
TCP,126,57,0,1515,0
TCP,234,7,0,426,0
UDP,300,263,0,1071,0
TCP,64,282,0,2255,0
UDP,839,46,0,87,0
TCP,8,169,1,106,0
TCP,5366,64,0,5515,1
ICMP,302,154,1,193,0
TCP,179,97,0,242,0
ICMP,809,104,0,491,0
UDP,159,90,0,26,0
TCP,248,90,0,280,0
ICMP,707,36,0,116,0
TCP,398,104,0,1300,0
UDP,86,205,0,1511,0
UDP,850,25,0,52,0
TCP,6,16,0,213,0
UDP,28,228,0,102,0
UDP,1258,17,1,203,0
TCP,7,390,0,291,0
TCP,229,97,0,594,0
TCP,423,74,0,344,0
TCP,488,122,0,87,0
TCP,801,33,0,271,0
TCP,55,203,0,96,0
TCP,1045,179,0,336,0
TCP,43,29,0,273,0
UDP,693,24,0,793,0
TCP,1146,21,0,106,0
TCP,257,21,0,1155,0
TCP,485,10,0,39,0
TCP,15,59,0,698,0
TCP,653,5,0,632,0
UDP,113,2,0,189,0
UDP,508,4,0,491,0
TCP,370,25,0,836,0
TCP,345,47,0,4,0
ICMP,881,282,0,463,0
TCP,748,10,0,144,0
UDP,211,33,0,787,0
UDP,310,50,0,25,0
TCP,1121,14,0,112,0
TCP,1675,52,0,727,0
TCP,391,55,0,779,0
TCP,528,237,0,1004,0
TCP,659,159,0,345,0
UDP,44,47,0,321,0
TCP,1013,42,0,208,0
UDP,82,107,0,156,0
TCP,142,5,7,58,1
TCP,761,63,0,1746,0
TCP,1848,79,0,313,0
TCP,1984,199,0,550,0
TCP,1043,136,0,22,0
TCP,121,12,0,283,0
TCP,265,0,0,922,0
UDP,220,55,0,1859,0
TCP,605,2,0,391,0
TCP,211,119,0,12,0
TCP,257,49,0,415,0
ICMP,44,206,1,121,0
UDP,250,345,0,14,0
TCP,97,20,0,717,0
TCP,214,77,0,536,0
TCP,294,250,0,499,0
TCP,2143,58,0,806,0
ICMP,335,1,1,264,0
TCP,406,40,0,86,0
TCP,291,29,0,267,0
TCP,67,16,0,530,0
TCP,418,56,0,804,0
TCP,240,219,0,34,0
UDP,415,109,0,115,0
TCP,515,136,1,691,0
TCP,670,96,0,555,0
TCP,413,67,0,260,0
UDP,37,351,0,233,0
TCP,4,41,0,1179,0
TCP,357,1,0,312,0
UDP,119,144,0,506,0
TCP,94,77,0,90,0
UDP,994,236,0,383,0
TCP,1365,176,1,529,0
UDP,1021,115,0,815,0
TCP,727,33,0,916,0
TCP,455,10,0,964,0
TCP,582,65,0,1421,0
TCP,5421,255,10,99,1
TCP,462,173,0,357,0
TCP,223,281,0,5383,1
UDP,103,15,0,139,0
TCP,308,60,2,747,0
TCP,1021,115,1,1272,0
ICMP,132,411,0,1198,0
TCP,280,134,1,4,0
TCP,1414,108,0,731,0
UDP,99,43,0,219,0
TCP,888,14,1,91,0
TCP,517,219,0,380,1
TCP,378,225,0,364,0
TCP,651,12,0,389,0
TCP,516,5,0,213,0
TCP,572,28,0,383,0
TCP,1124,36,0,391,0
TCP,210,234,1,95,0
TCP,602,69,0,156,0
UDP,32,28,0,132,0
TCP,1978,109,0,198,0
TCP,70,170,0,83,0
UDP,2,6,0,35,0
TCP,777,98,0,310,0
TCP,1372,191,0,199,0
TCP,98,211,0,161,0
TCP,411,12,1,198,0
TCP,1163,21,0,234,0
TCP,68,46,0,856,0
TCP,180,42,0,829,0
TCP,260,174,0,23,0
UDP,1257,41,0,57,0
TCP,173,66,0,126,0
TCP,406,34,1,924,0
TCP,1992,38,0,170,0
TCP,712,126,0,1370,0
TCP,603,67,0,35,0
ICMP,211,17,0,451,0
TCP,302,150,0,1642,0
TCP,142,40,0,377,0
TCP,66,64,0,24,0
ICMP,369,57,0,79,0
UDP,238,91,3,103,1
UDP,15,44,0,50,0
TCP,458,144,0,68,0
TCP,337,204,0,1569,0
TCP,810,24,0,1980,0
TCP,183,45,0,564,0
ICMP,1780,57,0,718,0
TCP,174,101,0,127,0
TCP,72,87,0,102,0
UDP,870,68,0,522,0
ICMP,1199,79,0,1481,0
TCP,476,17,0,52,0
TCP,283,228,0,57,0
TCP,392,24,0,460,0
TCP,4798,56,1,89,1
UDP,695,19,0,565,0
UDP,412,200,0,109,0
TCP,2532,235,3,674,1
UDP,21,6,0,14,0
UDP,448,96,0,1318,0
UDP,926,95,0,72,0
TCP,1049,22,0,160,0
ICMP,343,199,0,206,0
ICMP,124,53,0,5159,1
TCP,1195,138,0,249,0
TCP,58,113,0,87,0
TCP,298,45,0,140,0
TCP,269,294,0,1333,0
TCP,661,87,0,572,0
TCP,344,210,0,206,0
UDP,230,159,0,42,0
UDP,350,168,0,4178,1
UDP,729,145,0,810,0
TCP,224,18,1,383,0
UDP,304,5,0,40,0
UDP,48,164,0,111,0
TCP,706,53,0,82,0
ICMP,57,58,0,446,0
TCP,55,9,1,492,0
TCP,238,147,0,363,0
TCP,1039,31,0,617,0
UDP,176,27,0,660,0
TCP,645,84,0,1038,0
TCP,401,261,0,996,0
TCP,220,43,0,701,0
TCP,5726,89,2,4690,1
TCP,233,5,0,3575,0
TCP,301,18,0,240,0
ICMP,170,96,0,446,0
TCP,89,386,0,645,0
TCP,205,65,0,237,0
TCP,137,1,0,980,0
ICMP,496,45,0,659,0
ICMP,550,89,0,27,0
UDP,5789,90,4,5908,1
TCP,1755,95,0,2411,0
TCP,52,177,0,262,0
UDP,242,21,0,1008,0
UDP,912,73,0,145,0
TCP,317,16,0,725,0
ICMP,36,32,1,453,0
UDP,251,143,1,171,0
TCP,23,84,0,894,0
TCP,1581,29,0,163,0
TCP,176,74,0,95,0
TCP,586,104,0,103,0
UDP,321,336,0,911,0
TCP,170,51,0,1737,0
TCP,33,15,0,996,0
UDP,1,515,1,558,0
ICMP,469,789,0,1693,0
TCP,173,58,0,196,0
TCP,1058,207,0,1036,0
UDP,442,66,0,153,0
TCP,98,23,0,859,0
TCP,566,40,0,805,0
TCP,290,224,0,169,0
TCP,14,114,1,86,0
UDP,23,169,0,551,0
TCP,509,203,1,92,0
TCP,491,95,0,1076,0
TCP,155,119,0,197,0
TCP,615,52,0,268,0
TCP,838,165,0,105,0
TCP,371,23,0,1706,0
ICMP,26,136,0,745,0
TCP,715,9,0,253,0
TCP,750,1,0,893,1
ICMP,830,78,0,207,0
TCP,504,25,0,400,0
TCP,1228,156,0,33,0
UDP,278,73,0,84,0
TCP,559,33,0,749,0
TCP,143,11,1,1700,0
TCP,34,132,0,1147,0
TCP,1099,1,0,1399,0
TCP,1320,12,0,388,0
ICMP,50,12,1,449,0
TCP,38,59,0,174,0
TCP,283,13,0,479,0
ICMP,1286,158,0,237,0
TCP,382,58,0,43,0
TCP,2662,138,0,1416,0
TCP,638,90,0,700,0
ICMP,1811,5,0,1217,0
TCP,531,102,0,15,0
TCP,982,119,0,52,0
UDP,678,36,0,114,0
TCP,898,71,0,62,0
TCP,1391,64,0,1368,0
TCP,573,133,0,854,0
TCP,345,357,0,881,0
TCP,1002,49,0,446,0
UDP,494,543,0,619,0
UDP,65,55,0,313,0
TCP,242,141,0,720,0
UDP,232,30,1,95,0
TCP,5859,193,4,5595,1
TCP,15,200,1,360,0
TCP,257,77,8,1971,1
UDP,150,128,0,459,0
TCP,421,21,0,95,0
TCP,140,37,0,217,0
TCP,669,46,0,285,0
ICMP,167,70,0,395,0
TCP,44,47,0,45,0
TCP,508,49,0,390,0
TCP,882,12,0,645,0
TCP,67,45,0,25,0
TCP,2019,61,0,187,0
TCP,689,27,1,327,0
TCP,629,20,0,115,0
TCP,71,17,0,436,0
TCP,115,40,0,91,0
ICMP,934,211,0,912,0
UDP,385,1,1,840,0
TCP,666,20,0,281,0
TCP,85,28,0,199,0
TCP,1336,58,4,657,1
TCP,756,43,0,698,0
ICMP,626,102,1,362,0
TCP,1503,2,0,153,0
TCP,269,77,0,192,0
TCP,172,55,1,731,0
TCP,130,52,0,86,0
UDP,2158,443,0,246,0
TCP,268,59,0,57,0
TCP,630,137,1,226,0
TCP,166,18,0,76,0
TCP,164,83,0,41,0
UDP,433,462,0,78,0
UDP,573,134,0,116,0
TCP,69,22,0,1156,0
TCP,444,47,0,753,0
UDP,476,50,0,908,0
TCP,821,104,0,106,0
UDP,375,297,0,897,0
TCP,100,66,9,79,1
UDP,2044,26,0,4497,1
TCP,298,241,0,274,0
TCP,381,75,0,880,0
TCP,1772,86,0,494,0
TCP,1363,45,0,164,0
TCP,547,268,1,594,0
ICMP,95,14,0,661,0
UDP,90,8,1,199,0
TCP,285,196,0,492,0
UDP,81,125,0,778,0
TCP,564,174,0,190,0
UDP,1053,167,0,349,0
UDP,182,10,0,205,0
TCP,388,137,0,1988,0
TCP,60,210,0,103,0
TCP,146,164,1,417,0
ICMP,83,95,0,990,0
ICMP,86,42,0,957,0
UDP,235,47,0,25,0
UDP,427,55,0,683,0
UDP,64,31,1,409,0
TCP,228,108,0,286,0
ICMP,98,21,0,341,0
TCP,389,48,0,172,0
TCP,433,78,0,952,0
TCP,47,145,0,926,0
TCP,1318,119,0,114,0
TCP,5496,43,0,6837,1
TCP,3360,14,0,646,0
TCP,724,115,0,316,0
TCP,1419,12,0,74,0
TCP,613,71,0,608,0
TCP,20,24,0,436,0
ICMP,1073,56,0,50,0
TCP,359,26,0,42,0
TCP,1135,49,0,953,1
TCP,413,58,0,2272,0
UDP,650,67,0,199,0
TCP,29,40,0,135,0
TCP,351,65,0,894,0
UDP,1145,56,0,147,0
TCP,59,194,0,748,0
TCP,608,12,0,33,0
TCP,748,23,0,337,0
TCP,2374,28,0,363,0
UDP,77,19,1,89,0
TCP,325,77,0,308,0
TCP,683,148,0,124,0
TCP,1169,12,0,1182,0
ICMP,1104,70,0,1094,0
TCP,4920,34,0,4746,1
TCP,206,19,0,186,0
UDP,68,82,0,351,0
UDP,1076,41,0,241,0
TCP,193,184,0,74,0
TCP,3012,8,0,633,0
ICMP,1597,93,0,260,0
TCP,72,119,0,48,0
UDP,185,99,0,775,0
TCP,124,259,0,409,0
TCP,60,105,0,610,0
UDP,293,101,0,520,0
TCP,520,55,0,1197,0
ICMP,5909,13,7,1051,1
TCP,320,105,0,1419,0
TCP,633,74,0,166,0
TCP,953,16,0,36,0
TCP,210,55,0,83,0
TCP,172,93,0,1467,0
ICMP,5625,150,7,6261,1
UDP,131,42,0,1435,0
TCP,1148,190,0,11,0
UDP,13,65,0,3,0
UDP,373,67,1,19,0
ICMP,1215,102,0,275,0
TCP,132,138,0,374,0
TCP,124,10,0,7,0
TCP,331,15,0,438,0
TCP,1889,23,0,502,0
TCP,554,49,0,76,0
TCP,827,88,0,106,0
TCP,7471,124,3,291,1
TCP,5794,192,0,3579,1
ICMP,379,6,0,5,0
UDP,690,76,0,2,0
TCP,394,123,0,344,0
TCP,342,33,0,40,0
TCP,342,9,0,1236,0
TCP,7369,187,9,94,1
TCP,119,5,0,373,0
TCP,406,93,0,266,0
ICMP,853,106,0,359,0
ICMP,41,27,0,1562,0
ICMP,440,21,0,273,0
ICMP,573,44,0,286,0
TCP,1448,131,0,27,0
TCP,221,176,0,703,0
TCP,60,42,0,424,0
TCP,51,15,0,25,0
TCP,1574,384,0,21,0
TCP,710,168,0,856,0
TCP,484,151,0,495,0
UDP,4928,204,4,188,1
TCP,450,258,0,580,0
TCP,274,565,0,274,0
TCP,197,39,0,1136,0
UDP,1900,49,0,776,0
TCP,244,114,0,287,0
TCP,149,478,0,596,0
ICMP,321,119,0,643,0
UDP,482,43,0,417,0
TCP,1794,180,0,671,0
UDP,105,22,0,257,0
TCP,206,204,0,345,0
TCP,1547,9,0,218,0
TCP,465,40,1,591,0
TCP,188,110,0,315,0
TCP,256,55,0,722,0
TCP,649,10,0,819,0
TCP,58,34,0,25,0
TCP,4722,228,0,6645,1
UDP,233,46,0,1180,0
UDP,96,48,0,758,0
TCP,474,14,0,757,0
ICMP,357,146,0,31,0
TCP,19,96,0,1317,0
TCP,197,18,0,460,0
TCP,36,43,0,496,0
ICMP,828,159,0,724,0
TCP,697,5,1,680,0
UDP,173,213,0,46,0
UDP,368,100,0,31,0
TCP,515,77,0,400,0
UDP,1040,266,0,1174,0
TCP,237,31,1,306,0
TCP,46,118,1,571,0
TCP,52,44,0,854,0
TCP,202,63,0,25,0
TCP,473,102,0,173,0
TCP,65,4,1,1104,0
TCP,351,63,1,653,0
TCP,1124,60,0,109,0
UDP,2097,62,0,46,0
ICMP,234,67,0,96,0
ICMP,8,21,0,1545,0
TCP,433,27,0,209,0
TCP,2661,6,0,345,0
TCP,838,196,0,356,0
ICMP,849,244,0,410,0
TCP,351,105,0,7,0
TCP,50,251,0,967,0
TCP,1610,19,0,504,0
TCP,5115,324,0,5804,1
TCP,208,133,0,896,0
TCP,255,65,0,359,0
UDP,218,1,0,268,0
UDP,659,5,0,821,0
TCP,330,103,0,69,0
TCP,92,9,0,168,0
TCP,479,317,0,1148,0
TCP,86,84,0,108,0
TCP,3,10,0,93,0
TCP,668,228,5,6932,1
TCP,374,53,0,248,0
TCP,640,90,0,45,0
UDP,747,409,0,245,0
TCP,236,47,0,302,0
TCP,329,20,0,13,0
TCP,552,19,0,346,0
TCP,275,27,0,1002,0
TCP,141,108,0,1447,0
TCP,1282,247,1,316,0
TCP,1038,58,0,879,0
TCP,1402,4,0,7,0
TCP,14,122,0,559,0
TCP,1056,20,0,608,0
TCP,476,46,0,28,0
UDP,303,141,0,833,0
TCP,918,9,0,687,0
TCP,638,69,0,227,0
TCP,825,172,0,242,0
TCP,1193,24,0,113,0
TCP,134,49,0,437,0
TCP,273,122,0,311,0
UDP,41,25,0,67,0
TCP,648,113,0,41,0
TCP,121,154,0,382,0
TCP,49,460,0,299,0
UDP,292,12,0,689,0
TCP,1603,108,0,367,0
TCP,203,54,3,6337,1
UDP,1157,32,0,337,0
TCP,717,101,0,312,0
TCP,3324,32,0,114,0
TCP,304,7,0,236,0
TCP,143,7,0,186,0
TCP,553,228,0,121,0
TCP,91,39,0,1701,0
TCP,159,326,0,1658,0
UDP,725,19,0,262,0
TCP,1173,268,0,579,0
TCP,200,57,1,236,0
TCP,847,46,0,336,0
UDP,301,8,0,148,0
TCP,372,70,6,117,1
TCP,82,82,0,67,0
TCP,711,25,0,908,0
TCP,97,50,0,182,0
TCP,817,47,0,512,0
ICMP,47,1,0,95,0
TCP,690,124,0,281,0
TCP,825,10,0,534,0
TCP,8,76,0,695,0
UDP,44,424,0,108,0
TCP,34,84,0,52,0
UDP,402,184,0,392,0
TCP,2826,198,0,121,0
TCP,2094,49,0,63,0
UDP,539,158,0,229,0
TCP,855,42,0,1358,0
UDP,288,134,0,65,0
UDP,177,157,0,17,0
ICMP,395,29,0,273,0
TCP,302,11,0,211,0
TCP,845,227,1,5163,1
UDP,57,392,0,854,0
TCP,652,25,0,116,0
TCP,86,23,0,897,0
TCP,333,29,0,1027,0
UDP,19,276,0,305,0
TCP,729,316,0,790,0
TCP,1399,4,0,164,0
TCP,263,295,0,181,0
TCP,326,24,0,751,0
UDP,342,109,0,29,0
ICMP,265,144,0,118,0
TCP,15,88,0,197,0
TCP,1244,146,0,40,0
ICMP,125,195,0,1575,0
TCP,471,22,0,599,0
TCP,155,186,0,86,0
ICMP,72,18,0,170,0
UDP,930,22,0,251,0
UDP,143,182,0,214,0
TCP,82,8,0,1311,0
TCP,179,121,0,363,0
TCP,637,56,0,15,0
TCP,476,205,0,72,0
TCP,183,908,0,1388,0
TCP,301,377,0,29,0
TCP,2420,252,0,922,0
ICMP,151,140,0,1340,0
TCP,492,79,0,7,0
TCP,507,43,0,557,0
UDP,1496,2,0,446,0
TCP,739,43,0,1546,0
TCP,2168,184,0,303,0
TCP,857,259,0,183,0
TCP,77,220,0,1152,0
UDP,437,161,0,129,0
TCP,304,30,0,117,0
ICMP,408,138,0,66,0
TCP,407,38,0,2329,0
TCP,20,245,0,598,0
TCP,270,6,0,30,0
ICMP,876,189,0,549,0
TCP,452,43,0,747,0
TCP,134,95,1,367,0
UDP,375,126,0,538,0
TCP,1380,70,0,472,0
TCP,27,7,0,196,0
UDP,541,8,0,550,0
TCP,498,145,0,177,0
TCP,1587,179,0,54,0
TCP,702,56,1,192,0
TCP,18,114,0,218,0
UDP,1283,95,0,315,0
TCP,141,18,0,396,0
UDP,3263,27,0,5,0
TCP,55,34,0,76,0
TCP,75,10,0,342,0
UDP,378,356,0,292,0
UDP,416,51,0,577,0
ICMP,42,130,0,660,0
UDP,330,10,0,1247,0
TCP,323,37,0,2877,0
UDP,674,35,0,259,0
TCP,123,20,0,11,0
TCP,233,121,0,89,0
TCP,523,25,0,1379,0
TCP,1756,54,0,376,0
TCP,46,104,0,1204,0
TCP,127,59,0,566,0
UDP,18,14,0,626,0
TCP,1211,33,0,104,0
TCP,36,205,0,516,0
TCP,307,116,0,510,0
TCP,10,61,0,43,0
TCP,379,26,0,190,0
TCP,595,14,0,1363,0
TCP,16,21,0,751,0
TCP,803,44,0,118,0
TCP,309,259,0,863,0
TCP,736,83,0,1502,0
ICMP,5865,101,0,6401,1
ICMP,866,112,0,361,0
TCP,392,112,0,104,0
TCP,124,91,0,309,0
TCP,33,142,0,132,0
TCP,1284,101,0,45,0
TCP,31,177,0,883,0
TCP,393,137,0,457,0
TCP,641,1,1,442,0
UDP,145,79,0,2047,0
UDP,51,244,0,251,0
TCP,853,49,0,569,0
UDP,716,19,0,229,0
TCP,379,79,1,564,0
TCP,22,149,0,538,0
UDP,10,160,0,1,0
TCP,351,188,0,771,0
TCP,927,57,0,60,0
TCP,318,25,0,668,0
TCP,1882,42,0,843,0
TCP,740,107,0,1745,0
TCP,215,21,0,210,0
UDP,536,104,0,812,0
TCP,629,23,0,423,0
ICMP,429,18,0,57,0
TCP,2130,133,0,166,0
UDP,374,29,0,95,0
TCP,494,15,0,1172,0
TCP,180,47,0,404,0
TCP,1280,88,1,58,0
TCP,1928,180,0,498,0
TCP,108,16,1,132,0
TCP,797,68,0,506,0
TCP,958,32,0,100,0
TCP,444,691,0,424,0
TCP,514,158,0,316,0
TCP,179,88,0,162,0
ICMP,1425,159,0,83,0
TCP,810,56,0,882,0
TCP,606,15,0,22,0
UDP,49,33,0,299,0
TCP,51,7,0,347,0
TCP,784,107,0,84,0
TCP,178,14,0,1164,0
ICMP,95,255,0,30,0
ICMP,3994,976,1,167,1
UDP,304,88,0,256,0
TCP,62,86,0,759,0
ICMP,273,96,1,433,0
TCP,749,539,0,97,0
TCP,1680,88,0,704,0
UDP,1470,61,0,324,0
TCP,580,12,1,377,0
TCP,8,6,0,1444,0
TCP,371,85,0,31,0
TCP,315,22,0,192,0
TCP,231,122,0,74,0
TCP,73,30,0,220,0
TCP,391,231,0,653,0
TCP,182,180,0,130,0
UDP,557,152,0,12,0
TCP,184,39,0,33,0
UDP,939,214,0,642,0
ICMP,17,272,0,231,0
TCP,27,86,0,585,0
UDP,117,19,0,100,0
TCP,20,63,0,1399,0
TCP,716,98,0,97,0
TCP,525,46,0,394,0
UDP,121,21,0,25,0
TCP,55,78,0,162,0
TCP,161,70,0,172,0
TCP,226,31,0,196,0
TCP,800,204,1,21,0
TCP,179,134,0,865,0
TCP,341,30,0,881,0
TCP,126,1,0,1302,0
ICMP,302,36,0,99,0
UDP,472,40,0,179,0
TCP,498,29,0,199,0
TCP,683,156,0,497,0
UDP,643,170,0,706,0
TCP,1330,10,0,1449,0
TCP,310,9,0,22,0
TCP,115,200,0,541,0
TCP,574,24,0,56,0
UDP,233,106,0,5,0
TCP,218,14,0,719,0
UDP,397,605,0,511,0
TCP,1673,124,0,1043,0
TCP,251,62,0,208,0
TCP,30,19,1,536,0
TCP,452,59,0,571,0
TCP,420,21,0,120,0
TCP,461,16,0,177,0
UDP,293,57,1,1229,0
UDP,173,76,0,82,0
UDP,1288,155,0,43,0
UDP,89,69,0,28,0
UDP,1152,274,0,231,0
ICMP,71,68,0,827,0
ICMP,245,98,0,81,0
UDP,249,190,0,692,0
ICMP,45,114,0,68,0
TCP,82,73,0,1337,0
TCP,184,41,0,27,0
TCP,317,18,0,1991,0
TCP,344,28,0,173,0
TCP,35,5,0,771,0
UDP,1493,177,0,488,0
TCP,932,69,0,171,0
TCP,21,96,0,360,0
UDP,281,154,0,295,0
TCP,998,35,0,577,0
TCP,834,85,1,43,0
TCP,11,177,0,362,0
ICMP,315,2,0,24,0
UDP,196,3,0,1094,0
TCP,613,11,0,164,0
TCP,160,321,0,70,0
TCP,1170,85,0,227,0
UDP,855,24,0,91,0
TCP,127,49,0,231,0
TCP,389,246,1,1508,0
TCP,105,67,0,163,0
TCP,386,7,0,949,0
TCP,4601,5,1,5954,1
UDP,292,34,0,497,0
TCP,1030,123,0,337,0
UDP,50,115,0,295,0
TCP,642,116,0,188,0
ICMP,979,126,1,475,0
TCP,1176,184,0,143,0
UDP,178,19,0,618,0
TCP,6257,177,8,143,1
TCP,9,65,0,245,0
TCP,373,393,0,175,0
TCP,121,103,0,788,0
TCP,373,233,0,608,0
UDP,676,71,0,68,0
TCP,212,227,1,260,0
TCP,1684,32,0,111,0
UDP,283,97,1,1150,0
TCP,145,115,0,2230,0
TCP,8,32,0,340,0
TCP,66,21,0,506,0
TCP,196,1,0,656,0
TCP,583,23,0,583,0
TCP,119,120,0,563,0
TCP,107,36,0,551,0
TCP,674,98,1,739,0
ICMP,182,31,1,1,0
UDP,27,14,0,1456,0
TCP,190,124,0,183,0
UDP,367,418,0,1044,0
TCP,292,64,0,2140,0
TCP,474,311,0,782,0
TCP,181,26,0,140,0
TCP,222,0,0,203,0
UDP,878,187,0,158,0
TCP,439,384,0,342,0
TCP,691,31,0,209,0
ICMP,540,138,0,204,0
TCP,264,65,0,225,0
TCP,1644,25,0,604,0
UDP,1009,18,0,45,0
TCP,90,3,0,51,0
TCP,190,123,0,622,0
UDP,178,34,0,468,0
TCP,2021,2,0,114,0
TCP,453,21,0,818,0
TCP,2506,20,11,5886,1
UDP,31,4,0,190,0
TCP,2633,39,0,46,0
TCP,625,28,0,45,0
TCP,1618,12,0,813,0
ICMP,55,94,0,433,0
TCP,331,237,0,461,0
TCP,598,141,0,1739,0
TCP,252,23,0,56,0
TCP,47,64,0,535,0
UDP,498,11,0,340,0
TCP,457,138,0,570,0
UDP,88,34,0,24,0
UDP,224,156,0,300,0
TCP,71,32,0,123,0
TCP,965,212,0,2,0
TCP,764,102,1,498,0
TCP,251,145,0,888,0
UDP,324,150,0,356,0
ICMP,617,52,0,525,0
TCP,677,7,0,180,0
TCP,1016,4,0,185,0
TCP,80,3,0,1149,0
TCP,527,21,0,545,0
TCP,1380,187,0,9,0
TCP,508,371,0,413,0
TCP,777,187,0,244,0
TCP,1594,16,0,449,0
TCP,73,14,0,118,0
TCP,1022,128,5,4069,1
TCP,114,7,0,1780,0
TCP,887,78,0,719,0
UDP,456,14,0,556,0
TCP,450,226,0,62,0
TCP,5469,484,0,338,1
UDP,118,266,0,69,0
TCP,43,9,0,200,0
TCP,394,76,0,192,0
TCP,795,31,0,1862,0
TCP,274,44,0,81,0
TCP,940,25,0,2699,0
TCP,122,27,0,641,0
TCP,27,11,0,176,0
ICMP,64,60,0,393,0
TCP,71,88,0,57,0
TCP,505,64,0,712,0
TCP,195,43,0,251,0
TCP,827,147,0,1253,0
TCP,325,245,0,287,0
TCP,92,103,0,79,1
TCP,1674,23,0,38,0
TCP,419,26,0,146,0
UDP,5160,42,0,6542,1
TCP,66,16,0,975,0
UDP,141,299,1,650,0
TCP,13,35,0,1173,0
UDP,487,27,0,841,0
TCP,175,129,0,249,0
TCP,627,283,8,998,1
TCP,130,115,0,544,0
UDP,542,29,0,693,0
UDP,308,12,0,1474,0
TCP,35,143,0,365,0
TCP,1000,59,0,195,0
TCP,844,76,0,1345,0
TCP,1164,4,0,1167,0
UDP,124,69,0,330,0
TCP,174,144,0,517,0
TCP,330,28,0,14,0
TCP,321,47,1,49,0
UDP,452,5,0,1112,0
TCP,32,18,1,1055,0
TCP,133,116,0,388,0
TCP,1218,4,0,868,0
ICMP,1018,33,0,26,0
TCP,299,155,0,1424,0
TCP,7,547,0,556,0
TCP,97,206,0,376,0
TCP,1609,35,0,158,0
TCP,389,72,0,347,0
UDP,1778,77,6,185,1
UDP,264,44,0,100,0
UDP,69,342,0,383,0
TCP,82,20,0,37,0
UDP,22,79,0,1221,0
TCP,1830,154,0,2169,0
TCP,303,14,0,271,0
TCP,1027,44,0,415,0
TCP,118,131,0,1126,0
TCP,278,129,0,518,0
TCP,143,6,1,334,0
TCP,325,338,0,37,0
TCP,6165,423,0,69,1
UDP,184,21,0,347,0
TCP,162,52,0,163,0
UDP,1130,319,0,30,0
TCP,1134,70,0,52,0
TCP,268,19,0,442,0
TCP,650,161,1,2117,0
TCP,978,34,0,495,0
TCP,228,235,0,91,0
UDP,127,229,0,490,0
TCP,183,130,0,1336,0
ICMP,194,112,0,1025,0
TCP,24,39,0,147,0
UDP,54,211,0,1472,0
TCP,2405,334,0,545,0
TCP,138,197,0,592,0
TCP,180,28,0,224,0
TCP,1603,73,0,192,0
TCP,122,197,0,1343,0
TCP,185,101,0,145,0
TCP,854,57,0,1082,0
TCP,112,43,0,89,0
UDP,329,20,1,1789,0
TCP,682,90,0,120,0
UDP,17,36,0,152,0
TCP,172,10,0,336,0
UDP,872,65,0,658,0
TCP,97,191,0,731,0
TCP,353,1,0,274,0
UDP,83,281,0,56,0
TCP,254,9,0,446,0
TCP,398,30,0,190,0
TCP,21,211,0,507,0
TCP,47,72,0,198,0
ICMP,291,48,0,827,0
TCP,117,67,0,534,0
TCP,174,212,0,231,0
TCP,577,53,0,811,0
TCP,0,39,0,214,0
TCP,351,21,0,192,0
TCP,737,135,0,2102,0
UDP,87,258,0,162,0
TCP,109,102,0,447,0
TCP,356,128,0,1057,0
UDP,923,200,0,489,0
TCP,516,28,0,1017,0
TCP,12,251,1,388,0
TCP,274,86,0,213,0
TCP,1639,53,0,1509,0
UDP,367,24,0,156,0
TCP,293,0,0,224,0
TCP,232,216,0,633,0
TCP,451,18,0,534,0
TCP,734,165,0,16,0
TCP,1209,1,0,20,0
TCP,1698,138,1,406,0
UDP,547,6,0,212,0
TCP,213,70,0,661,0
TCP,81,10,0,276,0
TCP,177,168,0,143,0
TCP,174,14,0,549,0
TCP,1232,206,0,673,0
TCP,203,99,0,5834,1
UDP,747,2,0,351,0
TCP,514,20,0,497,0
TCP,6725,165,4,5028,1
TCP,238,220,0,54,0
UDP,1233,60,0,1174,0
UDP,51,119,0,140,0
UDP,558,130,0,289,0
TCP,619,534,0,99,0
TCP,107,199,0,569,0
ICMP,667,178,0,606,0
ICMP,490,92,0,231,0
TCP,136,250,0,460,0
TCP,236,58,0,28,0
TCP,969,342,0,392,0
TCP,408,182,1,126,0
TCP,62,36,0,394,0
TCP,351,55,0,209,0
UDP,240,169,0,217,0
ICMP,629,64,1,427,0
UDP,115,201,0,45,0
TCP,1014,181,0,414,0
TCP,84,164,0,646,0
TCP,251,29,0,4288,1
TCP,372,227,0,688,0
TCP,161,94,0,244,0
ICMP,660,231,0,140,0
TCP,294,110,0,74,0
TCP,154,166,0,146,0
UDP,153,114,1,67,0
TCP,116,33,0,183,0
UDP,179,141,0,108,0
TCP,47,14,1,386,0
TCP,652,39,0,30,0
UDP,241,5,0,137,0
TCP,641,194,0,67,0
UDP,235,82,1,301,0
ICMP,518,104,0,48,0
TCP,719,113,0,683,0
TCP,50,339,0,97,0
TCP,18,5,0,294,0
ICMP,5425,29,0,6195,1
UDP,18,49,0,899,0
TCP,252,170,0,205,0
TCP,517,24,0,401,0
ICMP,140,79,0,51,0
TCP,347,44,0,3,0
TCP,189,193,0,535,0
TCP,1439,31,1,210,0
TCP,700,53,0,57,0
TCP,49,12,0,209,0
TCP,2300,30,0,949,0
TCP,763,20,0,109,0
TCP,416,55,0,1392,0
ICMP,511,24,0,806,0
UDP,179,90,0,576,0
TCP,139,309,0,240,0
UDP,606,77,0,2114,0
TCP,31,24,0,1718,0
TCP,164,93,0,10,0
TCP,170,147,0,626,0
TCP,345,34,0,244,0
TCP,244,11,1,843,0
TCP,1330,59,0,352,0
UDP,736,8,0,571,0
UDP,59,661,0,997,0
UDP,653,32,0,36,0
TCP,84,43,0,165,0
TCP,633,137,0,309,0
TCP,52,65,0,414,0
ICMP,1830,68,0,304,0
TCP,499,48,1,569,0
UDP,487,115,0,4,0
ICMP,122,166,1,87,0
TCP,226,47,0,588,0
TCP,960,126,0,1242,0
TCP,150,13,0,759,0
TCP,342,17,0,26,0
ICMP,87,71,0,113,0
ICMP,615,293,0,330,0
TCP,1697,83,0,133,0
TCP,1455,32,0,142,0
UDP,286,48,0,535,0
UDP,360,75,0,683,0
TCP,328,46,1,519,0
TCP,51,168,0,745,0
TCP,247,5,0,732,0
TCP,1019,122,0,15,0
TCP,1225,276,0,714,0
TCP,30,143,0,493,0
TCP,104,19,0,99,0
TCP,973,29,0,116,0
TCP,587,7,0,724,0
TCP,261,51,0,172,0
UDP,608,10,0,489,0
UDP,238,49,0,1440,0
UDP,628,115,0,1118,0
ICMP,243,9,6,4596,1
TCP,221,85,0,304,0
TCP,426,394,0,168,0
TCP,5835,11,7,6920,1
TCP,377,3,0,1529,0
UDP,1358,24,0,1319,0
TCP,129,41,0,206,0
TCP,2062,13,0,891,0
UDP,289,101,0,207,0
TCP,365,116,1,28,0
TCP,1129,200,0,635,0
TCP,7,6,0,660,0
UDP,43,60,0,45,0
UDP,578,97,1,85,0
TCP,215,108,0,568,0
TCP,261,64,0,373,0
TCP,673,52,0,129,0
TCP,403,18,1,186,0
UDP,466,59,0,669,0
ICMP,273,189,1,708,0
TCP,124,172,0,883,0
UDP,100,73,0,1309,0
ICMP,1,53,0,246,0
TCP,54,22,8,6014,1
TCP,6167,66,4,4148,1
TCP,731,120,0,8,0
TCP,167,29,0,220,0
TCP,233,16,0,993,0
UDP,790,3,0,157,0
UDP,510,33,0,542,0
UDP,262,24,0,147,0
TCP,138,9,0,261,0
TCP,470,50,0,783,0
TCP,1101,321,0,366,0
TCP,596,31,0,425,0
TCP,19,145,0,1107,0
TCP,1464,53,1,250,0
UDP,504,264,0,610,0
UDP,554,135,0,313,0
TCP,469,119,0,91,0
TCP,637,214,0,240,0
TCP,520,145,0,126,0
UDP,192,40,0,97,0
TCP,411,196,1,212,0
UDP,656,12,0,55,0
ICMP,262,1,0,191,0
ICMP,312,10,0,10,0
TCP,429,98,0,220,0
TCP,452,318,0,3592,0
TCP,86,79,1,1037,0
TCP,18,133,0,69,0
ICMP,119,118,1,881,0
TCP,239,100,1,1333,0
TCP,266,73,0,150,0
UDP,963,20,0,766,0
TCP,925,162,0,328,0
ICMP,1236,19,0,684,0
UDP,738,52,0,111,0
TCP,1533,15,0,432,0
UDP,5842,82,10,394,1
UDP,354,130,0,48,0
TCP,249,27,0,639,0
TCP,186,58,0,14,0
TCP,725,103,0,191,0
TCP,654,12,0,338,0
TCP,5,64,0,1043,0
UDP,652,29,0,26,0
TCP,13,168,0,1101,0
TCP,394,67,0,206,0
TCP,576,53,0,248,0
UDP,7520,72,0,5684,1
UDP,127,24,0,125,0
UDP,19,232,0,123,0
TCP,658,110,0,70,0
TCP,144,90,0,2956,0
UDP,445,211,0,243,0
TCP,1643,17,0,84,0
TCP,87,28,0,463,0
TCP,47,166,0,134,0
UDP,528,474,0,26,0
ICMP,394,61,0,184,0
TCP,393,34,0,1203,0
ICMP,1105,154,0,816,0
TCP,1070,69,0,176,0
UDP,923,50,0,977,0
TCP,1970,221,0,95,0
TCP,226,61,0,815,0
TCP,800,148,0,100,0
TCP,3021,405,7,4950,1
TCP,142,77,0,52,0
TCP,767,216,0,492,0
TCP,6654,150,0,1013,1
ICMP,120,23,0,225,0
TCP,762,122,0,915,0
TCP,372,199,0,806,0
ICMP,287,24,0,679,0
TCP,14,271,0,1,0
TCP,1112,33,1,1796,0
UDP,806,51,0,2439,0
TCP,206,151,0,11,0
TCP,143,67,0,105,0
TCP,20,131,0,77,0
TCP,293,285,0,41,0
TCP,277,129,0,329,0
UDP,368,35,0,753,0
TCP,348,219,0,1203,0
TCP,194,35,1,1041,0
TCP,259,20,0,500,0
TCP,138,163,1,242,0
TCP,258,5,1,884,0
TCP,1054,138,1,154,0
ICMP,628,195,0,89,0
TCP,177,48,0,397,0
ICMP,234,242,0,78,0
TCP,395,78,0,200,0
TCP,1366,115,0,36,0
TCP,978,25,0,67,0
TCP,51,124,0,624,0
TCP,36,174,1,6,0
UDP,239,4,1,579,0
TCP,166,85,0,77,0
UDP,400,21,0,10,0
TCP,534,14,0,322,0
TCP,2039,438,0,531,0
TCP,553,216,0,232,0
TCP,88,68,0,207,0
TCP,479,211,0,2961,0
TCP,165,285,0,674,0
TCP,769,72,0,1331,0
UDP,545,12,1,132,0
TCP,204,212,0,479,0
UDP,16,30,0,291,0
TCP,203,91,0,135,0
UDP,80,25,0,19,0
TCP,429,282,0,509,0
TCP,88,64,0,341,0
TCP,164,243,0,197,0
UDP,32,13,0,12,0
UDP,451,104,0,1304,0
TCP,1038,21,0,136,0
TCP,354,185,0,469,0
TCP,681,40,0,178,0
UDP,42,77,0,694,0
UDP,813,86,0,115,0
TCP,100,16,0,1,0
TCP,1366,31,0,1048,0
TCP,1491,52,0,41,0
TCP,199,181,0,1039,0
UDP,729,18,0,482,0
UDP,3524,45,0,162,0
ICMP,80,1,0,175,0
TCP,829,36,0,3062,0
TCP,890,98,0,410,0
UDP,150,49,0,617,0
UDP,247,126,0,354,0
UDP,262,295,1,9,0
TCP,621,9,0,95,0
ICMP,41,91,0,357,0
TCP,320,121,0,159,0
TCP,538,62,0,623,0
TCP,66,35,0,115,0
TCP,305,70,1,392,0
TCP,319,57,0,306,0
TCP,28,37,1,156,0
UDP,1299,181,1,642,0
TCP,198,233,0,26,0
TCP,542,166,0,464,0
UDP,556,105,0,1568,0
TCP,191,97,0,250,0
UDP,282,277,0,143,0
TCP,105,123,0,2149,0
TCP,187,227,0,544,0
TCP,746,110,0,170,0
TCP,1412,42,0,85,0
ICMP,154,42,0,17,1
TCP,671,20,0,62,0
TCP,906,53,0,396,0
TCP,1414,139,0,223,0
TCP,357,62,0,1769,0
TCP,288,20,0,46,0
TCP,55,27,0,16,0
TCP,45,49,0,1100,0
TCP,253,23,0,52,0
TCP,584,96,0,888,0
TCP,391,26,0,96,0
TCP,50,115,0,44,0
TCP,24,142,0,86,0
ICMP,498,92,0,1143,0
TCP,73,3,0,241,0
TCP,719,74,0,302,0
TCP,660,40,0,213,0
TCP,684,140,0,1354,0
TCP,744,83,0,58,0
TCP,211,38,0,104,0
UDP,400,38,0,167,0
TCP,1822,1213,8,3228,1
TCP,702,78,0,179,0
TCP,1044,95,0,1063,0
TCP,804,198,0,20,0
ICMP,85,90,0,152,0
TCP,62,16,0,861,0
ICMP,420,63,0,649,0
ICMP,576,86,0,858,0
TCP,76,48,0,17,0
ICMP,354,134,0,359,0
TCP,195,109,0,945,0
TCP,271,12,0,895,0
TCP,283,8,1,294,0
ICMP,769,26,0,889,0
TCP,1166,73,1,383,0
TCP,115,37,0,1452,0
TCP,1149,14,0,771,0
TCP,683,94,0,283,1
TCP,396,27,0,99,0
ICMP,522,82,0,820,0
TCP,657,3,0,1385,0
TCP,84,38,0,335,0
TCP,233,202,0,42,0
TCP,160,18,0,517,0
TCP,296,259,0,1015,0
TCP,52,2,1,226,0
TCP,622,55,1,827,0
TCP,472,176,0,140,0
TCP,173,124,3,5895,1
ICMP,586,107,0,23,0
TCP,261,118,0,173,0
TCP,7,13,0,100,0
UDP,131,84,0,331,0
ICMP,72,0,0,618,0
TCP,518,3,0,230,0
TCP,875,81,0,366,0
TCP,254,348,0,906,0
TCP,127,165,0,105,0
UDP,701,105,0,252,0
TCP,846,122,1,19,0
TCP,443,186,0,14,0
TCP,645,1,0,1040,0
UDP,16,71,0,200,0
UDP,677,155,0,1314,0
TCP,758,21,0,329,0
UDP,236,63,0,30,0
UDP,195,72,0,229,0
ICMP,133,164,0,314,0
TCP,14,9,0,180,0
TCP,270,21,0,322,0
TCP,6065,15,5,3928,1
TCP,218,199,0,519,0
TCP,1418,37,1,602,0
TCP,29,269,0,439,0
TCP,6780,14,5,154,1
UDP,891,277,0,394,0
TCP,460,112,0,345,0
TCP,181,116,0,127,0
TCP,658,141,0,306,0
ICMP,395,108,6,6997,1
TCP,929,366,0,881,0
TCP,2274,75,0,539,0
ICMP,4544,43,3,196,1
TCP,36,124,0,1073,0
TCP,650,15,0,734,0
TCP,1881,45,0,117,0
TCP,71,23,0,12,0
TCP,496,3,0,706,1
UDP,253,51,0,490,0
UDP,1391,189,0,833,0
TCP,30,249,0,1008,0
TCP,609,71,0,79,0
TCP,545,61,0,39,0
TCP,528,269,0,217,0
TCP,84,75,1,200,0
TCP,63,32,0,222,0
TCP,29,4,0,963,0
ICMP,38,89,1,1470,0
TCP,580,15,0,61,0
TCP,1464,165,0,1088,0
TCP,374,85,0,322,0
TCP,620,122,0,60,0
TCP,966,98,0,149,0
UDP,113,61,0,97,0
TCP,126,206,0,138,0
TCP,609,45,0,618,0
TCP,302,28,0,760,0
TCP,377,81,1,105,0
UDP,39,125,0,767,0
UDP,172,77,0,185,0
TCP,17,141,0,130,0
TCP,1131,144,0,584,0
TCP,900,229,0,43,0
ICMP,6120,9,13,3176,1
UDP,25,21,0,5,0
ICMP,513,23,0,443,0
TCP,171,20,0,114,0
TCP,555,225,0,865,0
TCP,141,86,0,172,0
TCP,685,162,0,1,0
TCP,133,7,0,31,0
TCP,562,62,0,174,0
TCP,560,149,0,301,0
TCP,114,0,0,703,0
TCP,31,41,0,112,0
TCP,14,81,0,1413,0
UDP,678,413,0,286,0
UDP,878,16,0,716,0
TCP,51,1029,0,508,0
UDP,10,65,1,297,0
UDP,838,79,0,827,0
TCP,9,104,0,751,0
UDP,977,22,0,2,0
TCP,821,4,0,1652,0
ICMP,839,149,1,518,0
TCP,103,25,0,71,0
TCP,603,49,0,1052,0
UDP,640,180,0,455,0
TCP,576,15,0,18,0
ICMP,95,52,0,2902,0
TCP,210,118,1,863,0
TCP,75,17,0,76,0
ICMP,88,85,0,93,0
TCP,167,97,0,505,0
TCP,832,2,0,323,0
TCP,697,14,0,187,0
UDP,677,24,0,1256,0
UDP,55,38,0,568,0
UDP,599,367,0,462,0
TCP,209,185,4,1761,1
TCP,837,17,0,8,0
TCP,3560,31,4,5224,1
TCP,81,142,0,47,0
UDP,787,306,0,374,0
TCP,71,66,0,519,0
TCP,97,182,0,1039,0
TCP,48,34,0,689,0
TCP,203,35,0,26,0
TCP,38,146,0,39,0
TCP,317,9,0,1761,0
ICMP,398,15,0,256,0
ICMP,171,35,0,320,0
TCP,491,111,0,79,0
TCP,722,176,1,1049,0
TCP,309,123,1,129,0
TCP,206,216,0,1141,0
TCP,438,26,0,133,0
TCP,552,53,0,725,0
TCP,1382,318,0,948,0
TCP,239,59,1,180,0
TCP,703,8,0,182,0
TCP,45,8,0,626,0
TCP,294,134,0,80,0
UDP,125,22,0,42,0
UDP,447,20,0,446,0
TCP,5789,33,5,4937,1
UDP,63,36,0,675,0
TCP,117,229,0,666,0
TCP,7428,248,0,4002,1
ICMP,240,133,0,68,0
TCP,3,51,0,517,0
TCP,341,51,0,96,0
TCP,5051,128,2,1391,1
TCP,719,15,0,1292,0
TCP,296,277,0,511,0
TCP,588,109,1,1637,0
TCP,49,23,0,43,0
TCP,135,20,0,554,0
UDP,156,62,0,23,0
TCP,1509,63,0,370,0
ICMP,12,178,0,1028,0
TCP,112,50,0,528,0
TCP,2848,154,0,237,0
TCP,1192,20,1,203,0
TCP,454,498,0,507,0
TCP,611,99,0,464,0
TCP,23,0,0,362,0
TCP,1219,115,0,71,0
UDP,500,44,0,627,0
ICMP,45,129,0,259,0
ICMP,340,101,0,16,0
TCP,248,31,0,122,0
TCP,190,261,0,317,0
UDP,0,24,0,175,0
TCP,432,25,0,282,0
UDP,344,59,0,243,0
TCP,906,43,0,907,0
TCP,423,53,0,1078,0
ICMP,73,2,0,799,0
TCP,227,89,0,1382,0
TCP,747,69,0,41,0
TCP,149,179,0,53,0
TCP,378,32,1,489,0
TCP,32,40,1,764,0
TCP,381,279,1,1537,0
TCP,949,101,0,162,0
TCP,399,144,1,593,0
TCP,199,319,0,244,0
ICMP,15,54,0,211,0
TCP,739,84,0,370,0
TCP,214,293,0,69,0
UDP,510,130,0,1480,0
TCP,302,110,0,367,0
TCP,79,37,0,482,0
ICMP,199,279,0,129,0
UDP,769,104,0,25,0
TCP,228,74,0,246,0
UDP,250,162,0,262,0
UDP,34,104,0,257,0
TCP,38,68,0,1607,0
TCP,1431,43,1,51,0
ICMP,247,32,0,263,0
ICMP,89,282,1,434,0
TCP,333,56,0,187,0
UDP,154,68,0,1160,0
UDP,140,328,2,384,0
TCP,34,257,0,512,0
TCP,1890,30,0,391,0
TCP,860,32,0,424,0
TCP,1896,160,0,93,0
TCP,576,23,2,190,0
TCP,7,24,0,552,0
TCP,1742,6,0,1272,0
TCP,63,36,0,1291,0
TCP,344,315,0,180,0
ICMP,35,680,0,1,0
TCP,24,204,2,137,0
TCP,298,171,0,1379,0
TCP,88,6,0,114,0
TCP,94,164,0,66,0
TCP,178,93,0,188,0
TCP,197,106,0,1123,0
TCP,843,0,0,151,0
TCP,55,8,0,165,0
TCP,6836,18,1,4181,1
TCP,122,32,0,457,0
ICMP,212,24,0,1124,0
TCP,232,93,0,366,0
TCP,67,171,0,508,0
UDP,474,48,0,67,0
TCP,577,23,0,550,0
TCP,92,154,0,83,0
TCP,252,52,0,1283,0
TCP,8,69,0,65,0
TCP,219,92,0,634,0
UDP,117,165,0,117,0
UDP,313,79,0,1644,0
TCP,794,79,0,710,0
TCP,2015,68,0,211,0
TCP,1816,365,0,452,0
TCP,515,40,0,275,0
TCP,72,213,0,415,0
TCP,106,28,0,21,0
TCP,10,65,0,750,0
TCP,531,155,0,177,0
ICMP,339,54,0,298,0
UDP,1081,39,0,378,0
UDP,1302,91,0,42,0
TCP,304,29,0,316,0
TCP,428,48,0,99,0
TCP,725,51,0,120,0
TCP,645,134,0,101,0
UDP,91,199,1,35,0
TCP,7090,29,5,6344,1
TCP,5028,107,4,4993,1
ICMP,388,257,0,467,0
TCP,379,47,0,343,0
ICMP,217,20,0,34,0
TCP,325,7,1,258,0
TCP,77,68,0,779,0
TCP,134,6,0,447,0
TCP,247,53,0,1027,0
TCP,141,114,0,41,0
ICMP,202,49,0,659,0
TCP,50,13,0,578,0
TCP,250,163,0,357,0
TCP,1875,2,0,1050,0
UDP,151,19,0,92,0
TCP,1848,30,0,158,0
TCP,428,69,0,276,0
TCP,396,154,1,113,0
TCP,284,57,0,1223,0
TCP,15,190,0,827,0
TCP,372,72,0,66,0
TCP,791,52,0,1708,0
TCP,702,99,0,1369,0
TCP,270,42,0,458,0
TCP,462,25,0,806,0
ICMP,98,18,0,93,0
TCP,105,105,0,122,0
TCP,348,57,0,1357,0
ICMP,3,89,0,255,0
TCP,245,9,1,2128,0
TCP,97,279,0,864,0
ICMP,808,140,0,405,0
UDP,154,87,0,180,0
ICMP,560,149,0,753,0
TCP,329,45,0,4,0
ICMP,635,89,0,201,0
TCP,811,160,0,1004,0
TCP,118,79,4,846,1
ICMP,850,74,0,5,1
UDP,355,34,0,475,0
UDP,254,69,0,350,0
UDP,458,69,0,35,0
TCP,1003,76,0,802,0
TCP,156,129,0,548,0
TCP,137,90,0,18,0
TCP,37,413,0,135,0
UDP,42,109,0,525,0
TCP,642,103,0,359,0
TCP,753,66,0,2002,0
UDP,708,16,0,1589,0
ICMP,5024,66,5,4719,1
TCP,137,40,0,134,0
TCP,64,86,1,667,0
TCP,1153,141,0,9,0
TCP,520,101,0,62,0
TCP,226,13,0,1039,0
TCP,994,331,0,450,0
TCP,224,55,0,622,0
TCP,269,20,0,199,0
UDP,148,28,0,474,0
UDP,93,78,0,1619,0
TCP,203,92,0,25,0
TCP,1111,184,0,298,0
TCP,1283,97,0,198,0
UDP,97,47,0,243,0
UDP,899,260,1,1325,0
TCP,32,146,0,141,0
TCP,1939,27,0,280,0
TCP,410,97,0,460,0
UDP,939,85,0,599,0
TCP,919,441,0,479,0
TCP,1115,104,0,5,0
TCP,674,94,0,310,0
TCP,4535,122,10,1165,1
TCP,283,90,0,19,0
TCP,383,103,0,63,0
TCP,1031,473,0,1610,0
TCP,7,8,0,427,0
TCP,644,16,0,88,0
TCP,1334,173,0,1394,0
TCP,77,169,0,22,0
TCP,494,134,5,749,1
UDP,262,10,0,2013,0
UDP,945,131,0,134,0
TCP,324,20,0,2603,0
TCP,156,43,11,209,1
TCP,10,544,0,381,0
ICMP,47,7,0,993,0
TCP,119,58,0,1445,0
UDP,108,61,0,177,0
UDP,547,27,1,457,0
ICMP,717,73,0,417,0
TCP,1215,107,0,804,0
TCP,1296,210,0,14,0
TCP,922,197,0,436,0
TCP,4764,193,1,38,0
TCP,388,111,0,166,0
TCP,7064,42,0,5999,1
TCP,562,15,1,84,0
TCP,103,49,0,565,0
TCP,65,28,0,832,0
UDP,796,252,1,928,0
TCP,184,169,0,1819,0
UDP,711,73,0,246,0
TCP,297,20,0,1623,0
UDP,203,11,0,175,0
ICMP,389,110,0,886,0
TCP,95,197,0,2057,0
TCP,4704,351,6,967,1
TCP,572,84,0,767,0
TCP,1546,121,0,378,0
TCP,374,54,0,118,0
UDP,190,121,0,335,0
TCP,1425,33,0,1195,0
UDP,202,90,1,358,0
TCP,837,21,0,171,0
UDP,315,300,0,928,0
UDP,873,25,0,300,0
UDP,1666,92,0,304,0
UDP,1078,87,0,73,0
TCP,63,195,0,70,0
TCP,14,136,0,279,0
ICMP,1,12,0,813,0
TCP,224,60,0,142,0
TCP,144,152,0,1,0
TCP,863,27,0,642,0
TCP,187,26,0,121,0
UDP,351,165,0,236,0
UDP,18,133,0,85,0
TCP,99,15,0,335,0
TCP,80,53,0,129,0
TCP,966,4,0,182,0
ICMP,668,284,0,115,0
ICMP,228,273,0,15,0
TCP,76,232,0,546,0
UDP,204,115,0,765,0
TCP,153,174,0,105,0
TCP,236,46,0,232,0
TCP,225,191,1,19,0
TCP,310,181,1,855,0
TCP,45,170,1,363,0
TCP,398,97,0,1043,0
TCP,420,29,0,210,0
TCP,319,226,0,462,0
TCP,1677,11,0,112,0
TCP,54,85,0,421,0
TCP,1277,5,0,174,0
TCP,94,106,0,204,0
TCP,1149,69,0,427,0
TCP,274,4,0,309,0
UDP,500,46,1,236,0
TCP,501,147,0,181,0
ICMP,222,100,0,1276,0
TCP,590,69,0,849,0
TCP,133,3,0,356,0
UDP,2643,95,0,18,0
TCP,157,94,0,454,0
TCP,926,150,0,964,0
TCP,82,82,0,258,0
TCP,1124,64,0,40,0
TCP,3590,302,0,76,0
TCP,388,19,0,371,0
ICMP,977,34,1,371,0
TCP,43,40,0,331,0
TCP,179,15,0,368,0
TCP,625,15,0,225,0
TCP,848,203,0,34,0
TCP,242,81,0,603,0
UDP,175,83,0,522,0
TCP,1025,257,0,312,0
TCP,516,38,0,476,0
UDP,144,40,0,1011,0
TCP,3709,236,0,1273,1
TCP,388,146,0,140,0
TCP,194,22,0,1267,0
TCP,599,173,0,196,0
TCP,207,167,0,1343,0
TCP,112,161,0,80,0
TCP,312,2,0,3,0
UDP,196,4,0,581,0
TCP,5647,22,7,5151,1
TCP,462,282,0,48,0
TCP,275,74,0,522,0
ICMP,331,52,0,3192,0
TCP,1207,39,0,156,0
TCP,678,296,0,113,0
TCP,846,42,0,193,0
TCP,106,57,1,689,0
TCP,116,4,0,935,0
TCP,1631,59,0,41,0
UDP,273,32,1,298,0
TCP,963,36,0,363,0
TCP,751,161,0,125,0
TCP,264,38,0,737,0
TCP,118,94,0,174,0
TCP,380,17,0,19,0
TCP,144,321,0,262,0
ICMP,23,48,0,378,0
TCP,1355,301,0,553,0
TCP,256,182,0,150,0
TCP,589,32,0,745,0
TCP,487,57,0,1082,0
UDP,28,139,0,932,0
ICMP,522,41,0,94,0
TCP,627,414,0,92,0
UDP,35,459,0,1334,0
UDP,151,16,0,2153,0
UDP,1106,39,2,526,0
ICMP,636,57,0,22,0
TCP,1599,111,0,294,0
TCP,367,32,0,686,0
TCP,52,138,0,65,0
TCP,256,109,0,588,0
UDP,180,110,0,1088,0
TCP,408,19,0,367,0
UDP,71,15,0,12,0
TCP,768,35,0,652,0
TCP,1065,74,0,410,0
ICMP,160,15,0,1211,0
TCP,274,28,2,76,0
TCP,340,419,1,7,0
TCP,110,123,0,187,0
TCP,227,190,0,781,0
UDP,99,111,1,239,0
TCP,356,21,0,178,0
TCP,64,274,0,544,0
UDP,602,415,0,463,0
TCP,117,14,0,323,0
TCP,144,6,0,595,0
TCP,139,3,0,271,0
TCP,350,164,0,993,0
TCP,1838,164,0,672,0
TCP,1770,378,0,1175,0
TCP,246,32,0,451,0
UDP,546,46,0,383,0
UDP,322,29,0,267,0
ICMP,208,15,0,194,0
TCP,401,35,0,1919,0
UDP,171,2,0,483,0
ICMP,106,5,0,672,0
TCP,259,217,0,31,0
UDP,141,324,0,194,0
ICMP,1718,191,1,695,0
TCP,302,162,0,838,0
TCP,683,414,0,644,0
TCP,182,49,0,315,0
TCP,696,421,0,60,0
ICMP,1998,46,0,402,0
TCP,705,90,0,177,0
TCP,324,188,0,343,0
UDP,4135,35,14,4544,1
UDP,150,128,0,529,0
TCP,420,45,0,8,0
UDP,372,382,0,449,0
TCP,1055,26,0,269,0
TCP,27,3,0,180,0
TCP,408,76,0,1113,0
TCP,59,18,0,78,0
TCP,212,38,0,720,0
TCP,46,270,0,407,0
TCP,189,399,0,631,0
TCP,288,9,0,84,0
ICMP,123,331,0,108,0
ICMP,969,61,0,381,0
TCP,102,26,0,960,0
UDP,5090,12,9,116,1
TCP,1118,10,0,75,0
TCP,79,103,0,118,0
TCP,85,74,0,116,0
UDP,455,50,0,629,0
TCP,55,105,0,340,0
TCP,946,14,0,691,0
TCP,313,45,0,141,0
ICMP,507,115,0,116,0
TCP,847,186,0,239,0
TCP,548,69,0,264,0
TCP,226,148,0,967,0
TCP,202,28,0,690,0
TCP,89,7,0,464,0
UDP,102,32,0,201,0
TCP,153,210,1,129,0
TCP,190,109,0,403,0
UDP,168,106,0,1072,0
TCP,880,78,0,1030,0
TCP,201,306,0,50,0
TCP,181,67,0,634,0
TCP,760,13,1,637,0
UDP,1019,36,1,12,0
TCP,344,117,0,703,0
UDP,256,45,0,451,0
UDP,4767,109,8,4899,1
ICMP,18,1,0,457,0
TCP,655,129,0,1442,0
UDP,240,264,0,176,0
TCP,310,6,0,355,0
TCP,666,14,0,1075,0
TCP,1081,20,0,31,0
UDP,367,131,0,1183,0
TCP,430,278,0,266,0
UDP,1176,24,0,362,0
TCP,1254,62,0,148,0
TCP,74,12,0,677,0
TCP,52,136,0,200,0
TCP,226,216,0,805,0
TCP,397,19,0,501,0
UDP,455,449,0,200,0
TCP,385,84,0,121,0
TCP,357,5,0,512,0
TCP,1763,329,0,45,0
TCP,30,86,0,831,0
UDP,50,124,1,1140,0
TCP,440,158,3,250,1
TCP,128,249,0,19,0
ICMP,250,211,0,1607,0
TCP,109,77,0,328,0
TCP,20,22,0,1241,0
TCP,133,72,0,2406,0
UDP,8,54,0,570,0
TCP,143,76,0,190,0
UDP,24,153,0,561,0
UDP,1456,117,0,1816,0
ICMP,1105,57,0,68,0
TCP,88,316,0,315,0
TCP,6016,62,3,4349,1
UDP,8019,16,6,137,1
ICMP,437,41,0,353,0
TCP,295,38,0,19,0
TCP,1179,17,0,183,0
TCP,461,28,0,129,0
UDP,38,62,0,683,0
TCP,3752,44,0,4919,1
UDP,689,103,0,464,0
ICMP,126,105,0,186,0
TCP,486,31,10,5757,1
TCP,58,13,0,61,0
TCP,601,64,0,540,0
TCP,59,131,0,190,0
UDP,1331,51,1,67,0
TCP,215,52,0,183,0
TCP,192,186,0,233,0
TCP,1,99,0,112,0
TCP,6647,48,0,4780,1
ICMP,632,27,0,10,0
ICMP,3364,231,0,1668,0
TCP,293,122,0,371,0
TCP,283,87,0,31,0
TCP,769,125,0,827,0
TCP,641,185,0,79,0
TCP,843,122,0,412,0
TCP,125,185,0,703,0
TCP,245,53,0,172,0
TCP,51,72,0,123,0
UDP,1071,48,0,196,0
UDP,667,22,0,120,0
TCP,146,153,0,207,0
TCP,121,35,1,561,0
TCP,1454,83,1,21,0
TCP,1189,46,0,33,0
TCP,63,19,0,362,0
TCP,1140,449,0,255,0
TCP,53,510,0,75,0
TCP,866,73,0,76,0
TCP,179,20,0,502,0
UDP,428,376,0,55,0
TCP,1852,146,0,200,0
ICMP,217,33,0,212,0
TCP,750,17,0,160,0
TCP,413,2,1,869,0
TCP,382,195,1,82,0
TCP,776,7,0,1050,0
TCP,813,98,0,104,0
TCP,1114,108,1,1446,0
UDP,6293,5,6,729,1
TCP,406,79,0,110,0
TCP,324,95,0,152,0
TCP,23,30,0,1177,0
TCP,1213,30,0,1017,0
UDP,829,118,0,967,0
UDP,738,200,0,892,0
ICMP,408,490,0,413,0
UDP,317,251,0,399,0
TCP,328,55,0,619,0
TCP,104,248,0,1488,0
UDP,834,118,0,318,0
UDP,1728,56,0,668,0
TCP,8670,42,4,321,1
UDP,225,89,0,545,0
TCP,53,135,0,173,0
UDP,68,174,0,810,0
UDP,277,43,0,169,0
UDP,746,5,0,88,0
ICMP,57,121,0,177,0
ICMP,584,163,0,806,0
TCP,622,204,0,312,0
TCP,93,5,0,538,0
TCP,663,125,0,1668,0
UDP,594,28,0,512,0
ICMP,102,77,0,572,0
TCP,1112,25,0,847,0
TCP,936,94,0,560,0
TCP,844,4,0,8,0
TCP,658,402,0,178,0
TCP,465,27,0,662,0
TCP,343,507,0,5,0
TCP,849,147,0,394,0
TCP,69,26,0,2091,0
TCP,725,132,0,1214,0
TCP,155,56,0,1541,0
TCP,79,198,0,915,0
TCP,1856,290,0,593,0
TCP,654,87,0,51,0
UDP,899,188,0,122,0
UDP,596,2,0,864,0
UDP,232,16,0,122,0
TCP,8,118,0,236,0
ICMP,205,71,1,200,0
UDP,569,43,0,258,0
ICMP,472,93,0,1331,0
TCP,210,11,0,84,0
TCP,38,26,0,431,0
TCP,75,176,0,119,0
TCP,306,19,0,566,0
TCP,42,332,0,1661,0
TCP,323,0,0,177,0
TCP,1862,24,1,76,0
TCP,425,160,0,62,0
UDP,60,231,0,82,0
TCP,377,114,0,650,0
ICMP,55,343,0,766,0
UDP,1320,15,0,42,0
UDP,583,253,0,123,0
UDP,862,22,0,709,0
UDP,379,86,0,22,0
TCP,53,60,6,144,1
TCP,172,291,0,1268,0
UDP,1075,74,0,216,0
UDP,128,24,0,14,0
TCP,172,238,0,213,0
UDP,1201,48,0,583,0
UDP,452,48,0,74,0
TCP,1127,40,0,359,0
TCP,421,83,0,339,0
ICMP,78,11,0,997,0
TCP,73,136,0,411,0
UDP,626,31,0,608,0
UDP,60,96,0,443,0
TCP,697,7,1,894,0
UDP,764,2,0,74,0
TCP,147,19,0,486,0
TCP,78,45,0,150,0
ICMP,411,97,0,791,0
TCP,88,7,0,787,0
TCP,1226,422,0,1340,0
TCP,1778,33,0,59,0
TCP,573,172,0,1278,0
TCP,298,285,0,583,0
TCP,2330,8,0,481,0
TCP,891,119,0,942,0
UDP,2139,15,1,614,0
TCP,61,7,0,64,0
TCP,188,12,0,67,0
TCP,774,73,0,54,0
TCP,816,262,1,95,0
UDP,230,16,0,419,0
TCP,349,4,0,2474,0
ICMP,1221,155,0,558,0
UDP,135,19,0,1290,0
ICMP,303,62,0,587,0
TCP,16,66,1,897,0
TCP,217,6,0,1192,0
TCP,1146,75,0,850,0
TCP,196,61,0,114,0
TCP,455,134,0,570,0
UDP,200,76,0,1015,0
TCP,734,92,0,349,0
TCP,14,96,1,1455,0
TCP,195,104,1,1773,0
TCP,80,124,0,175,0
UDP,853,146,0,831,0
TCP,378,155,0,44,0
TCP,739,149,0,528,0
TCP,809,12,0,319,0
TCP,222,2,0,112,0
TCP,848,269,1,294,0
TCP,921,21,0,638,0
TCP,1143,91,0,1364,0
TCP,395,25,0,158,0
TCP,58,219,0,337,0
ICMP,93,97,0,764,0
TCP,539,23,0,1241,0
TCP,370,241,0,111,0
UDP,538,103,0,534,0
ICMP,504,76,0,754,0
TCP,178,8,6,1304,1
TCP,4331,62,0,5570,1
TCP,477,15,0,626,0
TCP,128,155,0,562,0
TCP,876,127,0,148,0
TCP,589,262,0,19,0
TCP,40,129,1,1083,0
TCP,849,92,1,153,1
UDP,292,121,0,598,0
TCP,188,25,0,99,0
TCP,419,64,0,232,0
TCP,31,101,0,1145,0
TCP,391,8,0,502,0
TCP,121,130,1,1063,0
TCP,1584,46,0,194,0
UDP,285,39,0,268,0
TCP,856,102,0,291,0
TCP,147,205,0,960,0
UDP,168,34,1,236,0
TCP,102,120,0,208,0
TCP,347,121,0,892,0
UDP,543,115,0,195,0
UDP,248,157,0,202,0
TCP,527,86,0,1305,0
TCP,1179,613,0,1314,0
TCP,87,73,0,37,0
TCP,654,70,4,1606,1
TCP,869,2,0,361,0
TCP,74,154,0,1381,0
TCP,486,296,0,816,0
UDP,4743,77,7,65,1
TCP,346,39,0,166,0
TCP,1057,44,0,541,0
TCP,366,266,0,130,0
TCP,34,105,1,841,0
TCP,409,239,0,198,0
UDP,160,106,0,859,0
TCP,472,49,0,123,0
TCP,361,57,0,501,0
TCP,59,75,0,501,0
TCP,686,89,0,829,0
TCP,44,94,0,1,0
TCP,491,60,0,164,0
TCP,90,4,0,528,0
TCP,306,95,0,752,0
TCP,45,70,0,63,0
TCP,72,112,0,182,0
TCP,6416,130,5,205,1
TCP,4791,40,0,5232,1
TCP,33,31,0,21,0
UDP,1266,16,0,905,0
TCP,478,76,0,1727,0
TCP,375,7,0,89,0
TCP,600,367,0,465,0
TCP,62,11,0,96,0
TCP,13,50,0,602,0
TCP,2,7,0,644,0
TCP,48,272,0,242,0
TCP,40,29,0,528,0
UDP,2621,373,0,110,0
ICMP,558,266,1,630,0
TCP,714,75,0,71,0
UDP,849,328,0,230,0
TCP,225,36,0,1255,0
TCP,386,97,0,161,0
TCP,182,24,0,348,0
UDP,307,192,0,414,0
UDP,443,90,0,122,1
TCP,250,247,0,631,0
UDP,438,92,0,1351,0
TCP,2606,94,0,171,0
TCP,607,133,0,211,0
TCP,504,5,0,333,0
TCP,968,61,0,344,0
TCP,468,25,0,201,0
ICMP,272,272,0,811,0
UDP,140,233,0,9,0
TCP,684,152,0,767,0
TCP,780,244,1,592,0
TCP,1548,204,0,112,0
UDP,152,85,0,134,0
TCP,598,305,0,18,0
TCP,171,72,0,547,0
TCP,88,427,0,997,0
TCP,337,326,0,51,0
TCP,173,268,0,1082,0
UDP,241,41,0,904,0
TCP,172,38,0,415,0
TCP,179,59,0,170,0
TCP,61,20,0,341,0
ICMP,296,13,0,379,0
UDP,48,116,0,78,0
TCP,5625,54,0,0,1
TCP,34,94,0,297,0
UDP,208,35,0,28,0
UDP,843,41,0,179,0
TCP,76,113,0,138,0
TCP,726,31,0,224,0
TCP,4,17,0,553,0
UDP,1551,252,0,208,0
ICMP,375,134,0,1116,0
TCP,164,17,0,790,0
TCP,284,25,0,604,0
TCP,482,40,0,480,0
UDP,667,66,1,1396,0
ICMP,52,9,0,3,0
TCP,874,24,0,630,0
TCP,48,1,0,61,0
UDP,1698,91,0,24,0
TCP,451,178,0,124,0
TCP,2286,20,0,129,0
TCP,588,216,0,303,0
TCP,548,51,0,538,0
TCP,1959,39,1,22,0
TCP,263,25,0,35,0
TCP,169,386,0,255,0
TCP,204,29,0,564,0
TCP,2095,46,0,222,0
TCP,49,10,0,15,0
ICMP,91,349,0,1178,0
UDP,149,4,0,99,0
TCP,891,46,0,1034,0
ICMP,1244,22,0,1273,0
UDP,13,38,0,987,0
TCP,386,16,0,589,0
TCP,955,32,0,115,0
TCP,466,40,0,112,0
UDP,429,32,0,18,0
TCP,197,92,0,676,0
TCP,440,53,0,18,0
TCP,324,31,0,290,0
ICMP,125,75,0,706,0
TCP,13,35,0,1055,0
TCP,1108,107,1,144,0
TCP,645,198,0,1023,0
TCP,125,209,0,6,0
TCP,41,16,0,107,0
UDP,305,8,0,1022,0
TCP,301,138,1,332,0
UDP,293,254,0,1099,0
TCP,776,75,0,977,0
UDP,3899,7,2,7351,1
TCP,16,116,0,340,0
TCP,426,15,0,1014,0
TCP,482,56,0,424,0
ICMP,88,114,0,414,0
TCP,969,199,0,351,0
TCP,1042,73,0,950,0
TCP,177,39,0,358,0
TCP,60,68,1,106,0
TCP,113,18,0,200,0
TCP,282,63,0,218,0
TCP,819,94,0,221,0
ICMP,216,32,0,166,0
TCP,6196,53,0,4908,1
TCP,784,281,0,1377,0
TCP,57,2,0,1251,0
TCP,380,198,0,1445,0
ICMP,134,174,0,752,0
UDP,282,43,0,390,0
TCP,366,35,0,14,0
ICMP,564,123,0,995,0
TCP,596,221,0,434,0
UDP,1120,5,0,430,0
TCP,117,75,0,72,0
UDP,1270,32,0,377,0
ICMP,3335,15,10,5019,1
TCP,217,64,0,155,0
TCP,59,11,0,351,0
TCP,217,76,0,309,0
ICMP,89,3,1,84,0
TCP,931,81,0,11,0
TCP,6117,37,0,408,1
TCP,85,182,0,1892,0
ICMP,902,72,0,273,0
ICMP,277,79,0,711,0
UDP,251,127,0,853,0
ICMP,986,21,0,171,0
TCP,298,10,0,535,0
TCP,482,205,0,312,0
TCP,489,260,0,172,0
TCP,64,134,0,307,0
TCP,640,195,0,512,0
TCP,1466,104,0,38,0
TCP,41,80,0,193,0
TCP,53,118,0,452,0
TCP,276,134,0,50,0
TCP,183,20,0,211,0
TCP,492,175,0,18,0
TCP,104,238,1,3082,0
UDP,116,94,0,114,0
TCP,662,45,0,782,0
UDP,125,26,8,5802,1
TCP,136,92,0,623,0
UDP,26,7,0,270,0
TCP,952,248,0,21,0
ICMP,33,66,0,121,0
TCP,595,171,0,543,0
TCP,10,271,0,29,0
TCP,116,21,0,1040,0
TCP,576,127,0,225,0
UDP,491,145,0,433,0
TCP,43,281,0,1237,0
TCP,838,51,0,296,0
ICMP,2265,8,0,927,0
TCP,1361,131,0,531,0
TCP,97,18,0,300,0
TCP,369,55,0,210,0
TCP,69,280,0,191,0
TCP,84,9,0,313,0
TCP,1224,77,0,612,0
TCP,723,5,0,306,0
TCP,845,173,0,750,0
TCP,491,20,0,29,0
TCP,773,5,0,928,0
UDP,867,76,1,162,0
ICMP,357,84,0,2043,0
TCP,659,107,2,653,0
UDP,422,199,0,284,0
TCP,425,6,1,1317,0
ICMP,221,105,0,27,0
TCP,607,9,1,215,0
UDP,307,161,0,606,0
TCP,1162,44,0,1262,0
TCP,1183,57,0,1935,0
TCP,781,79,0,885,0
TCP,86,269,0,79,0
UDP,1056,228,1,192,0
UDP,5446,90,6,7394,1
UDP,249,39,0,238,0
TCP,12,294,0,165,0
TCP,720,149,0,152,0
TCP,173,172,0,108,0
UDP,583,36,0,112,0
TCP,918,1,0,53,0
TCP,239,123,1,555,0
TCP,489,38,0,911,0
TCP,482,325,0,0,0
TCP,324,81,0,705,0
ICMP,197,579,0,548,0
UDP,311,5,0,20,0
ICMP,455,54,0,78,0
TCP,442,117,0,51,0
TCP,311,25,0,356,0
UDP,1439,31,0,35,0
TCP,833,130,0,750,0
TCP,624,102,1,1965,0
TCP,200,3,2,519,0
UDP,598,30,0,1019,0
TCP,172,113,0,431,0
UDP,1085,23,0,33,0
TCP,275,222,0,172,0
ICMP,246,42,0,165,0
TCP,463,39,1,157,0
UDP,302,645,0,216,0
UDP,61,12,0,45,0
UDP,14,69,1,12,0
TCP,38,12,0,206,0
TCP,169,69,0,269,0
TCP,1472,28,0,390,0
TCP,426,52,0,1451,0
UDP,514,232,0,478,0
TCP,339,15,0,30,0
TCP,150,76,0,1233,0
TCP,464,82,0,544,0
TCP,142,19,1,349,0
TCP,281,405,0,19,0
TCP,111,6,0,493,0
TCP,653,388,0,1765,0
ICMP,273,17,0,11,0
UDP,427,126,0,1560,0
UDP,779,41,0,1216,0
TCP,386,112,0,390,0
TCP,362,5,0,75,0
TCP,703,143,0,236,0
TCP,7,35,0,247,0
TCP,331,54,0,177,0
ICMP,920,218,0,13,0
TCP,441,100,0,915,0
TCP,186,257,0,264,0
TCP,2309,390,1,700,0
TCP,491,57,0,335,0
TCP,123,10,0,78,0
UDP,280,73,0,70,0
TCP,492,86,0,127,0
UDP,189,23,0,87,0
ICMP,452,68,0,220,0
TCP,247,98,0,31,0
UDP,491,90,0,194,0
TCP,289,36,0,4653,1
TCP,1171,108,0,562,0
UDP,749,303,0,606,0
TCP,1199,33,0,655,0
TCP,372,183,0,40,0
UDP,635,332,0,1358,0
TCP,489,320,0,414,0
TCP,884,33,1,231,0
TCP,464,128,0,970,0
TCP,1994,421,0,18,0
TCP,121,105,0,838,0
TCP,92,41,0,1898,0
TCP,23,60,0,2042,0
TCP,48,163,0,29,0
UDP,739,53,0,534,0
TCP,141,71,0,1596,0
UDP,297,25,0,716,0
TCP,53,6,0,718,0
TCP,116,17,0,987,0
TCP,134,295,0,306,0
UDP,1442,67,0,658,0
TCP,273,171,0,230,0
TCP,285,222,0,3082,0
TCP,374,27,1,57,0
UDP,196,14,0,310,0
TCP,134,73,0,784,0
UDP,828,308,0,96,0
TCP,1097,24,0,19,0
TCP,195,27,0,874,0
UDP,759,167,0,69,0
UDP,184,166,0,323,0
TCP,865,36,0,569,0
TCP,406,45,1,624,0
TCP,172,113,0,78,0
TCP,489,24,1,59,0
TCP,1189,127,1,731,0
TCP,31,78,0,213,0
TCP,224,73,0,400,0
UDP,196,136,0,975,0
TCP,142,12,1,221,0
ICMP,46,18,0,660,0
UDP,5942,177,5,7143,1
TCP,1475,123,0,980,0
TCP,1431,682,0,36,0
TCP,415,332,0,678,0
TCP,442,154,0,768,0
UDP,962,52,0,866,0
TCP,371,189,0,1028,0
ICMP,244,288,0,395,0
TCP,170,167,0,142,0
TCP,238,47,1,719,0
TCP,50,88,1,253,0
UDP,1007,37,0,592,0
TCP,220,197,0,114,0
ICMP,121,10,0,1385,0
TCP,958,282,0,134,0
TCP,528,28,0,373,0
TCP,35,45,0,367,0
ICMP,822,52,1,590,0
TCP,5209,239,0,6307,1
UDP,411,427,0,1416,0
TCP,232,17,0,813,0
UDP,416,250,0,876,0
TCP,1416,192,0,119,0
TCP,4778,123,0,5832,1
TCP,53,3,0,45,0
UDP,633,75,0,571,0
TCP,1287,134,0,1188,0
UDP,23,87,0,110,0
TCP,1219,334,0,160,0
TCP,169,60,0,486,0
TCP,1057,10,0,527,0
TCP,57,22,0,442,0
TCP,1,317,0,18,0
TCP,178,7,0,1070,0
TCP,604,101,0,101,0
TCP,145,99,0,198,0
TCP,446,69,0,660,0
UDP,392,501,0,10,0
TCP,399,5,0,50,0
TCP,54,184,0,872,0
UDP,561,9,0,188,0
TCP,1279,134,0,187,0
TCP,324,32,0,57,0
ICMP,39,255,0,288,0
TCP,103,58,0,466,0
TCP,987,305,0,1674,0
TCP,453,18,0,1626,0
TCP,2965,143,2,94,1
TCP,348,33,0,60,0
UDP,283,95,1,4815,1
TCP,924,134,0,56,0
TCP,1230,160,0,101,0
TCP,176,85,0,1146,0
TCP,311,1,0,1731,0
TCP,1237,10,1,548,0
TCP,1094,31,0,459,0
TCP,1085,35,0,119,0
TCP,647,115,0,391,0
TCP,565,9,0,13,0
TCP,102,56,0,102,0
TCP,642,37,0,1649,0
TCP,311,162,0,940,0
TCP,140,137,0,256,0
ICMP,63,182,0,622,0
UDP,57,41,0,4355,1
TCP,501,565,0,611,0
TCP,540,115,0,1779,0
UDP,6,43,0,282,0
TCP,468,58,0,172,0
TCP,961,101,0,423,0
TCP,81,16,0,217,0
TCP,237,111,0,40,0
TCP,406,20,0,121,0
UDP,398,170,0,72,0
TCP,786,46,0,434,0
TCP,528,215,0,2582,0
TCP,582,90,0,34,0
TCP,12,19,0,583,0
TCP,837,6,0,479,0
TCP,1356,118,0,179,0
TCP,82,51,0,26,0
TCP,1575,29,1,850,0
TCP,36,158,1,144,0
TCP,1805,122,0,1082,0
UDP,256,23,0,274,0
UDP,374,49,0,282,0
TCP,326,73,0,992,0
TCP,175,12,0,636,0
TCP,278,45,0,723,0
UDP,1718,56,0,307,0
UDP,96,320,0,503,0
TCP,292,85,0,6,0
TCP,105,3,0,1613,0
TCP,2592,336,9,5331,1
ICMP,948,100,0,244,0
TCP,301,16,0,218,0
TCP,189,178,0,58,0
TCP,74,289,0,537,0
TCP,646,99,0,346,0
TCP,758,301,0,375,0
TCP,285,74,0,737,0
TCP,633,6,0,48,0
ICMP,1383,47,0,168,0
TCP,975,142,0,121,0
TCP,97,154,0,1696,0
TCP,111,100,0,1915,0
TCP,26,18,0,133,0
TCP,71,22,0,1217,0
TCP,166,26,0,96,0
TCP,6296,7,1,16,1
TCP,76,259,0,164,0
TCP,195,44,0,75,0
UDP,74,18,0,94,0
TCP,63,142,0,281,0
UDP,338,211,0,400,0
ICMP,182,48,0,153,0
TCP,698,10,1,1024,0
ICMP,837,103,0,93,0
UDP,792,25,0,1677,0
TCP,247,64,0,380,0
ICMP,254,44,0,1522,0
UDP,509,14,1,551,0
TCP,187,18,0,375,0
UDP,412,354,0,385,0
UDP,758,65,0,42,0
UDP,19,319,0,623,0
ICMP,11,41,1,1370,0
TCP,215,89,1,242,0
ICMP,321,190,0,145,0
TCP,290,4,0,318,0
TCP,133,40,0,823,0
TCP,3273,130,0,3782,1
UDP,549,29,0,21,0
TCP,10,225,0,933,0
UDP,859,62,0,33,0
UDP,5324,110,0,876,1
TCP,246,152,0,194,0
TCP,1103,57,0,24,0
TCP,1601,255,0,257,0
TCP,134,31,0,596,0
TCP,1053,65,0,1044,0
TCP,67,23,0,45,0
UDP,160,25,0,453,0
TCP,624,68,0,312,0
TCP,47,157,0,368,0
UDP,109,228,0,157,0
TCP,1416,17,0,469,0
TCP,830,46,0,926,0
TCP,408,309,0,549,0
ICMP,1815,12,0,210,0
TCP,888,166,0,736,0
TCP,246,44,0,456,0
TCP,669,28,0,206,0
TCP,361,38,0,231,0
TCP,376,108,0,340,0
TCP,954,130,0,332,0
TCP,1585,26,1,726,0
TCP,63,88,0,764,0
UDP,559,6,0,197,0
UDP,4063,252,9,4838,1
TCP,358,78,0,24,0
ICMP,12,467,0,257,0
TCP,187,15,0,113,0
TCP,79,60,0,7,0
TCP,57,75,0,150,0
UDP,12,54,0,1794,0
TCP,1773,105,1,110,0
UDP,730,62,1,288,0
TCP,1197,92,0,944,0
TCP,376,295,0,4420,0
UDP,151,67,0,1058,0
TCP,103,194,0,460,0
TCP,82,43,0,10,0
UDP,1810,29,0,206,0
TCP,1059,15,0,230,0
TCP,163,98,0,657,0
UDP,327,2,0,25,0
ICMP,556,14,1,602,0
TCP,237,163,1,37,0
TCP,65,160,0,237,0
TCP,1125,1,1,64,0
ICMP,234,309,0,583,0
TCP,779,64,0,110,0
TCP,1074,36,0,488,0
TCP,119,91,0,119,0
TCP,335,25,0,494,0
ICMP,434,12,0,171,0
ICMP,5459,211,5,7087,1
TCP,50,12,0,352,0
TCP,2041,41,0,305,0
TCP,955,125,0,158,0
UDP,98,273,0,803,0
UDP,1142,10,0,5,0
TCP,347,117,0,864,0
TCP,903,108,1,1557,0
TCP,56,31,1,676,0
ICMP,130,211,0,179,0
TCP,210,55,0,36,0
UDP,1367,29,0,183,0
ICMP,421,73,0,266,0
TCP,187,25,0,358,0
UDP,452,113,0,1504,0
TCP,1460,22,0,1020,0
TCP,141,192,0,205,0
TCP,65,125,0,501,0
TCP,949,527,0,98,0
UDP,291,12,0,77,0
TCP,193,20,0,816,0
TCP,430,35,0,727,0
TCP,15,35,0,525,0
TCP,254,81,0,377,0
UDP,306,263,0,2069,0
ICMP,1172,8,0,50,0
TCP,395,383,1,538,0
TCP,654,14,0,10,0
TCP,269,31,0,6422,1
TCP,127,46,0,794,0
TCP,537,73,0,600,0
UDP,210,264,1,645,0
TCP,10,79,0,939,0
TCP,1870,510,0,7,0
TCP,731,345,0,792,0
TCP,29,139,0,6,0
ICMP,141,28,0,3113,0
ICMP,174,8,0,667,0
UDP,401,86,0,2975,0
TCP,171,8,0,371,0
UDP,1211,24,0,1656,0
UDP,917,82,0,277,0
TCP,1439,165,0,623,0
TCP,243,100,0,156,0
TCP,345,340,2,804,0
TCP,132,96,4,4964,1
ICMP,306,7,0,644,0
TCP,636,10,0,1462,0
TCP,456,90,0,1044,0
TCP,354,44,1,377,0
TCP,28,66,0,417,0
TCP,1198,27,0,838,0
TCP,6358,69,9,5317,1
TCP,173,244,0,225,0
TCP,897,146,0,1013,0
TCP,404,2,0,348,0
TCP,208,58,0,588,0
TCP,78,59,0,772,0
TCP,1256,120,0,202,0
UDP,49,145,0,673,0
TCP,422,7,0,214,0
TCP,657,7,0,244,0
UDP,118,42,1,150,0
TCP,81,126,0,46,0
TCP,817,23,0,90,0
TCP,64,102,0,428,0
TCP,592,15,0,93,0
TCP,291,33,0,406,0
UDP,324,361,0,174,0
TCP,1522,3,0,496,0
TCP,1014,76,0,1295,0
UDP,196,10,0,99,0
TCP,455,180,0,38,0
TCP,849,42,0,28,0
TCP,138,526,0,1462,0
TCP,736,362,0,96,0
TCP,2038,215,0,317,0
TCP,6495,56,8,111,1
UDP,5342,11,8,182,1
TCP,30,110,0,79,0
TCP,482,42,1,465,0
TCP,86,10,0,814,0
TCP,965,25,10,4621,1
ICMP,798,7,0,642,0
TCP,126,119,0,909,0
TCP,454,212,0,867,0
TCP,776,23,0,442,0
ICMP,363,137,0,157,0
TCP,466,97,0,85,0
TCP,1516,206,0,680,0
TCP,280,129,0,396,0
UDP,797,11,0,34,0
TCP,47,255,0,71,0
TCP,931,112,1,1093,0
TCP,80,86,0,118,0
TCP,155,100,0,78,0
TCP,986,3,0,272,0
TCP,711,209,0,19,0
TCP,4,259,0,27,0
UDP,47,89,0,709,0
TCP,706,4,0,100,0
ICMP,689,33,0,1104,0
TCP,7185,115,0,447,1
TCP,258,100,0,1078,0
TCP,537,173,0,507,0
UDP,39,46,0,2251,0
TCP,45,430,0,406,0
TCP,358,268,0,761,0
TCP,54,41,0,778,0
TCP,288,83,0,814,0
ICMP,1490,36,0,317,0
UDP,15,4,0,39,0
TCP,313,142,0,114,0
TCP,138,41,0,819,0
TCP,411,16,0,201,0
TCP,40,22,0,408,0
TCP,1146,88,0,762,0
TCP,33,19,1,345,0
TCP,32,12,0,513,0
UDP,615,380,0,1212,0
TCP,2059,8,0,355,0
ICMP,217,3,3,150,0
TCP,377,117,0,448,0
UDP,1168,492,0,69,0
TCP,241,99,0,437,0
TCP,204,231,0,173,0
TCP,6379,43,0,45,1
TCP,578,136,0,1147,0
ICMP,119,112,0,804,0
TCP,386,199,1,524,0
UDP,10,35,0,608,0
TCP,52,1,1,330,0
ICMP,1542,181,0,1316,0
TCP,23,50,1,92,0
TCP,318,16,0,77,0
UDP,472,30,0,1395,0
TCP,369,22,0,1682,0
TCP,668,9,0,984,0
TCP,635,432,0,70,0
ICMP,883,64,0,80,0
TCP,39,8,1,333,0
TCP,54,13,0,29,0
TCP,118,405,0,10,0
TCP,1404,75,0,385,0
TCP,7153,100,5,749,1
TCP,970,63,0,283,0
TCP,13,38,0,380,0
TCP,475,34,0,961,0
TCP,116,66,0,1094,0
TCP,58,41,0,930,0
TCP,245,3,0,23,0
TCP,555,126,0,10,0
TCP,1033,40,0,0,0
ICMP,286,45,0,26,0
TCP,556,221,0,342,0
TCP,1145,8,1,270,0
TCP,10,261,0,890,0
UDP,2830,154,0,94,0
TCP,94,78,1,1812,0
TCP,0,96,0,9,0
UDP,140,89,0,335,0
TCP,111,106,0,310,0
ICMP,871,56,0,51,0
TCP,1072,134,0,332,0
TCP,309,107,0,386,1
TCP,1954,94,0,218,0
TCP,667,260,0,150,0
TCP,1739,57,1,55,0
UDP,181,402,0,1304,0
TCP,236,8,0,1315,0
ICMP,16,399,0,133,0
ICMP,549,9,0,1061,0
TCP,2177,22,0,1103,0
UDP,439,25,0,187,0
TCP,6872,145,5,314,1
UDP,1029,80,0,324,0
TCP,48,9,0,292,0
TCP,531,378,0,99,0
TCP,730,416,1,296,0
UDP,353,21,5,1062,1
TCP,798,12,0,276,0
TCP,78,103,0,697,0
ICMP,320,46,0,1074,0
TCP,1887,46,0,900,0
TCP,93,69,0,1394,0
TCP,1512,181,0,860,0
ICMP,338,81,1,795,0
TCP,501,18,0,857,0
TCP,146,1,0,211,0
TCP,896,103,1,171,0
TCP,862,22,0,188,0
UDP,119,180,0,499,0
UDP,540,21,0,454,0
UDP,142,218,0,215,0
ICMP,540,166,0,194,0
TCP,587,194,0,166,0
TCP,1737,107,0,19,0
UDP,220,10,6,221,1
TCP,178,46,0,284,0
TCP,3416,17,0,269,0
TCP,575,35,0,135,0
TCP,285,46,0,130,0
ICMP,213,10,0,527,0
TCP,557,174,0,624,0
TCP,409,47,0,1250,0
TCP,429,49,0,734,0
TCP,1161,86,0,34,0
TCP,62,195,0,161,0
TCP,1267,34,0,973,0
TCP,1088,83,0,343,0
TCP,601,128,0,246,0
TCP,177,130,0,291,0
UDP,1953,210,0,327,0
UDP,389,155,0,118,0
TCP,876,8,0,230,0
TCP,692,54,0,144,0
ICMP,3160,18,0,162,0
TCP,163,32,3,5611,1
TCP,194,43,0,1705,0
TCP,321,2,0,358,0
TCP,7,30,0,524,0
TCP,104,132,0,584,0
TCP,240,45,0,85,0
TCP,778,284,0,74,0
TCP,525,17,0,771,0
UDP,1871,15,1,568,0
TCP,168,322,0,190,0
TCP,1056,114,0,2308,0
UDP,44,25,0,731,0
TCP,1214,1,0,23,0
TCP,136,131,0,42,0
TCP,136,0,0,1400,0
UDP,134,66,0,727,0
UDP,214,101,0,736,0
ICMP,199,151,0,436,0
TCP,363,180,0,826,0
TCP,366,36,7,1027,1
ICMP,231,43,0,442,0
TCP,623,54,0,1342,0
TCP,138,126,0,192,0
TCP,1381,46,1,626,0
TCP,822,372,0,1304,0
TCP,245,2,0,257,0
TCP,453,221,0,1093,0
UDP,638,60,0,795,0
TCP,6615,26,8,7694,1
TCP,149,32,0,951,0
TCP,1076,4,0,319,0
UDP,2390,9,1,1165,0
UDP,391,208,0,169,0
UDP,685,25,0,1255,0
UDP,37,79,0,43,0
TCP,682,98,0,64,0
TCP,1588,153,0,338,0
ICMP,647,202,0,485,0
TCP,194,117,0,84,0
TCP,1396,12,0,270,0
TCP,215,66,0,20,0
TCP,91,246,0,862,0
UDP,195,13,0,387,0
TCP,481,209,0,1395,0
TCP,1077,79,0,1211,0
TCP,215,120,0,1033,0
TCP,277,54,0,316,0
UDP,598,52,0,337,0
TCP,15,507,0,492,0
TCP,987,73,0,773,0
TCP,77,38,0,91,0
TCP,98,103,1,368,0
ICMP,311,82,1,113,0
UDP,50,35,0,5201,1
UDP,649,88,0,2252,0
TCP,239,50,0,94,0
TCP,354,73,0,63,0
ICMP,944,96,0,920,0
TCP,13,99,0,2129,0
TCP,94,58,0,338,0
TCP,175,14,1,529,0
UDP,96,231,0,481,0
UDP,4283,2,0,6444,1
TCP,217,27,1,177,0
UDP,29,56,0,283,0
UDP,1132,13,0,73,0
TCP,4648,168,7,4731,1
TCP,683,74,0,337,0
TCP,60,84,0,256,0
UDP,2,391,0,196,0
TCP,5434,3,4,6780,1
TCP,300,44,0,75,0
UDP,389,140,1,428,0
TCP,510,65,1,417,0
UDP,20,29,0,120,0
ICMP,379,162,0,780,0
UDP,86,136,0,150,0
UDP,707,426,0,93,0
TCP,34,138,0,90,0
TCP,3569,107,0,130,0
UDP,334,139,0,51,0
TCP,936,99,1,1133,0
UDP,1059,6,0,551,0
ICMP,326,38,1,88,0
TCP,21,304,0,155,0
TCP,203,74,2,715,0
TCP,977,72,0,202,0
TCP,1110,295,0,27,0
TCP,1632,398,0,412,0
TCP,145,146,0,354,0
UDP,26,197,0,525,0
TCP,2185,180,0,130,0
UDP,653,136,0,455,0
TCP,191,66,7,4527,1
ICMP,939,22,0,1691,0
TCP,37,396,0,279,0
TCP,136,140,0,100,0
TCP,145,97,0,1496,0
TCP,51,55,0,120,0
TCP,1960,87,0,101,0
TCP,426,70,0,396,0
TCP,123,25,0,152,0
TCP,1616,107,0,489,0
UDP,127,60,0,121,0
TCP,1237,3,0,60,0
TCP,37,2,0,10,0
TCP,230,19,0,578,0
TCP,132,535,0,2019,0
TCP,5982,13,4,739,1
TCP,322,99,0,61,0
TCP,217,114,1,52,0
TCP,67,250,0,1054,0
ICMP,520,65,0,243,0
TCP,901,107,0,173,0
TCP,214,77,0,351,0
TCP,469,12,0,37,0
ICMP,17,14,0,247,0
ICMP,304,27,1,95,0
ICMP,124,188,0,695,0
ICMP,60,134,1,252,0
TCP,1195,37,0,529,0
TCP,460,62,1,1011,0
TCP,153,74,0,267,0
TCP,1715,151,0,66,0
TCP,32,79,0,716,0
TCP,326,20,0,132,0
TCP,1041,15,0,108,0
TCP,675,182,1,265,0
UDP,111,16,0,906,0
UDP,1826,33,0,168,0
ICMP,696,3,0,503,0
TCP,259,68,0,479,0
TCP,102,245,0,1093,0
ICMP,254,41,0,151,0
UDP,228,35,0,200,0
ICMP,92,117,0,1011,0
TCP,909,195,0,309,0
TCP,805,82,0,360,0
UDP,518,8,0,790,0
UDP,184,326,0,1742,1
ICMP,382,236,0,558,0
TCP,322,16,0,304,0
TCP,710,14,0,263,0
TCP,65,187,0,878,0
TCP,125,329,0,297,0
TCP,256,185,0,225,0
TCP,349,33,0,662,0
TCP,592,45,0,430,0
UDP,447,1,0,909,0
TCP,829,142,0,237,0
TCP,723,107,0,141,0
TCP,216,16,0,670,0
TCP,9,39,0,336,0
UDP,1337,188,0,148,0
TCP,281,33,0,278,0
UDP,46,186,0,937,0
TCP,1085,39,0,1031,0
TCP,5291,46,0,5881,1
TCP,20,15,0,25,0
TCP,784,28,0,398,0
TCP,655,3,0,1104,0
UDP,147,54,0,1748,0
UDP,91,23,0,61,0
UDP,240,106,0,1704,0
TCP,371,227,0,312,0
TCP,571,57,0,185,0
ICMP,1437,653,0,167,0
TCP,26,402,0,415,0
UDP,127,247,0,414,0
TCP,803,26,0,1034,0
UDP,308,69,0,496,0
TCP,648,23,0,38,0
TCP,211,28,0,199,0
TCP,276,114,5,5387,1
TCP,236,76,0,287,0
UDP,281,41,0,276,0
TCP,598,2,0,699,0
TCP,1759,140,0,4,0
TCP,48,116,0,1091,0
ICMP,921,113,0,57,0
TCP,91,7,0,1060,0
ICMP,1096,41,1,4,0
TCP,42,70,0,742,0
TCP,6820,103,0,7507,1
TCP,52,221,0,57,0
TCP,952,13,0,619,0
TCP,10,82,0,1099,0
TCP,106,150,0,221,0
TCP,107,71,0,525,0
TCP,27,9,0,507,0
TCP,267,46,0,858,0
TCP,527,169,1,1214,1
TCP,192,9,0,373,0
TCP,21,289,0,241,0
TCP,163,60,0,749,0
UDP,688,47,0,346,0
TCP,981,152,0,117,0
UDP,258,98,0,611,0
UDP,362,8,0,117,0
TCP,1125,204,2,2,0
TCP,6993,59,0,111,1
TCP,149,362,0,3026,0
TCP,303,18,0,961,0
TCP,481,47,0,17,0
TCP,248,148,0,649,0
TCP,2061,97,0,578,0
UDP,439,53,1,209,0
UDP,322,21,0,224,0
TCP,7,174,0,1575,0
TCP,13,14,0,158,0
TCP,53,142,1,27,0
TCP,210,58,0,649,0
TCP,264,157,0,929,0
TCP,360,57,0,689,0
TCP,308,27,0,1282,1
TCP,340,24,0,98,0
TCP,130,159,0,175,0
TCP,101,95,0,1183,0
ICMP,921,14,0,469,0
ICMP,880,49,0,175,0
TCP,332,56,1,670,0
ICMP,1067,55,1,20,0
TCP,403,47,0,33,0
TCP,732,5,0,64,0
UDP,12,3,0,1173,0
TCP,398,76,0,1176,0
TCP,344,159,0,140,0
TCP,67,42,0,386,0
TCP,258,46,0,1668,0
ICMP,121,79,0,582,0
UDP,520,162,0,226,0
TCP,235,56,0,393,0
TCP,1137,38,1,1359,0
TCP,1501,84,0,344,0
TCP,332,0,0,806,0
TCP,405,216,0,474,0
TCP,522,107,0,498,0
UDP,708,17,0,771,0
UDP,1028,37,0,674,0
ICMP,120,135,0,173,0
TCP,374,37,0,110,0
TCP,110,177,0,784,0
TCP,447,33,0,108,0
TCP,101,39,0,2169,0
UDP,229,25,1,277,0
TCP,367,36,0,373,0
TCP,230,51,0,5193,1
TCP,454,71,0,1279,0
UDP,596,145,0,244,0
TCP,613,57,0,23,0
UDP,85,94,0,1,0
UDP,113,137,0,12,0
UDP,117,5,0,432,0
TCP,1089,55,0,851,0
TCP,349,144,1,1145,0
TCP,711,168,1,678,0
ICMP,947,87,0,499,0
UDP,1490,14,1,245,0
TCP,29,23,0,268,0
TCP,183,11,4,6650,1
TCP,222,28,0,80,0
ICMP,163,12,1,851,0
TCP,284,42,1,196,0
UDP,2426,78,0,187,0
TCP,83,5,0,22,0
TCP,450,94,0,927,0
UDP,100,27,0,72,0
UDP,366,199,0,434,0
UDP,680,62,0,618,0
TCP,1025,14,10,656,1
TCP,55,44,0,372,0
TCP,920,1,1,1137,0
TCP,260,84,0,114,0
UDP,205,134,0,72,0
UDP,345,2,0,1257,0
TCP,7208,177,9,17,1
TCP,228,51,0,116,0
TCP,988,16,0,991,0
TCP,372,241,0,50,0
TCP,672,52,1,735,0
TCP,682,53,1,162,0
ICMP,191,129,0,343,0
TCP,129,357,0,84,0
TCP,107,101,0,274,0
TCP,348,95,0,726,0
TCP,461,232,1,621,0
TCP,576,61,0,294,0
TCP,193,116,0,32,0
TCP,203,50,0,551,0
UDP,115,118,0,2324,0
ICMP,73,250,0,184,0
TCP,640,41,0,1549,0
TCP,271,76,0,898,0
TCP,1916,88,0,2074,0
TCP,354,192,0,5143,1
ICMP,704,25,0,144,0
TCP,4540,10,1,156,1
UDP,95,263,0,181,0
TCP,169,69,0,704,0
UDP,205,27,0,642,0
TCP,59,54,0,686,0
TCP,11,22,0,708,0
TCP,220,223,0,411,0
TCP,700,6,0,351,0
ICMP,164,36,0,1,0
TCP,803,21,0,465,0
UDP,738,117,1,418,0
UDP,403,285,0,42,0
TCP,454,314,0,906,0
TCP,2,56,1,273,0
TCP,183,108,0,359,0
TCP,775,57,0,7,0
TCP,125,224,0,375,0
TCP,646,75,0,62,0
TCP,844,9,0,1343,0
UDP,983,78,0,19,0
UDP,355,255,0,191,0
TCP,109,13,0,267,0
TCP,1541,4,0,892,0
TCP,343,252,0,375,0
TCP,612,117,0,1121,0
TCP,220,153,0,276,0
TCP,66,49,0,477,0
UDP,1369,59,0,949,0
TCP,171,91,0,238,0
TCP,865,123,0,540,0
UDP,492,134,0,13,0
UDP,413,24,0,113,0
UDP,1212,9,0,281,0
UDP,257,184,1,46,0
TCP,239,142,0,59,0
UDP,486,124,0,41,0
UDP,192,56,0,110,0
ICMP,398,73,0,1258,0
TCP,105,244,0,601,0
TCP,12,881,0,331,0
TCP,454,58,0,382,0
TCP,53,150,0,870,0
TCP,371,47,1,1164,0
TCP,328,79,0,827,0
TCP,47,21,0,23,0
TCP,265,156,0,15,0
TCP,147,9,0,26,0
UDP,6670,14,0,4260,1
TCP,690,141,1,157,0
ICMP,70,14,0,457,0
TCP,83,172,0,815,0
UDP,35,205,0,1884,0
TCP,5084,63,1,5846,1
TCP,653,7,0,268,0
TCP,31,29,0,1106,0
UDP,8,37,0,415,0
TCP,292,273,0,67,0
ICMP,874,112,0,783,0
TCP,463,8,0,102,0
ICMP,283,120,1,473,0
TCP,145,105,0,320,0
TCP,400,39,0,285,0
UDP,2978,56,5,834,1
TCP,826,18,0,176,0
TCP,755,170,0,850,0
UDP,387,51,0,157,0
TCP,1209,142,0,137,0
TCP,115,81,0,216,0
TCP,250,155,0,226,0
ICMP,1103,9,0,54,0
TCP,68,91,0,449,0
ICMP,308,7,0,240,0
TCP,56,41,0,25,0
UDP,70,147,0,307,0
UDP,264,44,0,653,0
UDP,103,166,0,157,0
TCP,1345,28,0,101,0
UDP,605,112,0,798,0
TCP,1146,22,1,177,0
TCP,46,46,0,1422,0
ICMP,707,20,0,899,0
TCP,1605,37,0,363,0
UDP,492,111,0,1219,0
UDP,43,134,0,566,0
UDP,175,46,0,829,0
TCP,377,3,0,593,0
ICMP,59,21,0,588,0
TCP,2477,195,0,162,0
TCP,1194,51,0,641,0
TCP,793,9,0,4,0
TCP,239,84,0,1272,0
TCP,910,257,0,686,0
TCP,427,139,0,302,0
TCP,135,100,1,682,0
TCP,318,113,0,440,0
ICMP,1028,99,0,442,0
UDP,6123,51,0,4867,1
UDP,263,116,0,1243,0
UDP,1074,32,0,53,0
ICMP,182,8,2,4300,1
TCP,252,152,0,61,0
TCP,298,24,0,483,0
TCP,165,85,0,518,0
UDP,262,118,0,129,0
TCP,189,247,0,368,0
UDP,2394,25,0,288,0
UDP,1060,64,0,18,0
UDP,69,140,0,281,0
TCP,283,286,0,217,0
ICMP,582,42,0,155,0
TCP,961,53,0,318,0
TCP,385,23,0,473,0
TCP,366,69,0,120,0
TCP,202,156,0,147,0
TCP,38,9,0,198,0
TCP,85,65,0,81,0
UDP,1276,153,0,312,0
TCP,1634,69,0,9,0
ICMP,368,23,0,416,0
TCP,793,16,0,42,0
UDP,300,129,0,1913,0
TCP,220,178,0,977,0
TCP,478,35,0,20,0
TCP,1053,93,1,151,0
TCP,831,91,0,890,0
TCP,146,111,0,2253,0
UDP,171,47,0,922,0
TCP,303,386,0,244,0
ICMP,492,197,2,485,0
UDP,141,11,0,1133,0
TCP,265,16,0,468,0
TCP,801,112,0,367,0
TCP,3,44,0,500,0
TCP,1589,174,0,147,0
TCP,121,103,0,708,0
UDP,226,92,0,1447,0
TCP,1241,4,0,1052,0
ICMP,150,30,0,587,0
UDP,5273,183,0,31,1
UDP,65,69,0,15,0
TCP,225,11,1,939,0
TCP,695,39,0,5,0
TCP,539,43,0,1017,0
UDP,123,163,0,240,0
TCP,310,35,0,494,0
UDP,778,57,0,300,0
TCP,90,103,0,97,0
TCP,337,59,0,441,0
TCP,22,77,0,54,0
TCP,1254,99,0,57,0
UDP,300,85,0,129,0
TCP,339,142,0,54,0
TCP,754,316,0,780,0
TCP,97,28,0,1600,0
TCP,626,127,0,575,0
ICMP,275,19,0,1121,0
TCP,1532,15,0,507,0
TCP,164,174,0,1619,0
TCP,400,89,0,307,0
TCP,127,208,0,623,0
UDP,232,76,0,678,0
TCP,182,129,0,263,0
TCP,533,153,0,343,0
TCP,469,53,2,413,0
TCP,695,81,0,578,1
TCP,458,99,0,823,0
TCP,2327,124,0,338,0
TCP,168,96,0,127,0
TCP,675,65,0,2555,0
TCP,762,24,0,153,0
TCP,709,163,0,64,0
UDP,282,51,0,349,0
UDP,39,197,0,660,0
TCP,178,5,0,653,0
TCP,1030,12,0,1004,0
TCP,62,44,0,336,0
TCP,59,16,0,126,0
TCP,888,280,0,235,0
TCP,722,76,0,79,0
UDP,326,6,1,166,0
TCP,213,33,0,1040,0
TCP,1060,112,0,217,0
TCP,596,174,1,202,0
TCP,353,39,0,97,0
TCP,67,332,0,663,0
TCP,843,48,0,173,0
TCP,540,87,0,361,0
UDP,31,6,0,135,0
TCP,94,154,0,733,0
TCP,1125,169,0,115,0
TCP,716,136,0,145,0
UDP,512,111,0,2037,0
UDP,878,7,0,38,0
TCP,6,50,0,290,0
UDP,607,76,0,497,0
TCP,20,25,0,236,0
TCP,416,251,0,1552,0
UDP,159,265,0,43,0
UDP,1615,186,0,269,0
TCP,855,184,0,854,0
UDP,148,1,0,0,0
TCP,140,136,0,316,0
TCP,1419,8,0,132,0
TCP,43,63,0,105,0
TCP,123,19,0,460,0
ICMP,135,28,0,149,0
TCP,793,139,0,304,0
TCP,670,52,0,416,0
TCP,958,68,0,55,0
TCP,114,6,0,980,0
TCP,760,204,0,215,0
TCP,9,20,0,1123,0
TCP,332,26,0,33,0
TCP,1000,36,0,12,0
TCP,763,0,0,633,0
TCP,951,43,0,118,0
TCP,217,27,0,99,0
TCP,101,126,0,396,0
TCP,73,40,0,395,0
ICMP,253,33,0,367,0
TCP,266,16,0,414,0
TCP,536,31,0,464,0
UDP,79,16,0,70,0
TCP,142,80,0,322,0
UDP,648,138,2,2476,0
TCP,203,48,1,40,0
UDP,762,58,0,217,0
TCP,254,77,0,617,0
UDP,764,133,0,207,0
UDP,148,135,1,78,0
TCP,161,65,0,416,0
TCP,359,231,0,467,0
UDP,1079,41,0,1038,0
TCP,99,12,1,378,0
TCP,374,117,0,1198,0
ICMP,72,162,0,1130,0
ICMP,864,10,0,37,0
TCP,675,89,0,62,0
TCP,429,8,0,38,0
TCP,614,22,0,1,0
TCP,566,488,1,248,0
TCP,304,14,1,166,0
TCP,42,11,0,445,0
UDP,62,191,0,89,0
TCP,191,9,0,430,0
ICMP,393,316,0,122,0
TCP,831,46,1,233,0
TCP,2,15,0,143,0
TCP,268,44,0,1967,0
TCP,847,20,0,745,0
UDP,224,12,1,23,0
TCP,272,92,1,987,0
UDP,120,178,0,439,0
TCP,163,36,0,519,0
TCP,387,27,0,147,0
TCP,1019,253,0,279,0
TCP,1167,137,0,999,0
UDP,9,52,0,140,0
UDP,1011,113,1,370,0
TCP,258,77,0,114,0
TCP,1600,102,0,1569,0
TCP,274,6,0,672,0
TCP,33,99,0,157,0
TCP,368,201,0,664,0
TCP,123,0,0,373,0
TCP,109,304,0,18,0
TCP,148,220,0,1174,0
ICMP,722,138,0,121,0
ICMP,313,71,0,106,0
ICMP,780,115,0,602,0
TCP,3755,12,5,80,1
TCP,234,223,0,1035,0
TCP,485,27,0,301,0
TCP,314,107,0,1185,0
UDP,343,42,0,53,0
TCP,238,66,0,417,0
UDP,1042,488,0,55,0
TCP,201,98,0,1182,0
TCP,1111,98,1,255,0
UDP,27,179,0,991,0
ICMP,358,66,0,118,0
TCP,617,119,0,674,0
TCP,25,80,1,156,0
TCP,32,74,0,66,0
TCP,21,76,0,14,0
TCP,1125,97,0,53,0
TCP,269,34,0,671,0
TCP,428,311,4,6467,1
TCP,264,22,0,275,0
TCP,197,214,1,328,0
UDP,1761,39,0,270,0
TCP,117,19,0,307,0
TCP,983,64,0,696,0
ICMP,5054,257,0,3677,1
TCP,1201,3,2,817,0
TCP,49,143,0,368,0
TCP,868,1,0,314,0
UDP,21,207,0,1443,0
ICMP,35,352,0,112,0
TCP,4635,48,0,10,1
TCP,12,15,0,289,0
TCP,826,327,0,3,0
TCP,1357,5,0,181,0
TCP,195,32,0,617,0
TCP,40,62,0,273,0
UDP,198,109,0,11,0
TCP,182,48,0,954,0
ICMP,988,66,10,5221,1
UDP,117,8,0,477,0
ICMP,151,171,0,44,0
TCP,171,88,0,383,0
TCP,283,14,0,484,0
TCP,388,257,0,65,0
TCP,563,201,0,184,0
TCP,22,178,0,324,0
TCP,651,15,0,389,0
TCP,11,57,0,1251,0
TCP,26,4,0,528,0
TCP,376,266,0,2154,0
TCP,496,31,0,196,0
ICMP,101,125,1,771,0
TCP,22,18,1,219,0
TCP,1067,52,0,35,0
TCP,53,28,0,292,0
TCP,90,2,0,264,0
TCP,821,90,0,124,0
TCP,7,63,0,153,0
ICMP,60,56,0,24,0
TCP,228,36,0,363,0
UDP,390,79,0,249,0
TCP,5692,61,1,5341,1
TCP,681,78,1,1348,0
TCP,1061,132,12,6203,1
TCP,779,5,0,43,0
UDP,249,17,0,581,0
UDP,5551,15,9,4636,1
TCP,177,79,0,1042,0
UDP,393,50,0,717,0
TCP,44,7,0,226,0
UDP,440,16,0,1111,0
ICMP,557,69,0,317,0
TCP,786,119,0,223,0
TCP,4430,94,6,3566,1
UDP,532,26,0,751,0
TCP,904,113,0,508,0
TCP,7994,109,0,5405,1
TCP,270,81,0,177,0
UDP,719,191,1,404,0
TCP,73,37,0,212,0
TCP,645,98,0,707,0
TCP,1403,106,0,300,0
UDP,1193,47,0,100,0
ICMP,79,64,0,595,0
TCP,419,62,0,125,0
TCP,757,5,0,349,0
TCP,5506,40,0,4867,1
TCP,515,33,0,421,0
TCP,1156,76,0,415,0
TCP,172,263,1,122,0
TCP,310,253,0,440,0
TCP,347,18,0,35,0
TCP,1287,134,0,317,0
TCP,351,55,0,490,0
TCP,996,14,0,46,0
TCP,706,213,0,16,0
UDP,1091,345,0,554,0
UDP,52,12,0,106,0
UDP,171,18,0,63,0
TCP,729,4,0,543,0
TCP,7056,83,9,4752,1
UDP,1141,15,0,8,0
TCP,573,153,1,510,0
TCP,824,25,0,492,0
TCP,92,65,0,424,0
TCP,88,97,0,341,0
ICMP,1325,25,0,1205,0
TCP,161,111,0,217,0
TCP,46,83,0,675,0
TCP,340,72,0,941,0
ICMP,1135,334,0,286,0
UDP,1328,22,0,239,0
TCP,100,93,0,125,0
UDP,6109,88,0,126,1
TCP,4629,157,8,899,1
TCP,395,113,0,707,0
TCP,2012,31,1,36,0
TCP,846,216,0,171,0
ICMP,51,133,0,330,0
TCP,62,112,0,109,0
TCP,834,73,0,294,0
TCP,295,2,0,215,0
TCP,138,78,0,170,0
TCP,12,14,0,592,0
TCP,648,29,0,1826,0
UDP,152,300,0,855,0
TCP,822,116,0,1551,0
TCP,4,97,0,116,0
TCP,152,54,0,540,0
UDP,122,73,0,257,0
TCP,385,3,0,179,0
ICMP,1004,93,0,11,0
TCP,216,51,0,536,0
TCP,898,207,0,1219,0
TCP,607,74,0,380,0
TCP,515,281,0,493,0
UDP,539,32,0,268,0
TCP,1454,66,0,241,0
TCP,950,174,0,491,0
TCP,207,110,0,68,0
TCP,371,76,1,32,0
TCP,159,146,0,309,0
TCP,81,63,0,163,0
UDP,876,73,0,6977,1
TCP,875,41,0,118,0
ICMP,753,231,0,285,0
TCP,752,38,0,272,0
UDP,2074,137,0,712,0
TCP,1134,96,0,168,0
TCP,594,114,0,151,0
TCP,45,144,0,247,0
TCP,4,26,0,57,0
UDP,1020,113,0,4290,1
ICMP,203,103,0,300,0
UDP,1637,31,0,204,0
TCP,440,64,0,1679,0
TCP,122,27,0,450,0
TCP,607,212,1,270,0
TCP,9,159,1,725,0
TCP,15,28,0,246,0
TCP,485,108,0,10,0
TCP,4735,83,8,660,1
ICMP,38,58,0,55,0
TCP,5,415,0,862,0
UDP,428,92,0,472,0
TCP,148,2,0,332,0
TCP,613,41,1,499,0
TCP,4443,161,4,5312,1
TCP,321,129,0,340,0
TCP,705,56,0,128,0
TCP,960,173,0,1248,0
TCP,109,11,0,51,0
ICMP,510,92,0,1485,0
TCP,39,109,1,283,0
TCP,615,12,0,829,0
TCP,142,90,0,1914,0
TCP,476,139,0,173,0
TCP,822,37,0,734,0
UDP,633,27,0,1254,0
TCP,2117,49,0,388,0
TCP,1302,555,0,906,0
TCP,514,239,0,33,0
TCP,282,99,0,16,0
TCP,428,239,0,207,0
UDP,97,34,0,5,0
TCP,3411,49,0,6,0
ICMP,309,95,0,486,0
UDP,257,8,0,898,0
TCP,259,46,0,160,0
UDP,630,113,0,68,0
TCP,267,377,0,53,0
TCP,1140,61,0,1309,0
ICMP,180,278,0,53,0
TCP,156,43,0,249,0
TCP,371,146,0,132,0
TCP,145,157,0,85,0
TCP,1608,146,0,425,0
TCP,68,94,0,1453,0
TCP,80,135,0,374,0
TCP,14,43,0,329,0
TCP,951,37,0,472,0
TCP,440,124,0,116,0
TCP,220,78,0,8,0
UDP,165,51,1,4317,1
TCP,444,23,0,769,0
TCP,5483,36,0,3558,1
TCP,16,39,0,149,0
ICMP,852,120,0,45,0
TCP,208,9,0,28,0
TCP,274,59,0,289,0
TCP,654,36,0,82,0
ICMP,766,132,0,528,0
TCP,669,34,0,218,0
TCP,1565,58,0,213,0
TCP,2497,115,0,287,0
ICMP,34,157,0,77,0
UDP,184,18,0,78,0
TCP,337,37,1,257,0
TCP,534,35,0,1360,0
TCP,4425,194,5,8009,1
UDP,573,92,0,195,0
UDP,259,34,0,766,0
TCP,812,7,0,266,0
TCP,6493,77,8,7373,1
TCP,116,151,0,1166,0
UDP,1127,102,1,47,0
TCP,468,290,1,1850,0
UDP,61,56,0,368,0
TCP,646,57,0,550,0
TCP,760,225,0,885,0
UDP,18,35,0,20,0
TCP,470,24,0,385,0
TCP,175,256,0,735,0
UDP,1838,15,0,611,0
TCP,673,36,0,865,0
UDP,118,388,0,2567,0
TCP,110,46,0,685,0
TCP,37,317,0,308,0
ICMP,506,115,0,4339,1
TCP,1299,73,0,1941,0
ICMP,189,120,0,320,0
TCP,851,176,0,1206,0
UDP,2387,132,0,119,0
UDP,461,276,0,167,0
TCP,117,54,0,339,0
TCP,64,1,0,976,0
UDP,106,65,0,89,0
TCP,22,72,1,258,0
TCP,50,57,0,730,0
TCP,132,168,0,520,0
TCP,189,22,0,1226,0
TCP,84,1,0,1741,0
TCP,995,7,0,973,0
TCP,476,4,0,2,0
ICMP,239,124,0,14,0
TCP,480,413,0,41,0
TCP,473,90,0,1120,0
TCP,318,80,0,723,0
TCP,595,22,0,254,0
TCP,1104,227,0,5,0
TCP,55,42,0,233,0
TCP,418,163,0,42,0
UDP,1520,124,0,472,0
TCP,6510,95,0,136,1
TCP,154,54,0,407,0
TCP,576,20,0,1744,0
ICMP,59,222,0,372,0
TCP,626,7,0,927,0
TCP,212,43,0,1277,0
TCP,584,106,0,348,0
ICMP,178,34,0,337,0
ICMP,177,43,0,2069,0
TCP,292,295,0,1055,0
TCP,764,200,0,985,0
TCP,758,103,0,377,0
TCP,59,3,0,430,0
TCP,486,74,0,152,0
UDP,1538,33,0,577,0
TCP,413,52,0,55,0
UDP,1653,184,0,117,0
TCP,103,328,0,222,0
UDP,50,63,0,59,0
TCP,49,60,0,13,0
UDP,125,268,0,83,0
TCP,417,114,0,39,0
ICMP,627,64,0,278,0
TCP,203,23,0,328,0
TCP,272,214,1,867,0
TCP,64,48,0,27,0
TCP,1290,118,0,23,0
TCP,125,54,2,405,0
TCP,851,82,0,121,0
TCP,160,105,0,931,0
TCP,5280,103,3,6734,1
TCP,35,225,0,49,0
TCP,1710,39,0,54,0
UDP,419,27,0,109,0
UDP,304,19,0,402,0
TCP,52,53,0,347,0
TCP,515,152,0,679,0
TCP,166,128,1,63,0
TCP,64,145,0,442,0
TCP,9,12,0,372,0
TCP,16,2,0,657,0
TCP,307,334,1,93,0
TCP,205,35,0,396,0
TCP,137,50,0,202,0
UDP,908,201,0,392,0
TCP,11,136,0,776,0
TCP,382,88,0,223,0
UDP,349,199,0,764,0
TCP,577,176,0,12,0
TCP,527,117,0,911,0
TCP,5835,291,4,65,1
TCP,468,170,0,224,0
TCP,1449,74,0,351,0
UDP,165,48,0,1633,0
TCP,957,82,0,22,0
TCP,2145,9,0,403,0
UDP,792,71,0,600,0
ICMP,32,8,0,1138,0
TCP,1031,183,0,107,0
TCP,356,171,0,127,0
TCP,995,186,0,758,0
TCP,235,78,0,95,0
TCP,1272,74,0,186,0
TCP,181,85,0,23,0
TCP,200,184,6,8324,1
TCP,300,168,0,131,0
UDP,839,129,1,233,0
TCP,518,114,0,3897,1
TCP,678,4,0,833,0
ICMP,153,72,0,402,0
TCP,143,2,0,233,0
UDP,548,206,0,131,0
TCP,47,56,0,1069,0
TCP,1991,8,0,137,0
UDP,54,37,1,89,0
TCP,48,21,1,18,1
TCP,1127,127,0,1482,0
TCP,440,74,0,331,0
TCP,251,93,0,789,0
TCP,195,167,0,327,0
TCP,280,31,0,62,0
TCP,25,83,1,89,0
TCP,75,24,0,35,0
TCP,455,183,0,582,0
TCP,1594,138,0,166,0
UDP,129,17,0,704,0
TCP,744,209,0,2103,0
ICMP,120,135,10,5218,1
UDP,364,13,0,554,0
UDP,12,25,0,634,0
TCP,169,5,0,1235,0
TCP,184,276,0,161,0
UDP,212,237,0,730,0
TCP,477,11,0,485,0
UDP,461,47,0,1215,0
UDP,100,159,0,366,0
UDP,165,38,0,2021,0
UDP,827,20,1,220,0
TCP,718,58,0,126,0
TCP,1107,90,0,241,0
TCP,6933,313,0,4316,1
UDP,499,214,0,328,0
TCP,52,114,0,857,0
TCP,958,175,0,185,0
TCP,464,55,0,660,0
TCP,165,2,0,589,0
TCP,352,128,0,1120,0
UDP,3239,48,6,5018,1
TCP,757,1,0,47,0
TCP,1666,92,0,13,0
TCP,1511,11,1,826,0
TCP,1022,191,0,75,0
TCP,8,199,0,181,0
UDP,158,182,0,70,0
TCP,1806,125,0,485,0
ICMP,696,15,0,292,0
TCP,681,62,1,533,0
UDP,134,71,0,62,0
TCP,2066,51,0,250,0
UDP,119,116,0,584,0
TCP,108,104,0,107,0
TCP,418,8,0,50,0
TCP,91,42,1,502,0
TCP,165,174,1,3,0
UDP,57,116,0,320,0
TCP,250,139,1,226,0
UDP,190,268,0,330,0
TCP,493,237,0,647,0
TCP,135,159,0,353,0
TCP,3406,39,0,5629,1
TCP,1382,104,0,414,0
UDP,657,59,0,759,0
UDP,234,354,0,60,0
TCP,194,480,0,449,0
TCP,876,7,1,143,0
UDP,276,32,2,1111,1
TCP,125,116,1,184,0
ICMP,638,67,0,470,0
UDP,88,37,0,318,0
UDP,151,97,0,284,0
UDP,47,12,0,160,0
TCP,884,259,0,588,0
UDP,676,144,0,1780,0
TCP,710,32,0,1503,0
TCP,26,159,0,69,0
ICMP,517,155,0,277,0
ICMP,5512,100,5,6132,1
TCP,269,90,0,118,0
TCP,893,170,2,945,0
TCP,1029,204,0,584,0
ICMP,758,9,1,356,0
TCP,196,26,0,453,0
TCP,226,45,0,565,0
ICMP,354,51,0,779,0
TCP,315,1,0,125,0
UDP,141,35,0,2971,0
UDP,5742,207,0,393,1
TCP,404,15,0,1103,0
TCP,428,3,0,2180,0
TCP,285,248,0,1028,0
TCP,419,79,0,655,0
TCP,838,40,0,1280,0
TCP,951,31,0,196,0
TCP,316,14,0,536,0
TCP,14,131,0,444,0
TCP,216,154,0,567,0
TCP,161,224,0,6,0
TCP,1064,542,0,198,0
UDP,1198,60,0,458,0
TCP,48,93,0,720,0
UDP,272,112,0,116,0
TCP,5844,613,5,5647,1
TCP,16,50,0,367,0
TCP,13,276,0,94,0
UDP,142,378,0,1516,0
UDP,431,141,0,82,0
TCP,185,87,0,285,0
TCP,568,147,0,52,0
TCP,259,124,0,305,0
TCP,565,21,0,522,0
TCP,339,50,0,327,0
UDP,402,52,0,335,0
UDP,181,117,0,173,0
UDP,359,54,0,219,0
TCP,556,24,0,58,0
TCP,140,18,0,1306,0
TCP,1827,53,0,260,0
TCP,5836,26,0,5796,1
TCP,926,15,0,419,0
UDP,245,26,0,76,0
ICMP,491,498,1,772,0
TCP,125,19,0,276,0
TCP,237,46,0,204,0
TCP,974,154,1,1142,0
UDP,94,210,0,575,0
UDP,577,21,1,256,0
ICMP,387,44,0,1216,0
TCP,334,103,0,905,0
TCP,66,106,0,232,0
UDP,312,65,0,527,0
TCP,79,2,0,681,0
UDP,162,165,0,14,0
UDP,126,1,0,100,0
TCP,225,269,0,487,0
TCP,1469,258,0,1908,0
ICMP,260,189,0,873,0
TCP,22,264,0,23,0
TCP,238,240,0,66,0
TCP,680,19,0,278,0
TCP,715,7,0,603,0
TCP,445,54,0,621,0
UDP,5836,223,1,3808,1
UDP,105,55,0,325,0
UDP,17,84,0,79,0
UDP,184,38,0,218,0
TCP,952,130,0,653,0
ICMP,761,78,0,346,0
TCP,14,1,0,463,0
TCP,303,87,0,813,0
UDP,78,28,0,48,0
UDP,130,47,0,309,0
TCP,819,56,0,365,0
UDP,72,68,0,1205,0
UDP,1126,49,0,958,0
TCP,661,187,0,303,0
TCP,243,103,0,1031,0
TCP,519,31,0,262,0
TCP,353,14,0,699,0
TCP,178,76,0,498,0
TCP,109,219,1,496,0
TCP,16,15,0,626,0
TCP,565,48,0,84,0
TCP,198,7,8,4872,1
TCP,413,16,0,453,0
TCP,1722,55,0,133,0
UDP,190,58,0,210,0
TCP,332,239,0,522,0
TCP,785,11,0,426,0
TCP,61,107,0,62,0
TCP,206,5,0,274,0
TCP,301,94,0,1924,0
TCP,503,179,0,3928,0
TCP,415,197,0,256,0
TCP,300,22,0,964,0
TCP,168,121,0,62,0
UDP,53,448,0,285,0
UDP,1274,104,0,1636,0
UDP,805,47,0,889,0
UDP,273,176,1,793,0
UDP,610,262,0,317,0
UDP,65,88,0,24,0
TCP,1551,49,0,731,0
TCP,7,110,0,793,0
TCP,70,80,0,804,0
UDP,288,7,0,316,0
TCP,306,107,1,13,0
TCP,760,25,0,552,0
TCP,288,91,0,328,0
TCP,1260,57,0,1766,0
UDP,60,90,0,553,0
TCP,1208,111,0,281,0
UDP,251,112,0,2578,0
TCP,4516,37,0,5876,1
TCP,337,31,0,1519,0
ICMP,395,0,0,372,0
TCP,4503,22,7,5835,1
TCP,63,27,0,141,0
TCP,85,38,0,334,0
UDP,118,152,1,596,0
TCP,531,407,0,196,0
TCP,1200,107,0,319,0
TCP,648,44,0,813,0
TCP,54,221,0,347,0
ICMP,53,128,0,115,0
TCP,181,231,0,646,0
TCP,202,178,0,186,0
TCP,80,215,0,1292,0
TCP,23,364,0,1477,0
UDP,51,90,1,271,0
TCP,230,21,0,698,0
TCP,5249,136,4,3538,1
UDP,319,68,1,173,0
TCP,264,77,0,445,0
TCP,303,118,0,1937,0
TCP,419,117,1,1843,0
TCP,727,423,1,80,0
UDP,117,26,0,1108,0
TCP,106,73,0,205,0
ICMP,51,3,0,92,0
TCP,2073,77,0,536,0
TCP,238,2,0,2,0
TCP,285,356,0,274,0
TCP,282,29,0,871,0
TCP,685,234,0,177,0
TCP,1743,63,0,77,0
ICMP,1246,273,0,223,0
TCP,5497,187,0,5463,1
UDP,335,14,0,716,0
UDP,273,99,0,74,0
TCP,38,24,0,677,0
ICMP,43,331,0,147,0
TCP,234,130,0,885,0
TCP,646,4,0,117,0
ICMP,446,45,0,453,0
TCP,34,233,0,81,0
ICMP,1092,242,0,152,0
UDP,362,136,0,203,0
TCP,251,79,0,693,0
TCP,965,14,0,896,0
TCP,2248,119,0,238,0
TCP,1370,24,0,123,0
TCP,130,55,0,77,0
TCP,245,8,0,464,0
UDP,714,28,0,1428,0
TCP,857,116,1,143,0
TCP,353,7,1,788,0
TCP,605,86,0,172,0
UDP,1197,157,0,33,0
ICMP,163,11,0,1689,0
TCP,454,4,1,657,0
TCP,422,19,0,2033,0
TCP,101,34,1,454,0
TCP,18,11,0,1432,0
TCP,1031,148,0,420,0
TCP,72,0,0,68,0
ICMP,290,23,0,1756,0
TCP,1596,123,0,479,0
ICMP,310,26,1,47,0
TCP,281,42,0,289,0
ICMP,554,134,0,648,0
TCP,16,2,0,98,0
TCP,247,3,1,311,0
ICMP,150,140,0,1038,0
TCP,8,112,0,47,0
TCP,758,253,0,377,0
TCP,2165,105,0,42,0
TCP,506,12,0,286,0
ICMP,351,242,0,268,0
TCP,297,21,0,118,0
TCP,611,50,0,76,0
TCP,171,3,0,814,0
TCP,61,17,0,225,0
TCP,2021,13,0,302,0
UDP,540,40,0,1064,0
TCP,3281,379,0,212,0
TCP,290,89,0,1024,0
UDP,1487,57,0,1452,0
TCP,46,139,0,8,0
TCP,295,41,0,228,0
TCP,414,55,0,55,0
TCP,290,196,0,298,0
TCP,1848,27,0,84,0
TCP,1238,102,0,347,0
TCP,252,50,0,604,0
TCP,3969,96,0,7074,1
TCP,566,2,1,118,0
UDP,165,145,0,80,0
TCP,87,461,0,587,0
TCP,878,48,0,2680,0
TCP,178,33,0,510,0
TCP,54,21,0,24,0
ICMP,6749,97,0,5107,1
TCP,299,156,0,167,0
TCP,1688,56,1,215,0
TCP,6429,36,5,6314,1
TCP,913,1,0,997,0
TCP,5849,39,10,5244,1
TCP,2064,0,0,13,0
TCP,1069,136,0,555,0
TCP,528,79,0,1331,0
TCP,5093,60,3,6803,1
TCP,663,28,0,1004,0
TCP,1266,60,0,883,0
TCP,617,69,0,563,0
TCP,251,12,1,936,0
TCP,217,64,0,1341,0
TCP,760,283,0,678,0
ICMP,464,316,0,49,0
TCP,637,55,0,1031,0
TCP,769,119,0,94,0
TCP,650,44,0,1341,0
ICMP,66,29,0,692,0
ICMP,935,344,0,1959,0
ICMP,151,111,0,377,0
TCP,538,388,0,675,0
TCP,368,4,0,479,0
TCP,385,47,0,1310,0
TCP,371,126,1,916,0
TCP,231,34,1,9,0
TCP,867,64,0,689,0
TCP,537,348,0,794,0
UDP,287,27,0,258,0
TCP,21,19,0,17,0
UDP,167,162,0,194,0
TCP,504,25,0,1140,0
TCP,44,35,0,1145,0
TCP,626,0,2,354,0
TCP,792,70,0,466,0
TCP,585,34,0,690,0
TCP,245,102,0,939,0
UDP,32,126,0,152,0
TCP,57,43,0,827,0
ICMP,600,174,0,413,0
TCP,106,77,0,26,0
TCP,1027,286,0,411,0
TCP,59,114,0,75,0
UDP,572,220,0,193,0
TCP,126,156,0,177,0
ICMP,395,408,0,305,0
TCP,295,72,0,388,0
TCP,309,41,0,136,0
TCP,1515,19,0,125,0
TCP,15,57,1,1355,0
TCP,173,106,0,232,0
TCP,757,24,0,40,0
TCP,151,37,0,419,0
TCP,137,56,0,208,0
TCP,94,140,0,35,0
TCP,312,38,1,241,0
TCP,385,110,0,639,0
TCP,267,74,0,159,0
TCP,5883,26,0,4378,1
UDP,145,109,0,2856,0
TCP,1124,99,0,534,0
UDP,538,66,0,186,0
UDP,98,1,0,2239,0
TCP,984,19,0,230,0
TCP,34,44,0,339,0
UDP,708,110,1,170,0
TCP,55,59,0,1898,0
TCP,55,178,0,423,0
TCP,5837,142,0,346,1
TCP,241,92,0,327,0
TCP,4794,74,6,3182,1
UDP,362,131,0,269,0
TCP,135,256,5,460,1
TCP,96,86,0,814,0
UDP,3979,121,5,546,1
ICMP,1343,322,0,1559,0
TCP,131,172,0,180,0
TCP,158,13,0,83,0
TCP,282,35,0,183,0
ICMP,91,18,0,547,0
UDP,1868,285,0,236,0
TCP,12,91,1,48,0
TCP,79,336,1,166,0
UDP,567,12,0,186,0
TCP,932,199,0,618,0
TCP,444,27,0,251,0
TCP,192,22,0,649,0
TCP,305,54,0,731,0
TCP,253,160,0,187,0
TCP,486,20,0,101,0
TCP,652,85,0,120,0
ICMP,1179,16,0,646,0
TCP,2786,117,0,590,0
TCP,5396,67,3,139,1
UDP,6,23,0,25,0
UDP,306,37,0,423,0
TCP,168,9,0,283,0
UDP,1115,366,0,460,0
ICMP,189,7,0,497,0
TCP,336,7,0,609,0
TCP,785,41,0,665,0
UDP,988,35,0,168,0
TCP,179,35,0,115,0
TCP,96,104,1,286,0
ICMP,134,24,0,301,0
TCP,281,4,1,246,0
TCP,39,10,0,149,0
TCP,167,110,0,298,0
UDP,72,44,0,479,0
UDP,172,642,0,1392,0
TCP,627,64,0,510,0
TCP,136,212,0,1288,0
TCP,424,37,1,904,0
ICMP,7281,161,4,4302,1
UDP,238,134,0,153,0
TCP,846,113,0,220,0
UDP,408,455,0,450,0
ICMP,102,19,0,51,0
TCP,132,128,0,927,0
TCP,266,353,0,319,0
TCP,51,63,1,112,0
TCP,565,88,0,570,0
TCP,41,83,0,573,0
TCP,159,131,0,269,0
TCP,31,180,0,207,0
TCP,295,31,1,495,0
TCP,754,1,0,405,0
UDP,227,41,0,899,0
TCP,284,83,0,32,0
TCP,187,27,2,830,0
TCP,89,153,0,353,0
TCP,269,100,0,60,0
TCP,5349,56,5,5139,1
TCP,23,147,1,188,0
UDP,442,114,0,290,0
TCP,1692,42,0,700,0
TCP,273,94,0,842,0
TCP,146,277,0,762,0
ICMP,696,15,0,290,0
TCP,142,13,0,1522,0
UDP,773,48,0,311,0
TCP,399,105,0,946,0
TCP,319,136,0,816,0
ICMP,481,42,0,121,0
TCP,175,76,0,6,0
TCP,201,7,0,1075,0
TCP,75,318,0,1301,0
UDP,1078,49,0,96,0
TCP,1139,117,0,669,0
TCP,185,21,0,424,0
TCP,447,120,0,1113,0
TCP,1287,410,0,201,0
TCP,1240,111,0,368,0
TCP,399,170,0,1815,0
TCP,72,45,1,271,0
UDP,261,84,0,313,0
TCP,888,168,0,789,0
TCP,220,39,0,1022,0
TCP,1672,144,0,2121,0
TCP,299,122,0,95,0
TCP,132,44,0,2046,0
TCP,48,184,0,655,0
TCP,813,46,0,33,0
TCP,345,157,0,2393,0
TCP,56,154,0,865,0
ICMP,308,417,0,153,0
UDP,6,28,1,999,0
TCP,67,83,0,1522,0
TCP,378,214,0,100,0
TCP,5695,75,8,5919,1
ICMP,319,66,0,1849,0
TCP,551,115,0,562,0
UDP,259,5,0,35,0
UDP,938,114,0,276,0
UDP,111,36,1,43,0
TCP,1218,52,0,1434,0
TCP,695,22,0,392,0
TCP,5123,28,6,5164,1
TCP,5778,1,0,982,1
UDP,190,173,0,519,0
TCP,2104,88,0,87,0
TCP,211,95,0,718,0
UDP,241,2,0,14,0
TCP,256,170,0,61,0
TCP,165,64,0,164,0
TCP,622,48,0,92,0
TCP,476,93,0,393,0
TCP,308,89,0,1189,0
TCP,914,424,0,111,0
TCP,142,59,0,5407,1
TCP,4626,276,0,236,1
UDP,1604,287,0,59,0
TCP,444,4,0,210,0
UDP,258,68,0,95,0
UDP,136,31,0,241,0
TCP,483,25,0,412,0
UDP,241,53,0,576,0
ICMP,1920,151,0,598,0
UDP,68,680,0,1177,0
TCP,462,28,0,62,0
TCP,144,233,0,200,0
TCP,367,250,0,563,0
TCP,2,211,0,1014,0
TCP,358,27,0,1344,0
TCP,2024,139,0,890,0
TCP,625,212,0,2262,0
TCP,925,38,0,1309,0
TCP,6,410,0,661,0
TCP,920,194,0,777,0
UDP,1656,17,0,206,0
TCP,285,110,0,104,0
TCP,37,21,1,146,0
TCP,740,151,0,123,0
TCP,49,59,0,962,0
TCP,94,7,0,63,0
TCP,231,85,0,54,0
ICMP,19,23,0,1278,0
TCP,305,66,0,642,0
TCP,820,195,0,946,0
UDP,8,30,0,201,0
UDP,7538,68,4,82,1
TCP,21,122,0,125,0
UDP,44,3,0,540,0
TCP,432,61,0,375,0
TCP,320,116,0,114,0
TCP,100,139,0,21,0
TCP,265,29,0,782,0
TCP,1586,18,0,504,0
UDP,140,189,0,366,1
ICMP,467,238,0,56,0
TCP,77,39,0,1440,0
TCP,71,7,0,52,0
TCP,434,130,1,240,0
TCP,1200,68,0,69,0
UDP,740,193,0,1037,0
TCP,469,227,0,230,0
UDP,116,0,0,627,0
TCP,781,269,0,679,0
UDP,110,3,0,45,0
TCP,131,194,0,232,0
TCP,1549,123,0,51,0
TCP,1925,8,1,3,0
TCP,273,151,0,105,0
TCP,375,194,4,4354,1
TCP,478,91,0,670,0
TCP,151,104,0,53,0
TCP,90,60,0,1670,0
TCP,1237,2,0,206,0
TCP,1597,3,0,413,0
TCP,450,3,0,455,0
TCP,230,198,0,116,0
TCP,158,38,0,602,0
UDP,357,3,0,1609,0
TCP,303,98,0,668,0
TCP,492,38,0,460,0
TCP,808,62,0,38,0
TCP,212,47,0,67,0
TCP,1005,306,0,21,0
TCP,298,63,0,373,0
UDP,999,44,0,723,0
ICMP,283,76,0,439,0
TCP,211,77,0,141,0
TCP,97,24,0,345,0
ICMP,1460,33,0,3,0
TCP,735,78,0,168,0
TCP,78,22,0,294,0
UDP,870,36,1,673,0
ICMP,285,131,0,7,0
UDP,1245,351,0,414,0
UDP,16,189,0,93,0
TCP,172,54,0,244,0
TCP,248,68,0,51,0
TCP,159,9,0,832,0
TCP,28,4,1,728,0
UDP,10,18,0,1795,0
UDP,850,36,5,8555,1
TCP,653,27,0,656,0
TCP,75,36,0,28,0
UDP,612,50,1,41,0
TCP,85,172,0,7,0
TCP,249,258,0,150,0
TCP,273,91,0,776,0
ICMP,271,41,1,53,0
TCP,354,4,1,185,0
UDP,95,48,0,458,0
UDP,730,103,0,1070,0
TCP,28,25,0,555,0
UDP,131,374,0,171,0
TCP,168,40,2,849,0
TCP,126,38,3,37,1
UDP,121,18,0,123,0
UDP,701,163,1,188,0
UDP,1038,4,0,1792,0
TCP,1713,17,0,399,0
TCP,1337,29,0,231,0
TCP,98,117,0,54,0
UDP,446,181,0,243,0
UDP,338,7,0,338,0
ICMP,3186,88,0,180,0
UDP,243,229,0,506,0
TCP,864,42,0,146,0
TCP,25,42,0,556,0
TCP,159,65,1,767,0
UDP,611,45,0,133,0
TCP,153,79,0,657,0
UDP,473,78,0,144,0
TCP,711,102,0,372,0
TCP,136,2,0,241,0
TCP,5207,65,5,99,1
UDP,120,61,0,768,0
TCP,410,0,0,427,0
UDP,136,17,0,296,0
UDP,261,83,0,881,0
TCP,271,25,8,1089,1
TCP,371,55,0,83,0
TCP,218,27,0,16,0
TCP,731,213,1,207,0
TCP,333,57,0,711,0
UDP,67,8,0,1274,0
TCP,858,244,0,1113,0
TCP,79,68,1,113,0
TCP,40,95,0,54,0
TCP,1004,56,0,146,0
TCP,689,85,0,391,0
TCP,128,86,0,1006,0
ICMP,201,100,0,255,0
UDP,803,29,0,752,0
TCP,2265,53,0,1375,0
UDP,570,24,1,440,0
UDP,752,264,0,750,0
TCP,103,306,0,286,0
ICMP,2099,94,0,276,0
TCP,501,2,0,331,0
TCP,551,50,0,118,0
UDP,1028,14,0,104,0
TCP,668,138,1,858,0
TCP,185,57,0,258,0
UDP,231,116,0,210,0
TCP,1,190,0,1010,0
ICMP,707,77,0,2683,0
TCP,666,75,0,1041,0
TCP,270,83,0,226,0
TCP,145,283,1,773,0
TCP,592,268,0,1340,0
UDP,257,72,0,574,0
UDP,373,238,1,879,0
TCP,301,31,0,1320,0
TCP,117,101,0,106,0
TCP,483,16,6,4664,1
TCP,185,27,0,263,0
ICMP,1141,60,0,567,0
TCP,1329,47,0,8,0
TCP,898,32,0,255,0
UDP,195,195,0,633,0
TCP,510,50,0,260,0
TCP,65,43,0,303,0
TCP,54,331,0,185,0
TCP,111,39,0,185,0
TCP,627,56,0,72,0
UDP,593,2,0,189,0
TCP,548,218,0,1110,0
TCP,15,65,0,836,0
ICMP,587,215,0,754,0
UDP,822,73,0,203,0
TCP,432,265,0,390,0
TCP,191,102,0,0,0
TCP,93,131,1,73,0
TCP,387,127,0,1896,0
UDP,945,44,0,131,0
TCP,591,71,0,496,0
TCP,30,58,0,243,0
TCP,405,59,0,1462,0
TCP,17,324,0,360,0
UDP,278,8,0,1092,0
TCP,614,7,0,242,0
TCP,21,49,1,247,0
UDP,1558,53,0,3963,1
TCP,249,28,0,82,0
ICMP,580,98,0,283,0
TCP,248,26,0,205,0
TCP,162,77,0,2051,0
UDP,794,17,0,11,0
UDP,165,151,0,386,0
TCP,192,23,0,2499,0
UDP,656,304,0,1560,0
TCP,179,117,0,102,0
TCP,247,51,0,249,0
TCP,294,145,0,751,0
TCP,287,7,0,567,0
UDP,139,168,0,118,0
UDP,25,90,0,245,0
UDP,71,80,0,582,0
ICMP,2859,31,0,281,0
UDP,32,1,0,488,0
ICMP,570,128,0,619,0
ICMP,331,48,1,580,0
TCP,41,2,0,438,0
TCP,542,57,0,682,0
TCP,459,149,0,209,0
TCP,29,42,0,1737,0
TCP,266,78,0,280,0
UDP,481,176,0,554,0
TCP,570,165,0,1161,0
TCP,917,39,0,278,0
ICMP,422,25,0,11,0
TCP,414,90,0,936,0
TCP,246,91,0,259,0
TCP,22,71,0,724,0
TCP,422,43,0,177,0
TCP,1331,275,0,213,0
TCP,928,22,0,302,0
UDP,291,87,0,492,0
TCP,150,148,0,195,0
TCP,45,60,0,390,0
TCP,145,72,0,205,0
TCP,57,83,0,535,0
TCP,89,68,1,936,0
TCP,122,20,0,615,0
TCP,559,73,0,733,0
TCP,130,18,0,436,0
TCP,132,36,0,784,0
TCP,103,22,0,89,0
UDP,197,159,0,475,0
TCP,121,109,0,1398,0
TCP,27,106,0,355,0
TCP,366,15,1,477,0
TCP,42,64,0,977,0
TCP,288,40,0,43,0
TCP,94,173,1,330,0
ICMP,198,36,1,427,0
TCP,248,268,1,1535,0
TCP,592,153,0,424,0
TCP,484,50,0,162,0
TCP,315,270,0,1997,0
TCP,689,85,0,111,0
TCP,386,5,0,105,0
TCP,83,36,0,457,0
TCP,517,44,0,606,0
TCP,119,218,0,583,0
ICMP,653,16,0,135,0
UDP,11,0,0,451,0
TCP,372,149,0,512,0
TCP,192,18,0,909,0
TCP,135,245,0,529,0
ICMP,648,439,1,2324,0
TCP,347,158,0,144,0
TCP,796,46,0,116,0
TCP,919,49,0,354,0
TCP,96,148,0,1,0
TCP,392,284,0,154,0
TCP,784,133,0,132,0
ICMP,6,50,0,1139,0
TCP,101,15,0,156,0
TCP,785,7,0,176,0
TCP,258,95,0,734,0
UDP,509,28,0,180,0
TCP,219,176,0,34,0
TCP,70,43,0,85,0
UDP,5095,374,5,210,1
TCP,146,94,0,210,0
TCP,1512,192,0,92,0
TCP,603,78,0,243,0
TCP,90,23,0,1105,0
UDP,534,30,0,257,0
TCP,1429,153,0,26,0
TCP,271,193,0,19,0
UDP,499,94,0,855,0
UDP,192,80,0,310,0
TCP,571,10,0,149,0
TCP,707,27,1,1067,0
TCP,369,90,0,132,0
TCP,399,12,0,389,0
TCP,1281,46,0,359,0
TCP,728,22,0,396,0
TCP,7,84,0,6,0
TCP,1212,79,1,206,0
ICMP,397,2,0,306,0
TCP,3,42,0,138,0
UDP,1166,83,0,503,0
TCP,515,35,0,655,0
TCP,152,58,0,133,0
TCP,412,308,0,6,0
ICMP,1069,12,0,278,0
TCP,246,77,1,278,0
TCP,242,83,0,140,0
UDP,264,10,0,228,0
TCP,60,26,0,442,0
TCP,265,165,0,665,0
TCP,716,42,0,1274,0
TCP,461,13,0,48,0
TCP,353,119,0,699,0
TCP,673,27,0,138,0
TCP,810,214,0,1015,0
UDP,535,59,0,975,0
ICMP,195,177,0,945,0
TCP,5877,9,6,4310,1
ICMP,44,7,0,284,0
UDP,4,54,0,123,0
TCP,507,7,0,999,0
TCP,313,6,0,581,0
TCP,175,46,0,630,0
UDP,1114,24,0,309,0
TCP,394,9,0,153,0
TCP,514,59,0,417,0
ICMP,142,29,0,1157,0
TCP,327,68,0,73,0
TCP,1198,2,0,37,0
TCP,247,61,0,887,0
TCP,409,12,0,407,0
TCP,198,116,0,207,0
TCP,125,164,0,81,0
ICMP,54,190,0,151,0
TCP,468,15,0,103,0
TCP,11,22,0,32,0
TCP,313,94,0,866,0
TCP,877,25,0,756,0
TCP,289,204,0,243,0
TCP,108,129,0,217,0
ICMP,509,79,0,212,0
TCP,37,151,0,220,0
TCP,398,95,0,5,0
TCP,14,124,0,218,0
TCP,1563,5,0,588,0
TCP,1578,19,2,1251,0
TCP,182,79,0,70,0
TCP,46,181,0,89,0
UDP,1244,37,0,1894,0
TCP,1012,1,0,86,0
TCP,137,79,0,445,0
ICMP,358,1,0,540,0
UDP,136,55,0,32,0
TCP,211,152,0,1112,0
TCP,411,123,1,75,0
TCP,310,19,0,89,0
TCP,290,16,0,139,0
TCP,514,64,0,397,0
TCP,411,182,0,351,0
UDP,442,40,0,206,0
UDP,902,5,0,240,0
TCP,2588,84,0,390,0
TCP,339,143,0,637,0
TCP,9,24,0,920,0
UDP,115,363,0,1,0
TCP,835,35,0,790,0
UDP,322,469,0,101,0
TCP,841,13,0,409,0
TCP,327,232,0,864,0
UDP,835,167,0,57,0
UDP,3710,143,8,7046,1
TCP,201,58,0,385,0
UDP,326,64,0,22,0
TCP,183,96,0,127,0
UDP,75,145,0,2627,0
TCP,980,161,1,699,0
TCP,436,38,0,167,0
TCP,68,356,0,124,0
TCP,273,162,0,997,0
TCP,877,18,0,459,0
TCP,148,230,0,405,0
TCP,123,174,0,265,0
TCP,894,150,1,1266,0
TCP,715,98,0,127,0
TCP,136,9,0,26,0
TCP,1016,60,0,134,0
TCP,148,57,0,648,0
TCP,351,86,0,314,0
UDP,39,310,1,205,0
UDP,1010,2,0,76,0
TCP,1201,287,0,127,0
TCP,96,150,0,198,0
TCP,843,95,0,576,0
TCP,459,67,0,260,0
UDP,617,140,0,411,0
TCP,551,5,0,0,0
TCP,241,8,0,120,0
TCP,310,93,0,4,0
TCP,130,63,0,833,0
UDP,381,50,2,463,0
TCP,3161,132,0,247,0
TCP,651,156,0,99,0
TCP,93,24,0,1220,0
UDP,728,103,0,108,0
TCP,1012,146,0,1977,0
UDP,307,16,0,375,0
TCP,380,20,0,764,0
TCP,369,494,0,445,0
TCP,628,49,0,301,0
TCP,295,73,0,1195,0
TCP,178,107,0,2447,0
UDP,110,63,0,799,0
TCP,333,312,0,483,0
TCP,141,18,0,774,0
TCP,1171,105,0,64,0
TCP,1381,86,0,232,0
ICMP,1401,19,0,248,0
TCP,1017,165,0,171,0
ICMP,146,14,0,31,0
TCP,2,420,0,201,0
UDP,7640,162,0,7751,1
UDP,723,104,0,381,0
TCP,1044,17,0,270,0
UDP,368,2,0,263,0
TCP,1866,31,0,143,0
TCP,111,13,1,592,0
TCP,439,221,0,1598,0
ICMP,10,187,0,697,0
TCP,753,57,0,269,0
UDP,2201,70,0,122,0
TCP,797,90,0,278,0
TCP,301,120,0,583,0
UDP,283,66,1,174,0
TCP,562,15,0,1403,0
TCP,60,145,0,50,0
TCP,597,150,1,302,0
TCP,941,277,0,201,0
TCP,183,68,0,293,0
UDP,97,87,1,627,0
ICMP,498,227,0,34,0
UDP,1,167,1,155,0
TCP,1279,29,0,560,0
TCP,68,66,0,1398,0
TCP,195,57,0,1188,0
TCP,507,383,0,111,0
TCP,1262,21,0,991,0
TCP,920,137,0,156,0
TCP,471,121,0,1103,0
TCP,379,191,0,81,0
TCP,32,36,0,197,0
TCP,706,27,0,251,0
TCP,32,78,0,366,0
TCP,112,43,0,87,0
TCP,667,17,0,129,0
ICMP,205,228,0,509,0
TCP,52,3,0,476,0
TCP,451,189,0,124,0
TCP,94,20,0,702,0
TCP,741,119,0,139,0
UDP,1111,139,0,412,0
TCP,1596,100,0,1080,0
TCP,533,42,0,392,0
ICMP,427,97,4,5235,1
TCP,1,14,0,282,0
UDP,513,42,0,185,0
TCP,112,9,0,71,0
UDP,109,149,1,77,0
TCP,4966,233,3,6588,1
TCP,15,130,0,15,0
TCP,182,115,1,642,0
TCP,454,148,0,190,0
ICMP,104,57,0,1524,0
UDP,5078,50,12,5056,1
TCP,209,301,0,63,0
TCP,233,59,0,73,0
TCP,7351,142,2,6387,1
UDP,901,230,0,884,0
UDP,15,21,0,170,0
UDP,38,65,0,78,0
TCP,35,126,0,121,0
TCP,309,119,0,1080,0
UDP,1019,3,0,173,0
TCP,338,75,0,216,0
TCP,151,48,0,419,0
UDP,408,182,0,412,0
TCP,366,16,0,55,0
UDP,1207,48,0,79,0
TCP,171,475,1,5125,1
TCP,751,82,0,466,0
TCP,157,33,0,3,0
ICMP,1378,180,0,321,0
TCP,54,534,0,2070,0
UDP,5129,428,5,6448,1
TCP,2,41,0,1224,0
TCP,746,192,0,628,0
TCP,328,151,0,35,0
ICMP,213,5,0,95,0
TCP,1008,55,0,368,0
TCP,250,131,0,493,0
TCP,1964,78,0,79,0
UDP,622,29,0,1260,0
UDP,373,44,0,383,0
TCP,235,5,0,532,0
UDP,59,466,0,79,0
TCP,1277,48,0,86,0
UDP,179,16,0,18,0
TCP,435,176,0,691,0
ICMP,177,42,0,383,0
TCP,204,7,1,1035,0
TCP,161,306,0,169,0
UDP,68,381,0,172,0
UDP,143,85,0,1031,0
UDP,197,46,0,667,0
TCP,824,59,0,942,0
TCP,2094,397,0,86,0
TCP,871,111,0,362,0
UDP,151,17,0,525,0
TCP,2186,31,0,663,0
ICMP,304,222,1,76,0
UDP,109,231,0,330,0
UDP,5613,172,1,5161,1
TCP,705,27,0,937,0
UDP,842,135,0,27,0
TCP,224,27,0,15,0
TCP,34,235,0,13,0
TCP,138,149,0,178,0
TCP,679,24,0,70,0
TCP,1489,1,0,155,0
UDP,346,245,0,52,0
TCP,789,45,0,11,0
TCP,16,61,0,1081,0
TCP,195,114,0,1858,0
ICMP,9,15,0,745,0
TCP,244,89,1,31,0
UDP,727,9,0,602,0
TCP,19,41,0,22,0
TCP,195,134,0,753,0
TCP,154,51,0,139,0
TCP,302,87,0,306,0
TCP,498,51,0,357,0
TCP,280,39,0,197,0
TCP,616,64,0,471,0
UDP,89,9,0,265,0
TCP,16,24,0,43,0
TCP,837,50,0,56,0
TCP,472,21,0,142,0
TCP,178,48,0,16,0
UDP,782,35,0,44,0
TCP,632,73,0,335,0
TCP,1216,53,0,131,0
UDP,54,253,0,259,0
TCP,915,44,0,157,0
TCP,159,21,0,989,0
TCP,1531,7,0,2090,0
TCP,86,23,0,4,0
TCP,97,117,0,298,0
TCP,206,182,1,601,0
TCP,1247,292,0,17,0
TCP,2680,120,0,28,0
TCP,182,63,0,261,0
TCP,1600,55,0,506,0
TCP,162,250,0,465,0
TCP,781,47,0,1225,0
UDP,491,10,0,337,0
TCP,34,86,0,601,0
UDP,670,502,0,240,0
UDP,105,14,0,1130,0
ICMP,265,238,1,30,0
ICMP,666,19,0,2341,0
TCP,124,437,0,780,0
UDP,8,34,0,567,0
TCP,972,29,0,402,0
TCP,197,120,0,1318,0
TCP,226,75,0,510,0
TCP,149,62,0,378,0
TCP,122,158,0,156,0
TCP,1374,0,2,177,0
TCP,267,17,0,796,0
TCP,378,216,0,781,0
UDP,325,105,0,897,0
UDP,1527,329,0,611,0
TCP,583,6,0,251,0
TCP,173,99,0,7,0
UDP,1579,157,1,870,0
TCP,1217,28,0,883,0
TCP,390,132,0,659,0
UDP,765,310,0,1062,0
TCP,168,277,0,252,0
TCP,579,5,0,506,0
UDP,1413,1,6,122,1
TCP,79,373,0,1312,0
TCP,151,162,0,360,0
UDP,1025,17,0,399,0
TCP,233,4,0,443,0
UDP,1569,51,0,6,0
TCP,641,196,0,164,0
ICMP,654,138,1,1428,0
TCP,560,122,0,1090,0
TCP,830,24,0,683,0
UDP,569,494,0,974,0
UDP,585,44,0,6,0
ICMP,220,18,1,29,0
TCP,390,104,0,728,0
TCP,2443,11,0,18,0
UDP,949,86,0,251,0
UDP,564,323,9,4379,1
TCP,604,111,0,267,0
ICMP,185,90,0,983,0
TCP,15,5,0,826,0
UDP,32,82,1,1329,0
UDP,576,68,0,928,0
TCP,348,54,0,244,0
TCP,284,8,0,2014,0
TCP,478,572,0,182,0
UDP,101,124,0,855,0
TCP,594,4,0,79,0
UDP,321,43,0,78,0
TCP,4942,39,2,164,1
TCP,3290,12,1,541,0
ICMP,5476,239,0,6434,1
TCP,550,90,0,1713,0
TCP,1417,100,0,43,0
UDP,789,33,0,1681,0
TCP,678,91,0,114,0
UDP,420,61,1,15,0
UDP,213,19,0,437,0
TCP,934,312,0,134,0
TCP,652,25,0,17,0
TCP,33,102,0,29,0
ICMP,95,14,2,273,0
UDP,77,188,4,5257,1
TCP,216,10,0,2181,0
UDP,678,39,0,120,0
TCP,915,92,0,18,0
ICMP,309,363,0,137,0
TCP,8,65,0,1345,0
TCP,74,102,1,913,0
TCP,237,20,0,595,0
TCP,26,276,0,238,0
TCP,150,525,0,1465,0
ICMP,260,21,1,87,0
TCP,268,28,0,210,0
TCP,174,65,0,67,0
UDP,460,37,0,53,0
UDP,51,323,0,719,0
UDP,62,174,1,1071,0
TCP,3663,37,0,6143,1
TCP,914,95,0,112,0
TCP,56,33,0,1814,0
UDP,352,86,0,156,0
TCP,171,135,0,735,0
TCP,1476,110,1,1010,0
TCP,817,7,0,664,0
TCP,166,97,0,1491,0
TCP,1023,262,0,518,0
TCP,1522,15,0,103,0
UDP,1428,211,0,72,0
ICMP,264,98,0,227,0
UDP,454,30,0,36,0
ICMP,783,122,0,285,0
TCP,1710,239,0,514,0
UDP,4655,61,8,4846,1
TCP,901,87,1,592,0
ICMP,136,94,0,94,0
TCP,561,6,1,490,0
TCP,1100,138,1,793,0
TCP,148,56,0,871,0
TCP,825,74,0,224,0
TCP,999,96,0,52,0
TCP,184,33,0,28,0
TCP,212,95,0,651,0
TCP,1489,59,0,1340,0
TCP,209,12,0,540,0
TCP,124,186,0,6,0
TCP,86,132,0,843,0
TCP,862,337,0,634,0
TCP,325,121,0,442,0
TCP,928,97,0,2330,0
TCP,846,43,0,1464,0
TCP,1558,113,0,469,0
TCP,268,215,0,102,0
TCP,228,1,1,79,0
TCP,239,5,0,1110,0
TCP,168,44,0,258,0
TCP,1354,8,0,109,0
TCP,505,91,0,86,0
UDP,700,21,0,817,0
TCP,449,26,0,361,0
UDP,200,55,0,449,0
TCP,974,79,1,320,0
TCP,205,46,0,635,0
ICMP,1767,11,0,180,0
TCP,1187,172,0,29,0
TCP,693,84,0,154,0
TCP,73,54,0,116,0
TCP,223,20,0,75,0
TCP,241,283,0,1789,0
TCP,1163,10,0,167,0
TCP,316,6,0,340,0
UDP,126,5,0,40,0
TCP,1936,407,0,268,0
TCP,1890,70,0,829,0
UDP,102,59,0,608,0
TCP,1022,98,0,448,0
TCP,79,2,0,812,0
UDP,289,27,0,601,0
TCP,140,30,0,2305,0
TCP,1128,55,0,540,0
TCP,143,149,0,339,0
TCP,383,16,0,534,0
TCP,83,31,0,5,0
TCP,670,160,0,225,0
TCP,216,106,0,310,0
TCP,624,4,0,154,0
TCP,507,146,0,1029,0
TCP,1,83,0,1218,0
TCP,1102,156,0,57,0
TCP,386,10,0,173,0
UDP,422,194,0,1304,0
TCP,497,14,0,911,0
TCP,594,19,0,119,0
ICMP,4339,106,0,3379,1
ICMP,601,265,0,203,0
TCP,145,131,0,1552,0
UDP,2,74,0,336,0
UDP,261,3,0,590,0
TCP,144,86,0,811,0
TCP,22,4,1,239,0
ICMP,135,83,0,1277,0
TCP,1109,232,7,325,1
UDP,321,8,0,226,0
TCP,53,17,0,490,0
TCP,209,41,0,548,0
ICMP,226,122,0,118,0
TCP,415,98,0,257,0
UDP,585,104,0,282,0
ICMP,233,184,1,9,0
TCP,835,53,1,136,0
UDP,191,62,1,591,0
ICMP,496,74,0,455,0
UDP,63,198,0,30,0
TCP,240,155,0,159,0
ICMP,441,51,0,589,0
TCP,570,97,0,268,0
TCP,1366,50,0,955,0
TCP,174,76,0,472,0
TCP,275,57,0,763,1
TCP,559,70,0,181,0
TCP,282,117,0,30,0
TCP,246,196,0,202,0
ICMP,3729,63,0,468,1
TCP,80,118,0,323,0
TCP,78,74,0,19,0
TCP,1126,133,1,837,0
TCP,708,36,0,137,0
TCP,14,103,0,1197,0
UDP,154,167,0,347,0
TCP,926,27,0,58,0
TCP,542,11,0,1341,0
UDP,9,121,0,489,0
TCP,302,100,0,925,0
UDP,4217,266,0,4044,1
TCP,554,52,0,727,0
TCP,3299,69,0,528,0
TCP,133,39,0,268,0
UDP,531,23,0,277,0
ICMP,4,308,0,259,0
ICMP,2177,30,0,206,0
TCP,596,201,0,459,0
ICMP,229,90,0,283,0
ICMP,848,169,0,282,0
UDP,1599,85,0,232,0
TCP,538,73,0,439,0
UDP,687,82,0,1227,0
TCP,367,32,1,2892,0
ICMP,260,20,0,122,0
UDP,915,14,0,497,0
TCP,5839,30,2,185,1
TCP,630,49,0,1320,0
TCP,128,67,0,1329,0
ICMP,1267,7,0,175,0
UDP,399,131,0,76,0
TCP,372,70,0,1128,0
TCP,530,66,0,286,0
TCP,164,31,0,917,0
TCP,469,59,0,1285,0
UDP,882,192,0,415,0
TCP,334,14,0,295,0
TCP,1079,18,0,254,0
TCP,307,11,0,364,0
TCP,431,0,0,92,0
TCP,142,116,0,601,0
TCP,109,64,0,2186,0
TCP,697,215,0,482,0
TCP,1310,40,0,884,0
TCP,113,144,0,2005,0
TCP,2139,111,0,397,0
TCP,1066,66,0,801,0
UDP,150,54,0,1014,0
TCP,12,77,0,409,0
TCP,2139,36,0,533,0
UDP,610,96,0,229,0
TCP,243,97,1,432,0
UDP,222,5,0,646,0
TCP,240,135,1,154,0
TCP,1231,180,0,126,0
ICMP,38,226,0,145,0
UDP,226,181,0,49,0
UDP,83,98,0,254,0
UDP,847,11,0,352,0
TCP,50,107,0,790,0
TCP,338,20,0,661,0
UDP,393,59,0,957,0
TCP,24,122,0,417,0
ICMP,1872,62,0,52,0
TCP,205,121,0,36,0
ICMP,1520,146,1,377,0
TCP,477,363,0,31,0
TCP,5607,43,0,182,1
UDP,39,392,0,1148,0
TCP,165,19,0,650,0
UDP,113,77,0,45,0
TCP,409,14,0,947,0
TCP,202,388,0,105,0
TCP,238,138,0,15,0
TCP,2032,7,0,1878,1
TCP,924,29,0,631,0
TCP,827,106,1,201,0
TCP,903,132,0,309,0
TCP,215,56,0,276,0
TCP,12,229,0,169,0
TCP,304,185,1,468,0
TCP,41,142,0,737,0
TCP,438,227,1,580,0
TCP,1529,12,0,117,0
UDP,998,61,0,126,0
TCP,204,34,0,155,0
TCP,688,87,1,136,0
TCP,147,250,1,9,0
TCP,216,38,1,353,0
TCP,276,406,0,1186,0
TCP,380,42,0,369,0
TCP,505,29,0,397,1
TCP,222,83,0,405,0
TCP,514,81,0,518,0
TCP,25,19,0,230,0
TCP,90,21,0,449,0
UDP,434,20,0,166,0
TCP,6013,1,6,413,1
TCP,400,37,0,267,0
UDP,40,5,1,77,0
UDP,533,375,0,605,0
UDP,191,218,0,1609,0
TCP,1252,203,0,1297,0
TCP,51,395,0,309,0
TCP,373,8,0,203,0
TCP,509,37,0,159,0
UDP,352,453,0,4833,1
UDP,1072,58,0,145,0
TCP,346,67,0,116,0
TCP,339,21,0,599,0
ICMP,549,119,1,446,0
TCP,129,46,0,163,0
TCP,399,70,0,46,0
TCP,33,9,0,935,0
TCP,1259,11,0,636,0
TCP,902,261,0,118,0
TCP,370,88,0,12,0
UDP,100,97,0,841,0
TCP,411,58,1,363,0
TCP,628,116,1,186,0
TCP,5918,112,1,325,1
TCP,19,7,0,130,0
TCP,4,120,0,73,0
TCP,456,162,0,407,0
ICMP,578,70,0,341,0
TCP,1141,30,0,200,0
TCP,1027,16,0,241,0
ICMP,917,170,0,0,0
TCP,389,108,0,456,0
UDP,5479,0,0,117,1
TCP,17,5,0,902,0
TCP,291,3,0,290,0
TCP,1465,42,0,5,0
UDP,748,148,0,128,0
TCP,228,170,0,36,0
TCP,4,64,0,420,0
UDP,1268,87,1,837,0
TCP,410,167,0,113,0
TCP,57,353,0,645,0
UDP,763,36,0,361,0
TCP,131,4,0,242,0
TCP,20,47,0,634,0
TCP,86,39,0,125,0
TCP,4466,80,6,5566,1
UDP,605,70,0,929,0
TCP,434,121,0,543,0
TCP,132,266,0,228,0
UDP,85,238,0,174,0
TCP,269,5,0,665,0
TCP,41,21,0,1126,0
ICMP,865,40,0,319,0
ICMP,248,44,0,479,0
TCP,900,1,0,508,0
TCP,1066,186,0,657,0
TCP,207,51,0,60,0
ICMP,427,185,0,318,0
TCP,126,62,0,744,0
TCP,42,100,0,358,0
TCP,74,111,0,65,0
TCP,5405,76,4,6087,1
TCP,1762,304,0,209,0
TCP,787,36,0,427,0
ICMP,2096,103,0,452,0
UDP,970,175,0,206,0
TCP,246,61,0,343,0
UDP,289,11,0,241,0
TCP,178,94,0,497,0
TCP,491,4,0,407,0
TCP,612,128,0,342,0
TCP,352,60,1,1144,0
TCP,904,50,0,438,0
TCP,840,291,0,130,0
UDP,505,9,0,33,0
TCP,2739,25,0,210,0
TCP,3798,115,0,348,1
TCP,100,113,0,126,0
TCP,137,29,0,873,0
TCP,1022,56,0,172,0
TCP,5750,6,0,5793,1
TCP,1076,363,0,405,0
UDP,1811,307,0,52,0
TCP,95,19,0,692,0
TCP,1714,28,0,316,0
TCP,227,19,0,389,0
TCP,955,108,0,132,0
TCP,595,32,0,2234,0
TCP,246,45,0,165,0
TCP,238,19,0,473,0
TCP,1515,44,0,51,0
TCP,2555,178,0,440,0
TCP,698,19,0,398,0
TCP,691,36,1,123,0
TCP,203,202,1,131,0
TCP,218,56,0,575,0
TCP,1075,16,0,171,0
UDP,340,8,0,122,0
UDP,1221,16,1,96,0
TCP,567,4,0,486,0
TCP,1275,126,0,128,0
UDP,39,56,0,30,0
TCP,387,187,0,196,0
TCP,356,71,0,216,0
ICMP,318,58,0,751,0
TCP,19,38,0,821,0
TCP,459,100,0,290,0
UDP,7,92,0,512,0
UDP,247,137,0,468,0
TCP,372,203,0,332,0
TCP,197,15,0,136,0
TCP,562,283,7,6315,1
UDP,892,13,0,20,0
TCP,299,94,0,524,0
TCP,295,174,0,741,0
UDP,173,314,2,1368,0
TCP,285,70,0,299,0
TCP,86,72,0,330,0
TCP,650,103,0,131,0
TCP,2,188,0,225,0
TCP,642,121,0,120,0
TCP,504,109,0,356,0
TCP,435,271,0,87,0
TCP,349,193,0,653,0
TCP,1219,60,0,1833,0
TCP,372,247,0,1268,0
TCP,58,60,0,225,0
UDP,161,6,0,74,0
ICMP,234,227,1,712,0
TCP,103,76,0,452,0
TCP,231,29,0,1623,0
TCP,36,179,0,350,0
TCP,275,8,0,245,0
TCP,318,65,0,168,0
UDP,41,61,0,67,0
TCP,848,8,0,149,0
TCP,602,41,0,83,0
TCP,150,119,0,216,0
TCP,64,160,4,95,1
TCP,1708,245,0,751,0
TCP,971,107,0,20,0
TCP,467,5,0,21,0
TCP,250,36,0,167,0
TCP,332,111,0,295,0
TCP,654,93,0,115,0
TCP,137,254,0,1594,0
TCP,496,41,0,1,0
TCP,64,11,0,192,0
UDP,760,220,0,884,0
TCP,1049,164,0,203,0
TCP,1752,122,1,919,0
TCP,900,41,0,327,0
ICMP,896,107,0,99,0
UDP,99,152,0,391,0
ICMP,235,89,0,1906,0
TCP,348,0,0,318,0
TCP,550,104,0,103,0
TCP,135,342,0,77,0
TCP,113,177,0,572,0
ICMP,95,6,0,1497,0
UDP,5171,35,0,3235,1
TCP,99,20,0,214,0
TCP,478,19,0,114,0
UDP,70,91,0,1887,0
TCP,765,4,1,441,0
UDP,189,48,0,366,0
TCP,592,266,0,251,0
ICMP,222,76,1,1357,0
UDP,696,321,0,895,0
TCP,810,62,1,178,0
UDP,180,114,0,136,0
TCP,1320,48,0,8,0
TCP,2787,190,0,574,0
TCP,65,7,1,6564,1
TCP,1678,60,0,28,0
TCP,235,1,0,216,0
TCP,80,105,0,1427,0
TCP,888,20,0,162,0
ICMP,631,34,0,315,0
ICMP,237,26,0,39,0
UDP,31,33,0,767,0
TCP,971,91,0,220,0
UDP,27,210,0,252,0
TCP,1286,8,0,218,0
ICMP,2099,91,0,414,0
TCP,673,192,0,640,0
TCP,254,183,0,54,0
TCP,187,19,0,52,0
TCP,1609,53,0,65,0
UDP,1112,94,0,87,0
UDP,163,24,0,183,0
TCP,1448,58,0,331,0
TCP,1481,145,0,202,0
TCP,737,196,1,829,0
TCP,609,455,0,104,0
UDP,315,15,0,245,0
TCP,619,2,0,80,0
TCP,1164,13,0,334,0
TCP,889,23,0,987,0
TCP,1232,211,0,2465,0
TCP,272,13,0,66,0
TCP,221,19,0,220,0
ICMP,160,118,0,44,0
UDP,434,81,0,147,0
TCP,228,212,1,110,0
TCP,261,157,0,42,0
TCP,937,176,0,383,0
TCP,264,44,0,196,0
ICMP,136,189,0,603,0
ICMP,159,24,0,423,0
ICMP,230,43,0,152,0
UDP,52,115,0,496,0
TCP,65,19,0,305,0
UDP,64,81,0,235,0
TCP,7612,31,0,4224,1
TCP,64,219,0,469,0
TCP,5555,46,3,77,1
TCP,136,62,1,910,0
TCP,143,10,0,94,0
TCP,478,84,0,561,0
UDP,20,202,1,480,0
TCP,38,10,0,483,0
ICMP,5371,212,0,6762,1
TCP,793,202,0,174,0
TCP,683,44,0,301,0
TCP,190,77,0,85,0
UDP,378,47,0,1064,0
TCP,76,77,0,197,0
TCP,40,35,0,483,0
UDP,693,80,0,354,0
TCP,167,242,1,178,0
TCP,181,98,0,410,0
TCP,558,2,0,2072,0
TCP,2026,44,0,218,0
TCP,109,106,0,220,0
ICMP,60,42,1,2035,0
TCP,586,66,0,62,0
TCP,1080,7,0,1998,0
UDP,435,90,0,640,0
TCP,176,12,0,21,0
TCP,775,27,0,194,0
UDP,488,81,0,433,0
TCP,384,159,0,138,0
ICMP,262,32,0,1360,0
UDP,288,27,0,1396,0
TCP,919,30,3,551,1
UDP,1286,13,0,37,0
TCP,1175,6,0,799,0
TCP,397,57,0,9,0
TCP,670,19,0,36,0
UDP,507,75,0,159,0
UDP,103,9,0,226,0
UDP,1395,252,0,212,0
TCP,497,2,0,759,0
TCP,284,55,0,981,0
TCP,517,179,0,344,0
TCP,528,93,1,68,0
TCP,440,94,0,163,0
UDP,1784,40,0,1758,0
TCP,53,122,0,621,0
UDP,516,12,0,3,0
UDP,38,101,0,852,0
TCP,198,29,0,439,0
TCP,421,12,0,373,0
UDP,408,103,0,1303,0
UDP,47,142,0,595,0
TCP,834,6,0,2031,0
TCP,613,260,0,259,0
TCP,666,243,0,959,0
UDP,324,36,0,97,0
TCP,202,1,1,645,0
TCP,654,28,0,222,0
TCP,2396,166,0,244,0
TCP,268,35,0,283,0
TCP,417,29,1,550,0
UDP,4831,33,0,296,1
TCP,465,1,0,1001,0
TCP,261,51,0,867,0
TCP,33,25,0,645,0
UDP,194,69,0,610,0
UDP,1177,31,0,1776,0
ICMP,137,38,0,566,0
UDP,418,132,0,944,0
TCP,57,211,9,862,1
TCP,68,127,0,696,0
UDP,378,72,0,497,0
TCP,254,2,0,436,0
TCP,609,109,0,230,0
TCP,403,447,3,544,0
TCP,365,34,0,153,0
UDP,491,139,0,201,0
TCP,254,10,0,1280,0
TCP,4689,107,0,4352,1
TCP,73,174,0,270,0
TCP,1072,60,0,810,0
TCP,519,76,0,930,0
ICMP,184,327,0,217,0
UDP,354,33,1,849,0
UDP,201,248,0,608,0
TCP,202,133,0,434,0
UDP,539,39,0,94,0
TCP,222,2,0,718,0
TCP,77,6,0,199,0
TCP,794,92,0,202,0
TCP,567,96,0,224,0
TCP,347,19,0,756,0
UDP,359,42,0,365,0
UDP,456,166,0,73,0
ICMP,4434,296,4,470,1
TCP,103,81,0,422,0
TCP,1533,206,1,1096,0
TCP,385,25,0,1432,0
TCP,469,62,0,58,0
TCP,394,9,0,809,0
UDP,319,12,0,961,0
TCP,402,117,0,930,0
TCP,276,6,0,164,0
TCP,1660,127,0,376,0
TCP,278,126,0,130,0
TCP,1351,153,0,234,0
TCP,401,19,0,226,0
TCP,391,17,0,559,0
TCP,28,36,0,515,0
TCP,7736,166,6,183,1
ICMP,280,39,0,100,0
TCP,4973,311,0,398,1
TCP,28,37,0,238,0
TCP,895,102,0,1,0
TCP,83,71,0,349,0
TCP,128,139,1,335,0
TCP,90,201,0,42,0
TCP,410,664,1,981,0
TCP,64,9,0,381,0
TCP,567,113,0,181,0
UDP,436,32,0,1184,0
ICMP,488,61,0,179,0
TCP,1220,57,0,224,0
TCP,788,296,0,74,0
TCP,177,67,0,516,0
UDP,1189,32,0,378,0
TCP,1181,8,0,1054,0
TCP,304,156,0,1102,0
UDP,783,157,1,440,0
TCP,567,56,0,279,0
TCP,941,67,0,50,0
UDP,6970,155,8,28,1
UDP,407,17,0,666,0
TCP,468,37,1,793,0
TCP,568,26,0,336,0
UDP,1505,152,0,309,0
TCP,841,78,0,117,0
TCP,150,39,0,652,0
TCP,348,19,0,178,0
ICMP,197,25,1,1073,0
UDP,1563,2,0,61,0
TCP,156,51,0,335,0
TCP,38,10,0,2320,0
TCP,485,20,0,182,0
TCP,368,333,0,18,0
TCP,61,25,0,925,0
UDP,572,54,0,243,0
TCP,23,107,0,90,0
ICMP,255,25,1,214,0
TCP,125,86,0,474,0
TCP,1048,42,0,78,0
TCP,1184,139,0,302,0
UDP,356,28,0,30,0
TCP,948,123,0,874,0
TCP,373,146,0,392,0
TCP,1127,26,0,859,0
UDP,826,23,0,716,0
UDP,31,13,0,828,0
TCP,455,105,0,318,0
ICMP,514,2,0,646,0
UDP,443,55,0,336,0
TCP,89,34,0,426,0
TCP,1003,42,0,159,0
TCP,1081,117,0,86,0
ICMP,226,52,0,133,0
TCP,42,77,0,46,0
ICMP,280,112,0,110,0
ICMP,2492,41,0,215,0
ICMP,209,54,0,201,0
TCP,445,42,1,149,0
TCP,176,10,0,406,0
TCP,525,93,0,41,0
TCP,760,157,0,137,0
TCP,417,73,0,850,0
TCP,923,48,0,128,0
UDP,1582,59,0,250,0
UDP,26,4,0,564,0
TCP,356,132,0,595,0
TCP,734,84,0,701,0
TCP,100,96,0,1200,0
TCP,164,22,1,282,0
TCP,1103,78,0,38,0
ICMP,241,8,0,315,0
TCP,216,136,0,845,0
TCP,323,49,0,309,0
UDP,21,211,0,404,0
TCP,386,126,1,62,0
TCP,7,81,0,270,0
UDP,307,79,0,379,0
TCP,252,72,0,321,0
TCP,1332,298,0,990,1
ICMP,157,78,0,137,0
TCP,593,26,0,128,0
TCP,262,325,0,23,0
TCP,260,537,0,904,0
TCP,1103,48,0,123,0
UDP,1165,7,0,325,0
TCP,375,39,0,1752,0
TCP,441,52,0,1421,0
TCP,99,2,0,916,0
UDP,437,16,0,178,0
TCP,799,90,0,386,0
TCP,1199,126,1,366,0
UDP,468,32,0,62,0
TCP,234,121,0,42,0
TCP,354,72,0,55,0
UDP,801,26,0,125,0
TCP,2378,13,0,943,0
UDP,340,220,0,344,0
TCP,1635,61,0,632,0
TCP,696,18,0,256,0
TCP,900,26,0,37,0
TCP,31,15,0,252,0
TCP,400,223,0,864,0
ICMP,185,25,1,401,0
ICMP,417,230,0,543,0
TCP,119,187,0,1129,0
TCP,736,72,0,530,0
TCP,155,152,0,239,0
ICMP,151,46,0,207,0
TCP,211,82,0,1365,0
ICMP,612,21,0,481,0
TCP,711,120,0,692,0
TCP,4246,78,1,439,1
TCP,1139,18,0,52,0
TCP,313,25,0,877,0
TCP,293,126,0,442,0
TCP,217,115,0,972,0
UDP,476,64,0,8,0
TCP,363,63,0,247,0
TCP,438,1,8,4125,1
TCP,853,20,0,1914,0
TCP,146,85,1,301,0
TCP,93,75,0,162,0
TCP,2427,35,0,472,0
TCP,391,283,0,1086,0
TCP,273,31,0,422,0
TCP,237,61,0,179,0
TCP,862,100,0,408,0
TCP,861,156,0,1066,0
TCP,447,131,0,175,0
TCP,368,233,0,298,0
TCP,907,152,0,872,0
TCP,553,88,0,256,0
TCP,53,230,0,206,0
TCP,586,17,0,370,0
UDP,928,3,0,6,0
TCP,1041,194,0,486,0
UDP,94,19,0,336,0
TCP,513,91,0,280,0
TCP,295,374,0,245,0
TCP,206,13,1,649,0
UDP,446,42,0,723,0
TCP,24,11,0,18,0
TCP,985,63,0,573,0
UDP,66,69,0,251,0
UDP,157,75,0,438,0
TCP,409,135,0,866,0
TCP,291,76,0,164,0
TCP,620,52,0,99,0
TCP,731,95,0,981,0
TCP,992,29,0,548,0
TCP,41,8,0,725,0
TCP,565,25,1,1994,0
UDP,966,48,0,2317,0
TCP,829,50,0,54,0
TCP,1311,170,0,1160,0
UDP,296,51,1,144,0
TCP,251,176,0,79,0
UDP,625,207,0,169,0
TCP,67,33,0,2086,0
TCP,1125,256,0,67,0
TCP,164,22,0,39,0
ICMP,518,179,0,425,0
UDP,5652,72,0,6617,1
ICMP,560,43,0,730,0
ICMP,777,48,0,561,0
UDP,188,8,0,461,0
TCP,32,36,0,339,0
TCP,268,47,0,1118,0
TCP,833,11,0,1453,0
TCP,284,185,0,1140,0
TCP,483,88,0,188,0
ICMP,1832,171,0,139,0
TCP,4706,49,9,215,1
TCP,404,23,0,1756,0
TCP,48,105,0,134,0
TCP,159,147,1,276,0
TCP,187,93,0,1041,0
UDP,278,45,0,584,0
TCP,339,308,0,897,0
UDP,195,200,0,354,0
ICMP,1254,280,0,502,0
TCP,477,88,0,998,0
ICMP,348,172,0,1591,0
TCP,179,130,0,131,0
TCP,716,270,0,822,0
UDP,190,15,0,40,0
UDP,1307,40,0,742,0
UDP,1251,9,0,776,0
TCP,208,12,0,139,0
TCP,781,15,0,445,0
TCP,526,151,0,22,0
ICMP,1505,76,0,2346,0
UDP,694,142,0,51,0
TCP,2102,27,0,842,0
TCP,1165,72,0,626,0
ICMP,159,65,0,1280,0
ICMP,809,34,0,1960,0
TCP,110,125,0,289,0
ICMP,11,4,0,469,0
TCP,62,93,0,457,0
TCP,1320,25,0,832,0
TCP,387,152,0,788,0
ICMP,269,148,0,114,0
TCP,77,49,0,1943,0
TCP,190,16,0,113,0
TCP,459,197,0,24,0
TCP,825,22,0,1489,0
TCP,478,21,0,131,0
ICMP,459,152,0,734,0
UDP,976,129,0,118,0
TCP,1281,169,0,1043,0
TCP,16,230,0,24,0
TCP,8022,251,7,3959,1
TCP,122,157,0,383,0
TCP,176,63,0,5,0
TCP,1333,32,0,720,0
UDP,480,89,0,2025,0
TCP,81,35,0,40,0
TCP,229,92,0,214,0
UDP,469,152,0,130,0
TCP,997,75,0,783,0
TCP,714,210,0,106,0
TCP,232,267,0,231,0
ICMP,222,129,0,62,0
TCP,3933,59,4,3918,1
ICMP,977,187,0,478,0
TCP,45,56,0,38,0
TCP,822,67,1,419,0
TCP,372,148,0,21,0
ICMP,532,119,0,539,0
UDP,1141,75,0,166,0
TCP,446,22,0,174,0
TCP,455,58,0,84,0
TCP,582,5,0,154,0
UDP,602,63,0,545,0
TCP,88,73,0,454,0
TCP,1417,152,1,347,0
UDP,75,306,0,100,0
TCP,141,62,0,168,0
TCP,812,7,0,181,0
UDP,1164,4,0,93,0
UDP,62,63,0,90,0
UDP,504,460,0,790,0
TCP,520,54,1,328,0
UDP,1081,359,0,24,0
TCP,174,21,0,735,0
UDP,152,44,0,3,0
TCP,543,24,0,732,0
UDP,271,75,0,885,0
TCP,15,22,0,268,0
UDP,908,49,0,255,0
TCP,186,39,0,420,0
TCP,782,208,0,275,0
TCP,1959,47,0,793,0
TCP,823,38,0,232,0
TCP,890,75,0,897,0
TCP,1166,196,2,328,0
TCP,378,204,0,55,0
TCP,64,58,0,135,0
TCP,298,138,0,261,0
TCP,5622,38,1,1422,1
TCP,1066,2,0,170,0
TCP,205,67,0,910,0
TCP,173,47,0,254,0
TCP,156,163,0,211,0
ICMP,765,301,0,147,0
ICMP,114,127,0,343,0
TCP,923,27,0,53,0
TCP,61,118,0,676,0
TCP,585,40,0,357,0
UDP,136,54,1,717,0
TCP,213,128,0,892,0
TCP,938,24,0,74,0
TCP,464,55,0,804,0
TCP,240,20,0,795,0
UDP,595,63,0,597,0
TCP,78,206,0,18,0
TCP,41,97,0,358,0
TCP,3,48,0,253,0
TCP,15,28,0,589,0
ICMP,338,165,0,738,0
TCP,201,96,0,332,0
TCP,763,75,0,1881,0
TCP,36,69,0,982,0
TCP,34,66,0,384,0
TCP,3510,389,0,370,0
TCP,49,155,0,1245,0
TCP,43,24,1,776,0
TCP,6251,66,3,153,1
ICMP,37,163,0,65,0
TCP,50,89,0,5260,1
TCP,498,202,0,181,0
TCP,5174,231,7,154,1
TCP,767,32,2,350,0
UDP,631,78,1,176,0
TCP,220,98,0,41,0
UDP,15,277,0,162,0
TCP,429,115,0,442,0
ICMP,262,26,0,1022,0
TCP,1452,280,0,1353,0
TCP,112,25,0,39,0
TCP,638,14,0,719,0
TCP,2140,286,0,372,0
TCP,113,18,0,25,0
TCP,174,63,0,75,0
TCP,419,121,0,359,0
TCP,495,21,0,395,0
TCP,57,119,0,964,0
UDP,322,202,0,391,0
TCP,819,13,0,1261,0
TCP,566,58,0,452,0
TCP,1578,52,0,564,0
TCP,470,45,0,365,0
TCP,88,5,0,240,0
TCP,857,48,0,1786,0
TCP,498,240,0,517,1
TCP,212,2,0,398,0
TCP,373,56,0,332,0
TCP,144,83,0,159,0
UDP,412,18,0,165,0
TCP,242,42,0,123,0
TCP,5133,60,4,489,1
TCP,145,85,0,976,0
TCP,4358,27,5,305,1
UDP,235,110,0,145,0
TCP,69,55,0,54,1
ICMP,1471,4,0,60,0
TCP,332,318,0,900,0
TCP,399,32,0,403,0
TCP,140,91,0,75,0
UDP,1605,40,1,101,0
TCP,432,91,1,1231,0
TCP,86,189,0,610,0
TCP,465,4,0,192,0
TCP,550,132,0,305,0
TCP,21,180,0,29,0
TCP,115,114,0,710,0
ICMP,386,12,0,1007,0
TCP,588,35,1,687,0
UDP,1362,161,0,455,0
TCP,333,444,1,367,0
TCP,53,8,0,1466,0
TCP,223,141,0,903,0
TCP,72,101,0,4,0
TCP,58,36,0,1021,0
TCP,342,223,0,983,0
TCP,397,62,0,349,0
TCP,122,223,1,704,0
TCP,701,2,0,98,0
ICMP,307,10,0,62,0
TCP,51,17,0,247,0
TCP,69,135,0,279,0
TCP,171,207,0,497,0
TCP,77,362,0,1132,0
TCP,387,15,1,256,0
UDP,91,84,0,367,0
TCP,261,91,1,686,0
ICMP,40,67,0,872,0
TCP,376,57,0,943,0
TCP,493,35,0,85,0
ICMP,111,6,0,229,0
TCP,514,98,0,807,0
TCP,1266,162,0,377,0
TCP,1899,5,0,196,0
UDP,239,13,0,191,0
TCP,450,222,0,181,0
ICMP,347,163,0,573,0
UDP,1222,12,0,469,0
UDP,81,40,0,992,0
ICMP,258,592,0,24,0
UDP,1846,35,0,642,0
TCP,1062,8,0,50,0
ICMP,393,1,0,272,0
UDP,31,44,0,494,0
TCP,395,146,0,389,0
TCP,505,11,0,554,0
UDP,1364,57,0,101,0
TCP,222,127,0,850,0
TCP,5065,84,0,5767,1
TCP,74,331,0,739,0
TCP,75,39,0,16,0
TCP,840,8,0,250,0
TCP,229,17,0,61,0
UDP,777,25,0,309,0
TCP,859,33,1,361,0
TCP,556,9,0,559,0
TCP,1260,13,0,270,0
ICMP,184,24,0,711,0
TCP,321,58,0,1054,0
UDP,409,115,0,22,0
TCP,556,18,0,74,0
TCP,882,9,0,193,0
UDP,99,93,0,225,0
ICMP,511,86,1,356,0
TCP,257,20,0,18,0
TCP,850,2,2,324,0
UDP,179,58,0,567,0
TCP,5,98,0,1289,0
TCP,358,163,0,210,0
TCP,2071,64,0,2342,0
UDP,702,88,1,211,0
TCP,1028,10,0,31,0
TCP,1482,84,0,86,0
TCP,1185,217,0,438,0
TCP,478,46,0,169,0
TCP,231,43,0,278,0
UDP,145,45,0,1057,0
ICMP,1231,174,0,600,0
UDP,297,149,0,805,0
TCP,346,50,1,88,0
TCP,51,162,0,359,0
UDP,108,234,0,476,0
UDP,1419,5,0,837,0
TCP,1534,110,0,173,0
TCP,127,307,0,646,0
UDP,67,283,0,1,0
UDP,559,381,0,2,0
UDP,613,67,0,12,0
TCP,268,4,0,559,0
TCP,253,19,0,346,0
UDP,1099,81,0,331,0
TCP,28,4,0,1367,0
TCP,314,257,0,132,0
TCP,383,224,1,100,0
ICMP,800,50,0,167,0
TCP,718,408,0,433,0
TCP,35,28,0,228,0
TCP,322,136,0,2482,0
TCP,669,332,0,226,0
TCP,82,10,0,1653,0
ICMP,1589,137,0,1395,0
TCP,1147,161,1,1946,0
TCP,234,38,0,20,0
UDP,1306,160,0,328,0
TCP,312,41,0,138,0
TCP,55,88,0,246,0
ICMP,192,58,0,214,0
TCP,284,223,0,994,0
TCP,719,182,0,1078,0
TCP,4115,122,8,4326,1
TCP,519,131,0,379,0
TCP,2759,27,0,243,0
UDP,117,6,0,150,0
TCP,1314,117,0,270,0
TCP,107,32,1,69,0
UDP,234,134,0,363,0
TCP,104,41,0,91,0
TCP,620,178,1,261,0
ICMP,2364,268,0,345,0
UDP,432,37,0,168,0
TCP,122,110,0,1146,0
TCP,326,47,0,762,0
TCP,1531,39,0,375,0
TCP,85,163,1,1272,0
TCP,229,88,0,353,0
TCP,76,48,1,1685,0
ICMP,387,113,0,380,0
TCP,337,901,0,1078,0
ICMP,353,103,0,301,0
TCP,176,42,0,175,0
UDP,370,58,0,103,0
TCP,465,48,0,258,0
TCP,197,303,0,1062,0
TCP,203,12,0,262,0
TCP,923,36,0,140,0
ICMP,1103,8,1,572,0
TCP,553,161,0,169,0
UDP,559,17,0,87,0
TCP,197,108,0,335,0
UDP,646,208,0,55,0
TCP,350,253,0,150,0
TCP,332,8,0,188,0
TCP,5881,90,0,94,1
UDP,973,3,0,142,0
TCP,789,163,0,177,0
ICMP,909,179,0,244,0
TCP,1023,123,0,632,0
UDP,538,24,0,63,0
UDP,294,66,0,291,0
TCP,1240,132,0,127,0
TCP,93,175,0,230,0
TCP,26,215,0,233,0
TCP,597,142,7,5955,1
TCP,219,188,0,154,0
TCP,173,135,0,62,0
TCP,416,30,0,266,0
TCP,350,19,0,612,0
TCP,203,3,0,235,0
TCP,17,56,0,488,0
UDP,97,12,0,174,0
ICMP,264,193,0,919,0
TCP,197,27,0,2148,0
TCP,748,151,0,151,0
TCP,86,71,0,519,0
ICMP,845,81,0,545,0
TCP,555,2,0,479,0
UDP,354,13,0,704,0
TCP,228,20,0,587,0
TCP,480,21,0,1213,0
UDP,663,206,0,25,0
TCP,1051,30,0,173,0
TCP,364,59,0,97,0
TCP,423,60,0,349,0
TCP,522,67,0,625,0
TCP,292,261,0,168,0
TCP,83,23,0,976,0
TCP,1259,389,0,331,0
TCP,571,324,0,355,0
TCP,96,41,0,745,0
TCP,782,1,0,467,0
TCP,522,1,0,106,0
TCP,236,334,0,484,0
TCP,135,66,0,1315,0
ICMP,92,49,0,779,0
TCP,530,27,0,1110,0
TCP,171,291,0,86,0
UDP,862,270,0,686,0
TCP,172,20,0,240,0
TCP,943,265,0,170,0
UDP,100,10,0,492,0
UDP,452,87,0,228,0
TCP,197,353,0,609,0
TCP,625,100,0,235,0
TCP,186,436,0,80,0
TCP,247,117,1,1587,0
TCP,451,45,0,224,0
TCP,947,59,0,514,0
TCP,971,140,0,18,0
UDP,5,100,0,2387,0
ICMP,980,56,1,1285,0
TCP,542,75,0,116,0
TCP,74,18,0,717,0
UDP,1034,12,0,108,0
UDP,1166,203,0,768,0
TCP,913,81,0,424,0
ICMP,1701,50,0,1220,0
UDP,884,91,0,221,0
TCP,146,25,0,813,0
UDP,1760,77,0,577,0
UDP,289,86,0,5470,0
UDP,104,26,0,1012,0
TCP,340,16,0,785,0
TCP,245,3,0,120,0
UDP,1065,240,0,560,0
TCP,55,26,0,506,0
TCP,316,43,0,400,0
TCP,161,26,1,111,0
TCP,113,28,6,4533,1
UDP,677,45,0,1333,0
TCP,6,39,0,858,0
TCP,1027,275,0,860,0
TCP,92,37,0,74,0
TCP,512,34,0,173,0
TCP,296,200,0,181,0
TCP,622,193,0,146,0
TCP,416,37,0,247,0
ICMP,39,239,1,5796,1
TCP,584,144,0,652,0
TCP,647,9,1,542,0
UDP,483,113,0,630,0
TCP,143,257,0,1,0
TCP,58,42,0,326,0
ICMP,128,7,0,170,0
UDP,876,83,1,351,0
UDP,566,179,0,203,0
UDP,78,71,0,1706,0
TCP,211,22,0,43,0
UDP,5642,46,6,76,1
ICMP,821,162,0,31,0
TCP,174,20,0,326,0
TCP,753,364,0,1123,0
TCP,78,176,0,227,0
TCP,804,94,0,216,0
TCP,154,22,0,644,0
TCP,57,21,0,228,0
ICMP,392,99,0,26,0
TCP,31,52,0,44,0
UDP,251,60,0,313,0
UDP,58,165,0,757,0
ICMP,277,53,0,193,0
UDP,566,86,0,93,0
TCP,1977,213,0,165,0
TCP,335,4,1,89,0
TCP,736,9,6,1129,1
TCP,229,91,0,984,0
TCP,477,90,0,965,0
TCP,657,51,0,415,0
TCP,185,283,0,978,0
TCP,1365,59,0,798,0
TCP,395,53,0,261,0
ICMP,617,97,0,785,0
TCP,8,447,1,125,0
TCP,548,156,0,217,0
TCP,771,93,0,239,0
UDP,303,11,0,1127,0
TCP,29,14,0,229,0
TCP,111,63,0,55,0
TCP,1593,8,0,377,0
UDP,47,192,0,341,0
ICMP,379,17,1,229,0
TCP,822,321,0,131,0
TCP,4093,91,0,4837,1
ICMP,165,103,1,781,0
TCP,123,8,1,38,0
TCP,504,63,0,86,0
TCP,476,22,1,1514,0
ICMP,485,9,0,435,0
TCP,188,24,0,939,0
ICMP,233,23,0,392,0
TCP,47,3,0,38,0
UDP,97,11,0,189,0
UDP,63,233,0,172,0
TCP,724,144,0,689,0
TCP,45,144,0,113,0
TCP,142,78,0,1454,0
TCP,572,1,1,137,0
TCP,157,19,0,16,0
TCP,557,13,0,709,0
UDP,1746,3,0,287,0
TCP,372,79,0,592,0
TCP,6,121,0,225,0
ICMP,76,76,0,448,0
UDP,87,24,0,813,0
TCP,144,108,0,42,0
UDP,603,47,0,851,0
TCP,468,180,0,1563,0
TCP,146,304,0,26,0
TCP,229,44,1,205,0
TCP,567,176,0,56,0
TCP,682,11,0,727,0
UDP,574,80,0,2756,0
TCP,353,102,0,1068,0
ICMP,340,46,0,542,0
ICMP,170,32,0,806,0
TCP,28,52,1,1099,0
UDP,255,45,6,1084,1
TCP,203,53,0,211,0
TCP,681,295,0,201,0
TCP,21,50,1,408,1
UDP,77,74,1,579,0
UDP,492,192,0,9,0
UDP,1196,80,0,339,0
TCP,775,18,0,300,0
TCP,193,36,0,472,0
UDP,380,111,0,79,0
UDP,583,11,0,637,0
UDP,288,65,0,75,0
TCP,164,544,0,1685,0
TCP,169,74,0,20,0
ICMP,1037,28,0,1514,0
TCP,718,24,8,566,1
TCP,196,9,0,592,0
TCP,49,30,0,683,0
TCP,248,71,0,1909,0
TCP,320,10,0,481,0
TCP,219,33,0,694,0
TCP,560,69,1,245,0
UDP,244,86,0,163,0
UDP,233,19,0,47,0
ICMP,33,31,0,670,0
TCP,14,308,0,168,0
ICMP,363,39,0,61,0
UDP,257,22,0,194,0
ICMP,184,21,0,168,0
TCP,343,141,0,84,0
TCP,1982,159,0,276,0
TCP,487,71,0,1032,0
UDP,409,67,0,47,0
TCP,870,164,1,996,0
ICMP,253,251,0,554,0
TCP,601,49,0,12,0
TCP,791,26,0,550,0
UDP,248,41,0,566,0
TCP,208,309,0,573,0
TCP,447,7,0,654,0
TCP,845,10,0,65,0
TCP,137,9,0,335,0
TCP,219,12,0,1495,0
ICMP,35,19,0,13,0
ICMP,1647,72,0,26,0
TCP,126,52,0,342,0
TCP,262,150,0,231,0
ICMP,30,11,0,557,0
ICMP,520,44,0,114,0
TCP,385,140,0,1145,0
TCP,24,169,0,56,0
TCP,774,33,0,255,0
TCP,4333,43,0,5772,1
TCP,289,101,0,754,0
TCP,493,91,2,1049,0
TCP,399,57,0,85,0
TCP,501,115,0,731,0
TCP,830,166,0,1031,0
TCP,117,83,0,27,0
TCP,255,24,0,2169,0
TCP,960,257,0,136,0
TCP,144,11,0,35,0
TCP,2,31,0,619,0
TCP,114,174,1,728,0
TCP,167,53,0,814,0
UDP,725,255,0,668,0
TCP,1289,26,0,232,0
TCP,515,117,0,1617,0
TCP,170,4,0,196,0
UDP,110,243,0,579,0
TCP,125,106,0,697,0
TCP,1367,107,0,315,0
TCP,168,17,0,435,0
TCP,354,13,1,475,0
UDP,880,43,0,653,0
TCP,688,36,0,117,0
TCP,560,6,0,1275,0
TCP,751,211,0,914,0
TCP,391,97,0,650,0
ICMP,1235,14,0,746,0
ICMP,178,226,0,202,0
UDP,313,44,0,1772,0
TCP,293,19,0,120,0
TCP,558,248,0,68,0
ICMP,162,146,0,708,0
ICMP,799,299,0,287,0
TCP,594,50,0,474,0
TCP,1043,182,1,1130,0
TCP,580,1,0,50,0
TCP,607,271,1,500,0
TCP,96,51,1,654,0
TCP,555,33,1,3,0
TCP,150,109,0,13,0
TCP,255,99,0,14,0
UDP,14,77,0,1103,0
ICMP,223,135,0,25,0
UDP,4936,31,0,7389,1
UDP,468,65,0,740,0
TCP,1279,28,0,284,0
TCP,102,28,1,534,0
TCP,179,173,0,433,0
TCP,18,2,0,664,0
TCP,1605,70,0,821,0
TCP,17,17,0,218,0
TCP,814,42,0,499,0
TCP,792,11,0,207,0
TCP,63,32,0,542,0
UDP,6554,52,6,5213,1
TCP,984,275,1,62,0
TCP,1197,86,1,1075,0
TCP,252,1,0,131,0
ICMP,178,25,0,469,0
TCP,929,271,0,759,0
ICMP,54,150,0,582,0
TCP,419,153,0,159,0
TCP,124,27,0,115,0
TCP,1709,39,0,1930,0
TCP,60,29,0,225,0
TCP,174,65,0,1602,0
TCP,235,137,0,351,0
TCP,540,38,0,254,0
TCP,698,118,0,300,0
TCP,773,48,0,574,0
TCP,812,420,0,923,0
UDP,1096,52,0,521,0
TCP,1490,199,0,370,0
TCP,81,158,0,342,0
UDP,86,33,0,11,0
TCP,227,26,0,1247,0
TCP,1001,23,0,422,0
ICMP,489,68,0,111,0
TCP,800,13,0,144,0
UDP,62,112,0,140,0
TCP,288,157,0,180,0
ICMP,324,59,0,600,0
TCP,736,238,0,123,0
TCP,1220,51,0,75,0
TCP,376,4,0,398,0
TCP,518,41,0,216,0
TCP,1073,180,0,550,0
TCP,7,26,0,5,0
TCP,878,61,0,367,0
ICMP,305,32,0,4,0
ICMP,401,39,0,1005,0
TCP,60,40,0,585,0
TCP,163,213,0,132,0
TCP,301,75,0,1507,0
TCP,639,152,1,56,0
UDP,1217,296,0,1263,0
TCP,1788,111,0,655,0
TCP,91,71,0,233,0
TCP,178,26,1,160,0
TCP,124,55,0,1620,0
TCP,830,136,0,441,0
TCP,496,277,0,678,0
ICMP,1127,37,0,1350,0
TCP,599,26,0,1293,0
TCP,1080,50,1,18,0
TCP,72,17,0,1896,0
UDP,2234,15,0,2328,0
TCP,1035,28,1,1804,0
TCP,90,45,1,778,0
TCP,188,111,0,1319,0
TCP,1686,23,0,359,0
TCP,437,19,0,471,0
TCP,663,36,0,835,0
UDP,416,43,5,163,1
UDP,336,156,0,356,0
TCP,45,17,0,630,0
UDP,176,58,0,683,0
TCP,459,177,0,1272,0
UDP,290,161,1,189,0
TCP,200,73,0,124,0
UDP,326,212,0,5497,1
TCP,373,98,0,372,0
TCP,386,133,0,268,0
TCP,1422,302,0,6,0
TCP,151,36,1,126,0
TCP,480,22,1,499,0
UDP,469,67,0,1481,0
TCP,4173,14,4,3396,1
TCP,479,28,0,546,0
TCP,605,178,0,64,0
TCP,87,16,1,308,0
TCP,2284,141,1,221,0
TCP,392,14,0,889,0
UDP,701,98,0,639,0
TCP,57,17,0,32,0
TCP,262,16,0,976,0
TCP,179,2,0,430,0
TCP,767,18,0,424,0
TCP,74,20,0,1276,0
TCP,1093,66,0,350,0
TCP,325,419,0,89,0
TCP,760,2,1,1235,0
TCP,31,274,0,348,0
TCP,16,185,0,210,0
TCP,247,35,0,328,0
TCP,271,47,0,425,0
TCP,32,25,0,864,0
TCP,4874,67,8,6820,1
UDP,543,10,0,99,0
TCP,510,129,0,272,0
UDP,771,13,0,441,0
TCP,462,6,0,52,0
TCP,25,42,1,223,0
TCP,84,113,0,182,0
ICMP,81,61,0,154,0
TCP,20,10,0,200,0
TCP,181,67,0,144,0
TCP,1369,153,0,198,0
TCP,841,220,0,166,0
ICMP,438,167,0,434,0
TCP,766,1,0,164,0
ICMP,1214,20,0,1304,0
UDP,23,64,0,225,0
UDP,916,119,1,529,0
TCP,1058,60,0,115,0
TCP,469,257,0,1290,0
ICMP,184,32,0,51,0
ICMP,33,64,0,373,0
TCP,231,15,0,333,0
TCP,81,127,0,52,0
TCP,459,11,0,51,0
TCP,107,41,0,515,0
TCP,540,43,0,1044,0
TCP,70,180,0,134,0
TCP,593,348,0,71,0
TCP,153,327,0,660,0
TCP,625,145,0,649,0
UDP,240,123,0,251,0
UDP,1,67,0,89,0
TCP,638,3,0,374,0
TCP,97,160,0,44,0
ICMP,447,5,0,1237,0
TCP,1,45,0,70,0
TCP,379,32,0,96,0
TCP,547,73,0,262,0
UDP,1176,17,1,917,0
TCP,68,36,0,90,0
TCP,247,6,1,62,0
TCP,313,37,0,168,0
TCP,153,25,0,1446,0
TCP,62,39,0,69,0
TCP,513,38,0,1329,0
TCP,907,347,0,102,0
TCP,308,79,0,314,0
TCP,283,118,0,425,0
UDP,386,160,0,374,0
UDP,503,50,1,265,0
TCP,523,177,0,1337,0
TCP,466,11,0,202,0
ICMP,250,92,0,9,0
TCP,69,27,0,726,0
TCP,779,106,0,294,0
TCP,950,23,0,644,0
TCP,382,108,0,309,0
TCP,2057,126,0,766,0
UDP,19,350,0,100,0
TCP,221,267,0,238,0
TCP,393,37,0,232,0
TCP,508,1,0,558,0
TCP,691,6,0,1712,0
UDP,265,157,0,71,0
TCP,439,30,0,411,0
UDP,422,14,0,124,0
UDP,7,46,0,603,0
UDP,1113,136,0,1067,0
UDP,611,59,0,101,0
TCP,483,17,0,608,0
TCP,1099,15,0,132,0
ICMP,89,129,0,521,0
TCP,824,37,0,2009,0
TCP,155,112,0,816,0
TCP,99,100,0,121,0
ICMP,845,166,0,831,0
TCP,6894,237,4,88,1
TCP,6347,68,7,6212,1
UDP,579,206,2,295,0
TCP,448,234,0,39,0
TCP,486,84,0,31,0
TCP,1991,22,0,73,0
TCP,459,65,0,487,0
TCP,25,22,0,151,0
UDP,507,45,0,301,0
UDP,214,15,0,548,0
UDP,817,203,0,318,0
TCP,584,466,0,58,0
TCP,64,42,0,836,0
TCP,132,58,1,256,0
TCP,40,417,0,658,0
UDP,291,387,0,9,0
TCP,199,19,1,90,0
TCP,320,126,0,271,0
TCP,123,101,1,233,0
TCP,320,157,0,140,0
TCP,503,49,0,224,0
TCP,604,41,0,448,0
UDP,196,63,0,797,0
TCP,285,202,0,796,0
TCP,1077,182,0,2756,0
TCP,22,50,0,474,0
TCP,950,129,0,5,0
TCP,26,153,0,379,0
UDP,1378,124,0,950,0
TCP,176,90,0,266,0
TCP,283,47,0,260,0
UDP,262,156,1,87,0
TCP,285,138,0,726,0
UDP,5110,29,8,4037,1
TCP,72,122,0,320,0
TCP,48,4,1,316,0
TCP,413,33,0,185,0
ICMP,1281,230,0,1086,0
TCP,653,48,0,183,0
TCP,435,43,1,33,0
TCP,334,23,0,167,0
UDP,133,74,0,121,0
TCP,747,133,6,121,1
TCP,323,124,0,265,0
TCP,155,80,0,60,0
UDP,1078,98,0,29,0
TCP,774,55,1,116,0
TCP,196,110,0,200,0
UDP,1030,29,0,686,0
TCP,8,240,0,295,0
TCP,1302,8,0,1306,0
TCP,590,102,0,400,0
TCP,361,1,0,396,0
TCP,425,154,0,271,0
TCP,1294,101,0,28,0
TCP,1424,93,0,47,0
TCP,718,20,0,466,0
TCP,803,39,0,232,0
TCP,306,54,0,284,0
TCP,761,93,0,548,0
TCP,504,158,0,512,0
TCP,1379,9,0,199,0
TCP,184,176,0,1259,0
TCP,1021,181,0,363,0
ICMP,77,45,0,205,0
TCP,638,77,0,329,0
TCP,766,23,0,2174,0
UDP,657,89,0,630,0
TCP,107,33,9,326,1
TCP,83,23,0,616,0
TCP,220,360,0,1009,0
TCP,785,252,0,476,0
UDP,267,36,0,716,0
UDP,67,79,0,814,0
TCP,11,101,1,428,0
UDP,245,32,0,408,0
TCP,150,177,0,476,0
TCP,186,18,0,51,0
UDP,880,78,6,5556,1
TCP,388,203,0,110,0
TCP,269,203,1,253,0
TCP,200,149,0,475,0
ICMP,2081,16,0,2014,0
TCP,227,128,0,1028,0
ICMP,982,190,0,53,0
UDP,102,10,1,133,0
UDP,20,2,0,682,0
TCP,216,221,0,16,0
TCP,191,50,1,758,0
ICMP,287,0,0,188,0
ICMP,264,290,1,1484,0
TCP,238,43,0,808,0
UDP,129,106,1,71,0
TCP,15,92,0,800,0
ICMP,635,150,0,339,0
TCP,562,81,0,542,0
UDP,19,88,10,1049,1
TCP,274,30,0,443,0
TCP,752,48,0,217,0
TCP,636,2,0,360,0
TCP,655,79,0,19,0
ICMP,776,48,0,1292,0
TCP,301,61,0,441,0
TCP,5411,320,5,830,1
TCP,373,53,0,1048,0
TCP,296,373,0,151,0
UDP,2042,28,0,297,0
TCP,40,8,0,49,0
TCP,240,199,0,609,0
UDP,180,3,0,61,0
UDP,5094,73,1,611,1
UDP,489,69,0,102,0
TCP,28,170,1,1659,0
TCP,743,53,0,401,0
TCP,424,123,0,115,0
TCP,529,145,0,357,0
TCP,1360,53,0,29,0
TCP,299,128,0,369,0
TCP,363,62,0,1139,0
TCP,270,44,0,402,0
TCP,21,404,0,225,0
TCP,139,413,0,482,0
TCP,11,145,1,218,0
TCP,234,299,0,84,0
TCP,457,73,0,565,0
TCP,625,98,0,355,0
ICMP,367,129,0,737,0
TCP,655,24,0,460,0
TCP,71,9,0,36,0
UDP,81,76,0,424,0
TCP,685,165,0,889,0
TCP,631,37,0,106,0
TCP,204,500,0,1909,0
TCP,83,1,0,516,0
TCP,5325,125,8,5755,1
UDP,282,215,0,88,0
TCP,5497,15,6,5783,1
TCP,88,7,0,57,0
TCP,802,23,0,482,0
TCP,1624,172,0,33,0
UDP,869,44,0,890,0
TCP,650,158,0,215,0
TCP,1167,49,0,299,0
TCP,104,77,0,631,0
TCP,357,238,0,101,0
UDP,277,106,0,382,0
ICMP,721,113,0,17,0
TCP,72,333,0,267,0
TCP,50,42,0,260,0
TCP,63,120,0,1416,0
TCP,199,85,0,1414,0
TCP,784,4,0,1309,0
UDP,121,68,6,904,1
TCP,1538,50,0,28,0
UDP,1341,68,0,512,0
TCP,210,148,0,211,0
TCP,52,151,0,153,0
TCP,368,9,1,10,0
TCP,272,41,0,790,0
TCP,570,56,0,300,0
UDP,428,86,0,640,0
TCP,249,10,0,202,0
TCP,656,43,0,8,0
TCP,60,22,0,192,0
UDP,70,36,0,493,0
TCP,155,53,0,126,0
TCP,777,58,0,32,0
ICMP,1340,86,6,1433,1
TCP,112,65,1,115,0
UDP,558,130,0,271,0
TCP,110,41,0,471,0
TCP,62,104,0,1887,0
TCP,847,96,0,314,0
TCP,128,178,0,642,0
TCP,1250,85,6,14,1
TCP,15,35,0,3559,0
TCP,828,169,0,386,0
TCP,335,142,0,636,0
TCP,292,28,0,817,0
UDP,627,95,0,244,0
TCP,701,2,0,586,0
ICMP,276,143,0,442,0
TCP,43,12,0,79,0
TCP,344,122,0,91,0
TCP,88,19,1,238,0
TCP,52,28,0,205,0
ICMP,5,199,0,77,0
ICMP,475,48,0,11,0
TCP,6015,112,0,5408,1
TCP,385,132,0,289,0
UDP,120,40,0,103,0
TCP,413,50,0,147,0
UDP,8,27,0,717,0
UDP,363,98,0,2608,0
UDP,1159,188,0,167,0
TCP,799,286,0,287,0
TCP,656,74,0,104,0
UDP,993,214,0,99,0
TCP,48,349,0,169,0
TCP,37,9,0,211,0
TCP,680,271,0,163,0
TCP,186,64,0,402,0
ICMP,712,4,0,55,0
UDP,321,281,0,91,0
TCP,307,80,0,2458,0
TCP,1031,158,0,231,0
UDP,12,44,0,929,0
TCP,146,14,6,4785,1
UDP,903,147,0,968,0
TCP,1231,30,0,288,0
TCP,188,15,0,126,0
TCP,534,10,0,331,0
TCP,1750,54,0,780,0
TCP,612,54,0,417,0
UDP,81,97,0,77,0
TCP,152,125,0,869,0
TCP,149,6,0,5,0
ICMP,164,22,0,651,0
UDP,378,141,0,261,0
TCP,459,70,0,6,0
UDP,919,147,0,508,0
TCP,795,23,6,5475,1
TCP,312,80,0,1082,0
TCP,422,41,0,9,0
UDP,383,52,0,278,0
UDP,162,66,0,261,0
TCP,56,246,0,1397,0
UDP,203,122,0,45,0
TCP,33,44,0,103,0
TCP,17,98,0,384,0
UDP,4328,63,5,3751,1
TCP,155,191,0,252,0
UDP,492,21,0,183,0
UDP,64,25,0,325,0
UDP,1100,96,0,247,0
TCP,3,57,0,561,0
TCP,148,53,0,145,0
TCP,556,269,0,2068,0
TCP,633,35,0,515,0
TCP,249,215,0,598,0
TCP,4251,48,10,4929,1
TCP,133,90,0,518,0
ICMP,1759,10,0,350,0
TCP,1498,5,0,567,0
UDP,61,33,0,81,0
TCP,87,29,0,244,0
TCP,553,101,0,112,0
TCP,57,9,0,984,0
UDP,804,142,0,203,0
ICMP,1460,141,0,129,0
UDP,483,22,0,652,0
ICMP,72,114,0,1072,0
TCP,1534,6,0,275,0
UDP,785,19,0,532,0
UDP,104,96,0,543,0
TCP,812,75,0,260,0
TCP,60,11,0,140,0
UDP,689,147,0,51,0
TCP,426,45,0,273,0
ICMP,2324,108,0,1555,0
TCP,107,107,1,1027,0
TCP,457,122,0,123,0
TCP,1065,86,1,70,0
TCP,651,86,0,1003,0
TCP,109,92,0,204,0
TCP,986,76,0,21,0
UDP,4738,61,0,1078,1
UDP,214,60,0,210,0
UDP,63,76,0,403,0
UDP,489,34,0,1114,0
ICMP,477,128,1,550,0
TCP,463,18,0,76,0
ICMP,170,9,0,359,0
ICMP,78,276,0,94,0
TCP,218,1,0,815,0
TCP,1184,5,0,249,0
TCP,946,36,0,604,0
TCP,496,120,0,744,0
TCP,232,53,0,21,0
TCP,131,14,0,768,0
TCP,464,104,1,390,0
TCP,110,244,0,627,0
UDP,857,279,0,526,0
TCP,136,180,0,1208,0
TCP,227,1,0,814,0
TCP,229,95,1,304,0
TCP,521,7,0,63,0
ICMP,586,97,0,167,0
TCP,2299,24,0,769,0
TCP,152,103,0,726,0
TCP,39,130,0,86,0
ICMP,656,80,0,185,0
TCP,312,62,0,686,0
TCP,1902,124,0,31,0
TCP,125,101,0,224,0
TCP,1253,61,0,634,0
TCP,769,109,0,566,0
TCP,126,76,0,239,0
UDP,2954,75,0,743,0
ICMP,172,186,0,173,0
TCP,5513,55,7,6656,1
TCP,44,8,0,619,0
TCP,219,254,0,1230,0
TCP,47,1,0,70,0
TCP,775,20,1,743,0
TCP,55,11,0,1084,0
TCP,4383,79,0,4937,1
TCP,261,322,0,0,0
UDP,372,78,0,268,0
TCP,1656,24,1,1574,0
TCP,1183,339,0,35,0
TCP,3941,26,0,6162,1
TCP,403,228,0,450,0
TCP,999,0,0,25,0
TCP,63,341,0,290,0
TCP,84,119,0,133,0
TCP,518,0,0,1007,0
TCP,425,258,0,1058,0
TCP,501,155,0,674,0
TCP,26,191,0,382,0
TCP,579,170,0,84,0
ICMP,742,34,0,97,0
TCP,384,38,0,470,0
TCP,281,75,0,1216,0
TCP,2407,9,0,36,0
UDP,7,104,0,227,0
TCP,519,35,0,2176,0
ICMP,129,17,0,382,0
TCP,280,4,1,334,0
TCP,1366,39,0,315,0
TCP,400,2,0,20,0
TCP,1022,228,1,669,0
TCP,433,16,0,1098,0
TCP,990,7,0,588,0
TCP,85,19,0,90,0
TCP,226,12,1,764,0
TCP,231,330,0,443,0
TCP,530,189,0,1877,0
TCP,460,24,1,919,0
TCP,151,102,0,26,0
TCP,30,57,0,820,0
TCP,400,3,0,1548,0
TCP,748,191,8,6506,1
TCP,5620,0,0,6044,1
ICMP,146,49,0,703,0
TCP,376,233,0,303,0
TCP,999,15,0,116,0
ICMP,1171,43,0,612,0
TCP,135,23,0,623,0
TCP,577,16,0,16,0
TCP,236,34,0,152,0
TCP,1396,56,0,322,0
TCP,395,169,0,12,0
TCP,515,5,0,199,0
TCP,72,52,0,339,0
ICMP,347,66,1,1056,0
TCP,527,43,0,1362,0
UDP,691,22,0,706,0
UDP,752,36,0,1383,0
UDP,103,197,0,1256,0
UDP,254,152,0,219,0
TCP,322,59,0,632,0
TCP,434,21,0,464,0
TCP,801,259,0,680,0
UDP,981,23,0,148,0
TCP,1466,286,0,1108,0
TCP,477,175,0,251,0
ICMP,6744,19,5,6136,1
TCP,2341,74,1,916,0
TCP,332,5,0,83,0
TCP,204,371,1,499,0
UDP,299,74,0,1035,0
UDP,590,1,0,784,0
TCP,116,32,0,974,0
TCP,390,25,0,617,0
TCP,116,105,0,1092,0
TCP,781,30,0,65,0
ICMP,420,238,0,453,0
TCP,127,32,0,166,0
TCP,371,568,0,62,0
TCP,245,244,0,956,0
UDP,655,63,0,1,0
TCP,1611,129,0,179,0
TCP,52,33,0,542,0
TCP,119,213,0,502,0
ICMP,1046,281,0,15,0
TCP,81,46,0,534,0
ICMP,22,241,0,1150,0
TCP,97,255,0,312,0
ICMP,441,166,0,2144,0
UDP,340,106,0,25,0
TCP,1403,83,0,582,0
UDP,7525,1,0,4668,1
TCP,269,41,1,241,0
UDP,404,22,0,344,0
TCP,153,72,0,90,0
TCP,45,37,0,496,0
TCP,930,9,0,249,0
UDP,506,116,0,37,0
ICMP,221,19,0,669,0
TCP,2080,302,0,786,0
TCP,338,265,0,132,0
TCP,842,33,0,104,0
TCP,42,126,0,446,0
TCP,5666,19,3,4759,1
TCP,625,212,0,113,0
UDP,1075,113,0,65,0
ICMP,333,314,0,332,0
TCP,915,100,0,28,0
TCP,1995,131,0,904,0
TCP,73,17,0,160,0
TCP,376,98,0,511,0
TCP,316,80,0,1446,0
TCP,565,148,0,178,0
TCP,2582,99,0,362,0
TCP,224,25,0,113,0
TCP,545,67,0,3447,0
TCP,424,175,0,144,0
TCP,224,58,0,924,0
TCP,359,26,0,27,0
TCP,1408,115,0,484,0
TCP,116,228,0,152,0
TCP,1511,61,0,884,0
TCP,51,106,0,133,0
TCP,172,44,0,319,0
UDP,60,160,0,7,0
UDP,1265,196,0,157,0
ICMP,348,51,0,299,0
TCP,216,105,0,437,0
UDP,850,66,0,7,0
TCP,225,39,0,46,0
TCP,106,39,0,1112,0
UDP,706,40,0,1062,0
TCP,656,205,0,238,0
UDP,210,20,0,152,0
TCP,6,33,0,384,0
TCP,7,44,0,288,0
TCP,119,69,0,176,0
ICMP,191,73,0,291,0
TCP,7084,37,0,4995,1
TCP,187,213,0,370,0
TCP,233,53,0,297,0
TCP,356,148,0,765,0
TCP,274,71,0,1088,0
ICMP,608,70,0,177,0
TCP,324,248,0,846,0
TCP,46,11,0,581,0
TCP,447,85,1,64,0
ICMP,226,26,1,620,0
UDP,18,133,0,166,0
TCP,378,26,0,389,0
TCP,102,27,0,1,0
TCP,1,120,0,456,0
TCP,155,86,0,81,0
UDP,357,0,0,125,0
TCP,334,125,0,1030,0
TCP,19,40,0,412,0
TCP,50,25,1,1365,0
TCP,2149,354,0,420,0
UDP,169,152,0,331,0
TCP,376,170,0,358,0
TCP,404,25,0,131,1
UDP,810,108,1,305,0
TCP,694,10,0,1089,0
TCP,120,110,0,1651,0
TCP,119,383,0,290,0
UDP,681,3,1,122,0
UDP,1150,2,0,395,0
TCP,389,26,0,1109,0
TCP,75,20,0,40,0
TCP,519,16,0,209,0
UDP,199,175,1,823,0
TCP,539,6,0,13,0
TCP,282,190,0,58,0
ICMP,134,201,5,104,1
TCP,958,34,0,1034,0
TCP,213,13,1,616,0
TCP,124,172,0,440,0
TCP,775,104,0,120,0
UDP,153,472,0,906,0
TCP,125,30,1,692,0
TCP,356,148,0,808,0
ICMP,179,158,0,483,0
TCP,6961,13,2,5369,1
TCP,206,59,0,772,0
TCP,385,115,0,784,0
TCP,50,35,0,3622,0
UDP,319,14,0,651,0
TCP,511,542,0,1383,0
TCP,566,106,0,39,0
TCP,77,105,0,382,0
TCP,679,356,0,487,0
TCP,9,209,0,543,0
TCP,6044,248,0,840,1
TCP,6294,58,5,1723,1
TCP,619,4,1,3,0
UDP,193,62,0,4,0
TCP,10,22,0,139,0
TCP,40,160,1,155,0
TCP,892,31,0,444,0
TCP,5,44,0,334,0
TCP,71,178,0,544,0
TCP,1635,249,0,681,0
TCP,78,46,0,32,0
TCP,386,394,0,354,0
TCP,156,145,0,115,0
TCP,161,70,0,176,0
UDP,17,58,1,396,0
TCP,876,66,0,22,0
TCP,1159,264,0,1138,0
TCP,565,250,0,823,0
TCP,566,123,1,1424,0
TCP,379,115,0,1021,0
TCP,1438,26,0,198,0
TCP,441,119,0,108,0
TCP,354,351,0,1075,0
UDP,12,51,0,346,0
TCP,2203,422,0,1071,0
TCP,3569,101,0,110,0
TCP,28,67,0,7053,1
ICMP,179,3,0,178,0
UDP,409,206,0,499,0
TCP,371,69,0,201,0
UDP,3,12,1,1244,0
TCP,1563,39,0,377,0
TCP,68,129,1,597,0
TCP,473,31,0,153,0
TCP,295,52,1,182,0
UDP,648,188,0,631,0
TCP,541,102,0,412,0
TCP,5,351,0,20,0
TCP,216,18,0,62,0
TCP,177,2,0,280,0
TCP,579,95,0,157,0
TCP,71,133,0,710,0
UDP,17,108,0,599,0
TCP,1362,222,0,1967,0
TCP,666,33,0,133,0
TCP,552,234,0,431,0
UDP,184,6,0,508,0
TCP,89,39,1,385,0
TCP,5056,129,7,4111,1
TCP,25,306,0,20,0
ICMP,430,206,0,545,0
TCP,6384,21,3,887,1
TCP,2,169,0,437,0
TCP,242,177,1,242,0
UDP,130,21,0,312,0
TCP,361,203,0,276,0
ICMP,245,52,0,134,0
TCP,736,79,0,43,0
TCP,1160,155,2,974,0
TCP,47,76,0,559,0
TCP,423,158,0,492,0
TCP,1912,109,1,19,0
TCP,198,16,0,251,0
TCP,333,2,2,76,0
TCP,106,126,0,134,0
TCP,578,268,0,760,0
UDP,206,36,0,1077,0
TCP,376,131,0,586,0
UDP,33,89,0,74,0
TCP,225,11,0,431,0
TCP,152,165,0,101,0
TCP,78,121,0,66,0
TCP,283,19,0,954,0
TCP,1531,81,0,45,0
UDP,136,2,0,1777,0
TCP,89,170,0,223,0
TCP,167,160,0,157,0
TCP,180,57,0,77,0
TCP,844,56,0,123,0
TCP,750,45,0,993,1
TCP,1052,86,0,155,0
TCP,627,53,0,155,0
TCP,472,288,0,1119,0
TCP,1018,139,0,13,0
UDP,230,6,0,317,0
ICMP,261,153,0,468,0
TCP,315,93,0,174,0
UDP,551,369,0,733,0
UDP,135,24,0,142,0
TCP,241,209,2,489,0
TCP,373,190,0,96,0
TCP,284,355,0,488,0
TCP,1088,5,0,2025,0
TCP,107,109,0,309,0
TCP,436,176,0,480,1
TCP,944,28,0,555,0
ICMP,1039,113,0,776,0
ICMP,572,72,0,1607,0
TCP,423,189,0,387,0
TCP,119,31,0,396,0
TCP,771,38,0,756,0
TCP,1202,41,0,562,0
TCP,452,213,0,836,0
UDP,28,243,0,12,0
UDP,196,77,0,2027,0
UDP,212,96,0,247,0
TCP,271,91,0,948,0
TCP,825,386,0,429,0
TCP,274,18,0,63,0
TCP,845,25,0,121,0
TCP,641,20,0,532,0
UDP,236,93,0,1930,0
UDP,910,50,0,1201,0
UDP,723,25,0,282,0
UDP,533,83,0,358,0
TCP,356,378,0,222,0
TCP,205,306,0,10,0
TCP,523,29,0,174,0
TCP,58,21,0,374,0
TCP,36,24,0,696,0
TCP,443,33,0,430,0
UDP,808,43,1,235,0
TCP,668,15,0,110,0
TCP,624,55,0,141,0
ICMP,176,105,0,56,0
TCP,292,223,0,319,0
TCP,1803,203,0,465,0
TCP,594,19,0,67,0
TCP,659,70,0,612,0
TCP,1639,22,0,176,0
ICMP,15,27,0,428,0
TCP,576,55,0,453,0
TCP,529,51,0,189,0
TCP,812,30,1,71,0
TCP,138,158,0,275,0
TCP,349,12,0,477,0
TCP,428,116,0,804,0
TCP,402,35,0,311,0
TCP,244,94,0,783,0
TCP,42,18,1,18,0
TCP,7010,81,1,104,1
TCP,333,38,0,881,0
UDP,1396,47,0,400,0
TCP,115,21,0,587,0
TCP,571,32,1,1391,0
UDP,345,51,0,1123,0
TCP,162,50,0,28,0
TCP,369,156,0,181,0
UDP,2124,48,0,2,0
TCP,190,5,0,399,0
TCP,336,43,0,379,0
UDP,945,0,0,1013,0
UDP,77,6,0,86,0
TCP,121,19,0,691,0
ICMP,408,210,0,494,0
TCP,611,43,0,622,0
UDP,639,59,0,851,0
ICMP,619,64,0,213,0
TCP,299,252,0,667,0
UDP,1053,60,0,500,0
TCP,202,67,0,547,0
TCP,1,64,0,79,0
UDP,1032,358,1,152,0
TCP,201,178,0,1049,0
TCP,175,32,0,607,0
TCP,836,68,0,106,0
ICMP,298,1,1,115,0
TCP,1130,83,0,677,0
TCP,513,83,0,289,0
TCP,650,90,0,383,0
TCP,6,227,0,138,0
TCP,1281,63,0,482,0
TCP,178,28,0,116,0
TCP,1153,30,0,1113,0
TCP,1100,34,0,72,0
TCP,252,104,0,140,0
TCP,718,35,0,1272,0
TCP,2477,66,0,32,0
TCP,477,259,0,272,0
ICMP,33,46,0,368,0
UDP,94,101,1,230,0
TCP,284,213,0,610,0
TCP,717,171,0,112,0
TCP,72,3,0,92,0
TCP,163,120,0,332,0
TCP,11,85,0,192,0
TCP,312,73,0,497,0
TCP,112,18,1,121,0
TCP,333,43,0,40,0
TCP,2348,2,0,983,0
TCP,189,3,0,149,0
TCP,610,19,5,6884,1
UDP,1430,154,0,1562,0
TCP,510,187,0,648,0
TCP,881,58,6,5561,1
ICMP,99,178,1,415,0
TCP,329,32,0,855,0
TCP,324,40,1,435,0
TCP,2095,169,0,15,0
TCP,30,20,0,346,0
TCP,986,224,0,37,0
UDP,1396,89,0,54,0
TCP,263,64,0,577,0
TCP,582,41,0,441,0
TCP,584,76,0,510,0
TCP,312,81,0,868,0
TCP,1219,4,0,7,0
UDP,260,169,0,882,0
TCP,129,32,0,1092,0
TCP,2294,134,2,265,0
UDP,741,85,0,248,0
TCP,1850,43,0,265,0
TCP,750,18,9,59,1
TCP,1494,122,0,250,0
TCP,84,3,0,427,0
ICMP,4160,139,0,5341,1
TCP,94,171,0,634,0
ICMP,636,30,0,247,0
TCP,362,67,0,257,0
TCP,517,364,0,502,0
ICMP,792,69,0,886,1
TCP,187,5,0,97,0
ICMP,12,11,0,927,0
TCP,177,48,1,1972,0
UDP,134,221,0,966,0
TCP,433,43,0,281,0
TCP,111,156,0,70,0
TCP,479,5,0,904,0
TCP,114,133,0,309,0
TCP,1710,124,0,706,0
UDP,172,40,1,113,0
TCP,520,73,1,1375,0
TCP,184,133,0,200,0
TCP,248,105,0,562,0
UDP,259,227,0,563,0
TCP,1014,470,0,480,0
TCP,266,256,0,678,0
TCP,998,96,0,230,0
UDP,28,52,0,419,0
TCP,164,27,0,355,0
TCP,279,19,0,233,0
ICMP,95,10,0,107,0
TCP,1147,217,0,231,0
TCP,768,19,1,308,0
TCP,84,62,2,585,0
TCP,38,214,0,528,0
TCP,51,93,1,225,0
UDP,208,16,0,54,0
TCP,300,85,0,327,0
UDP,619,87,0,242,0
TCP,127,79,0,2748,0
TCP,101,45,0,160,0
TCP,44,137,0,1346,0
ICMP,735,9,0,30,0
TCP,20,323,0,2883,0
ICMP,305,22,0,499,0
TCP,620,17,0,301,0
TCP,29,22,0,20,0
UDP,1162,147,0,288,0
UDP,110,118,0,206,0
UDP,128,277,0,129,0
ICMP,1009,9,0,1515,0
UDP,238,103,0,42,0
TCP,662,47,0,1620,0
TCP,624,286,0,569,0
UDP,156,32,0,554,0
TCP,599,4,0,292,0
TCP,582,2,0,288,0
TCP,243,0,1,221,0
TCP,334,30,2,86,0
TCP,159,51,0,394,0
TCP,7,116,3,939,1
TCP,1000,28,0,25,0
TCP,929,52,0,577,0
UDP,23,186,0,1,0
TCP,246,54,0,928,0
TCP,93,68,0,25,0
UDP,125,132,0,333,0
TCP,219,387,0,216,0
ICMP,1485,1,0,144,0
UDP,259,12,0,202,0
TCP,2098,11,0,780,0
UDP,92,243,0,118,0
UDP,61,101,1,103,0
TCP,845,85,0,121,0
TCP,476,116,0,136,0
TCP,1255,91,0,512,0
TCP,1311,12,0,380,0
TCP,14,20,0,155,0
TCP,848,53,0,43,0
ICMP,252,14,0,223,0
TCP,634,10,6,6238,1
ICMP,307,50,0,4117,1
UDP,5228,41,2,3601,1
TCP,321,124,0,377,0
TCP,405,12,0,110,0
TCP,86,133,0,197,0
TCP,1175,24,0,1281,0
TCP,329,57,0,911,0
UDP,512,31,0,38,0
TCP,248,26,0,150,0
UDP,33,49,0,489,0
UDP,1219,195,0,309,0
TCP,370,64,0,570,0
TCP,11,107,0,506,0
TCP,235,56,0,215,0
ICMP,382,72,0,843,0
UDP,791,112,0,230,0
TCP,543,216,0,179,0
UDP,1233,29,0,229,0
TCP,335,253,0,175,0
TCP,897,181,0,306,0
TCP,565,38,1,764,0
TCP,1111,68,0,391,0
ICMP,410,34,0,557,0
TCP,805,17,0,1270,0
TCP,62,29,0,545,0
TCP,161,197,0,305,0
UDP,445,70,0,24,0
TCP,293,26,0,38,0
TCP,1886,94,0,395,0
UDP,54,235,0,1633,0
TCP,632,19,0,142,0
TCP,341,89,0,48,0
TCP,180,231,0,441,0
UDP,117,71,0,826,0
TCP,950,83,0,381,0
TCP,91,14,0,263,0
TCP,518,44,0,57,0
TCP,881,227,0,345,0
TCP,1980,16,0,1315,0
TCP,554,16,0,1321,0
ICMP,67,119,0,603,0
TCP,7,161,0,380,0
TCP,913,179,0,1878,0
TCP,1167,337,0,186,0
UDP,58,55,1,291,0
ICMP,1260,51,0,180,0
TCP,710,56,1,444,0
UDP,114,34,2,624,1
UDP,297,53,0,1428,0
TCP,137,114,0,2,0
UDP,958,2,0,581,0
TCP,334,149,0,89,0
TCP,270,38,0,196,0
TCP,167,48,0,242,0
TCP,495,77,2,204,0
UDP,459,280,0,498,0
TCP,97,10,0,591,0
TCP,827,10,0,802,0
TCP,614,38,1,475,0
UDP,71,72,0,481,0
TCP,333,8,0,58,0
TCP,561,12,0,39,0
UDP,260,40,0,346,0
UDP,4635,83,6,3704,1
TCP,452,175,0,135,0
TCP,1592,51,0,207,0
TCP,18,48,0,859,0
UDP,94,55,0,886,0
TCP,272,77,0,255,0
TCP,1195,72,0,101,0
UDP,118,35,0,39,0
ICMP,491,100,0,60,0
TCP,6,83,0,785,0
UDP,39,126,0,1266,0
TCP,401,429,0,30,0
TCP,411,15,0,29,0
TCP,364,39,0,1346,0
TCP,1851,151,0,220,0
TCP,326,3,0,2723,0
ICMP,46,244,0,352,0
TCP,55,301,0,86,0
TCP,168,1,0,1060,0
TCP,182,128,0,469,0
TCP,689,277,0,1033,0
TCP,305,114,2,94,0
TCP,346,168,0,2879,0
UDP,2163,75,1,1599,0
TCP,954,76,0,276,0
ICMP,76,2,0,681,0
UDP,1825,4,0,295,0
UDP,1197,93,0,1069,0
TCP,106,76,0,1719,0
UDP,370,36,0,858,0
TCP,568,78,0,2273,0
TCP,692,15,0,1023,0
TCP,413,123,0,112,0
TCP,52,90,0,595,0
TCP,823,142,0,64,0
ICMP,45,123,0,1185,0
TCP,1127,69,0,306,0
TCP,254,85,0,109,0
TCP,318,126,1,293,0
TCP,482,345,0,165,0
TCP,1,307,0,601,0
UDP,64,29,0,1166,0
TCP,1349,346,0,724,0
ICMP,6134,89,1,591,1
TCP,824,141,0,112,0
TCP,773,295,0,537,0
TCP,31,138,0,255,0
TCP,220,15,1,69,0
TCP,120,14,0,919,0
ICMP,5728,92,10,3190,1
TCP,915,66,0,195,0
TCP,413,62,0,405,0
TCP,1870,4,0,978,0
TCP,1055,167,0,831,0
UDP,174,129,0,514,0
TCP,101,4,0,515,0
TCP,609,36,0,208,0
TCP,1249,33,0,652,0
TCP,869,3,0,962,0
TCP,90,16,0,849,0
TCP,453,10,0,504,0
TCP,637,85,0,115,0
TCP,1919,73,0,123,0
TCP,421,212,0,1880,0
TCP,276,175,0,84,0
TCP,186,7,0,827,0
TCP,627,190,0,64,0
UDP,1034,55,0,1128,0
TCP,523,134,0,287,0
ICMP,1431,131,0,1287,0
TCP,709,232,0,390,0
TCP,281,263,0,167,0
TCP,232,11,0,460,0
TCP,1326,238,0,181,0
TCP,353,172,0,306,0
TCP,405,12,1,253,0
TCP,298,166,0,1031,0
TCP,685,69,0,446,0
TCP,1370,29,0,69,0
TCP,1170,8,0,791,0
TCP,383,55,0,904,0
TCP,525,70,0,167,0
UDP,145,34,0,146,0
UDP,23,104,0,487,0
UDP,886,171,0,649,0
TCP,844,66,0,20,0
TCP,1417,106,0,306,0
TCP,5,321,0,204,0
TCP,551,51,0,382,0
TCP,325,73,0,463,0
TCP,312,180,0,406,0
UDP,368,216,0,289,0
ICMP,2427,119,1,294,0
TCP,71,131,1,844,0
TCP,220,235,0,1066,0
UDP,1098,17,0,1705,0
TCP,205,65,0,557,0
TCP,225,206,1,1023,0
TCP,307,115,0,262,0
TCP,876,158,0,430,0
TCP,1328,72,0,105,0
ICMP,13,273,0,698,0
TCP,206,2,0,278,0
TCP,243,186,0,940,0
TCP,326,160,0,147,0
TCP,157,53,0,1840,0
TCP,135,141,0,1330,0
TCP,1132,9,0,300,0
TCP,462,115,0,95,0
TCP,98,40,0,120,0
TCP,222,1,0,320,0
TCP,394,153,0,33,0
UDP,39,20,0,378,0
UDP,581,139,2,238,0
TCP,494,60,0,24,0
TCP,1893,214,0,738,0
UDP,6364,65,4,3241,1
TCP,4896,33,0,6561,1
TCP,753,137,0,14,0
UDP,611,76,1,121,0
TCP,9,4,0,184,0
TCP,732,56,0,131,1
UDP,99,340,0,178,0
UDP,411,9,0,743,0
TCP,1290,142,0,144,0
UDP,216,13,3,5362,1
UDP,51,182,0,541,0
UDP,308,36,0,287,0
TCP,352,30,0,58,0
TCP,87,80,0,366,0
TCP,157,84,0,95,0
TCP,561,37,0,1461,0
TCP,504,22,0,282,0
TCP,1565,17,0,369,0
TCP,385,21,0,203,0
UDP,48,130,0,543,0
UDP,7215,95,0,5228,1
TCP,254,313,0,353,0
TCP,226,176,0,610,0
TCP,207,5,0,912,0
TCP,394,113,0,358,0
ICMP,458,65,0,68,0
ICMP,1371,62,0,580,0
ICMP,694,284,0,1856,0
UDP,95,17,0,37,0
TCP,141,65,0,74,0
ICMP,946,248,0,247,0
TCP,253,28,0,367,0
TCP,1386,4,7,432,1
UDP,152,304,0,290,0
TCP,32,73,0,56,0
TCP,514,68,0,2139,0
TCP,233,62,0,727,0
TCP,796,18,1,182,0
TCP,52,129,1,87,0
ICMP,91,107,0,197,0
UDP,606,108,0,374,0
UDP,133,15,2,42,0
TCP,869,147,0,758,0
TCP,319,30,0,712,0
TCP,86,102,0,1618,0
UDP,128,265,0,1521,0
TCP,489,81,0,1458,0
TCP,84,7,1,40,0
TCP,160,57,0,380,0
UDP,595,68,0,1022,0
TCP,887,38,0,187,0
UDP,756,47,0,470,0
TCP,77,17,0,454,0
TCP,1579,52,0,362,0
TCP,146,107,2,43,0
TCP,35,39,0,584,0
UDP,391,178,0,530,0
TCP,1947,43,0,69,0
TCP,166,63,0,229,0
TCP,250,56,0,230,0
TCP,1,5,0,1334,0
TCP,116,117,0,374,0
UDP,324,158,0,234,0
TCP,817,194,0,1198,0
UDP,162,44,0,40,0
TCP,17,76,0,204,0
TCP,74,4,0,620,0
TCP,819,53,1,1154,0
TCP,1264,62,0,168,0
TCP,142,134,0,674,0
UDP,253,108,0,623,0
TCP,70,92,1,107,0
TCP,102,90,0,280,0
TCP,535,52,0,607,0
ICMP,1034,22,0,122,0
ICMP,635,25,0,420,0
TCP,591,107,0,162,0
TCP,963,3,0,106,0
TCP,241,90,0,105,0
TCP,685,13,1,17,0
ICMP,112,30,0,171,0
TCP,2584,185,0,884,0
TCP,587,13,1,440,0
UDP,80,49,0,62,0
TCP,84,52,0,349,0
ICMP,147,118,0,238,0
UDP,33,33,0,67,0
TCP,364,61,0,647,0
UDP,991,1,0,877,0
ICMP,406,457,0,475,0
TCP,110,99,0,530,0
TCP,31,54,0,361,0
ICMP,939,70,0,260,0
TCP,173,57,0,512,0
TCP,1165,50,1,1351,0
TCP,382,115,0,1196,0
ICMP,382,27,0,63,0
TCP,747,29,0,1636,0
ICMP,715,3,0,193,0
TCP,1256,77,0,87,0
TCP,1139,20,0,276,0
TCP,99,140,0,594,0
UDP,205,14,1,470,0
TCP,8278,12,11,504,1
TCP,2229,44,0,109,0
TCP,1256,40,0,993,0
TCP,347,23,0,837,0
ICMP,441,97,0,362,0
UDP,919,82,2,67,0
TCP,975,34,0,915,0
TCP,851,261,0,331,0
TCP,2066,46,0,455,0
TCP,139,221,0,295,0
TCP,13,178,0,309,0
TCP,217,173,0,103,0
TCP,197,67,0,341,0
ICMP,106,38,0,367,0
UDP,729,177,0,123,0
TCP,76,377,0,225,0
TCP,1379,60,1,1361,0
TCP,239,94,0,418,0
UDP,393,145,0,244,0
TCP,456,136,1,41,0
TCP,491,125,0,28,0
ICMP,9,155,0,220,0
TCP,982,9,0,1668,0
TCP,575,174,0,265,0
TCP,264,268,0,863,0
UDP,116,55,0,215,0
TCP,33,113,0,529,0
TCP,5575,37,1,687,1
TCP,485,254,1,205,0
ICMP,58,47,0,102,0
ICMP,347,328,0,66,0
TCP,130,7,0,13,0
TCP,254,159,0,908,0
ICMP,289,13,1,176,0
TCP,494,274,0,1338,0
UDP,29,123,1,502,0
UDP,546,87,0,82,0
TCP,102,137,1,52,0
TCP,75,60,0,733,0
TCP,750,0,0,1213,0
TCP,2219,36,0,35,0
TCP,73,75,0,440,0
TCP,311,23,0,487,0
TCP,365,109,0,19,0
ICMP,74,5,0,29,0
ICMP,4,100,1,236,0
TCP,940,297,0,243,0
UDP,320,23,0,203,0
UDP,105,110,1,1720,0
UDP,211,129,0,12,0
TCP,287,77,0,359,0
ICMP,818,111,0,1481,0
ICMP,753,96,0,38,0
TCP,281,63,0,95,0
TCP,215,181,0,540,0
TCP,808,20,0,305,0
TCP,280,52,0,49,0
TCP,238,88,0,35,0
ICMP,695,194,0,180,0
TCP,168,140,0,68,0
UDP,951,66,0,32,0
UDP,462,420,0,522,0
TCP,282,203,0,131,0
TCP,490,42,0,891,0
TCP,134,77,0,12,0
TCP,1068,170,0,26,0
TCP,71,102,0,132,0
UDP,146,8,1,619,0
ICMP,388,220,0,1297,0
TCP,618,10,0,103,0
ICMP,124,47,1,48,0
TCP,2090,63,0,565,0
TCP,320,14,0,470,0
UDP,602,1,0,793,0
UDP,308,57,0,55,0
UDP,210,83,0,342,0
TCP,287,95,0,1541,0
UDP,1795,63,0,42,0
TCP,132,23,0,183,0
TCP,1002,73,1,21,0
TCP,149,16,0,150,0
ICMP,1999,174,0,196,0
TCP,464,238,0,405,0
TCP,465,45,0,587,0
TCP,301,175,0,85,0
TCP,626,1,0,20,0
TCP,51,137,0,49,0
TCP,303,164,0,40,0
TCP,376,44,0,70,0
TCP,812,30,0,489,0
UDP,1081,67,1,578,0
UDP,1734,245,0,2790,0
ICMP,981,106,0,33,0
TCP,424,46,0,1445,0
TCP,42,110,0,74,0
TCP,669,12,0,389,0
TCP,30,137,0,278,0
TCP,1230,214,0,396,0
TCP,1198,125,0,20,0
TCP,22,0,0,643,0
ICMP,551,135,0,195,0
TCP,297,3,0,83,0
TCP,1421,147,1,117,0
UDP,838,110,0,286,0
TCP,577,57,0,98,0
UDP,191,47,0,364,0
TCP,696,3,0,192,0
TCP,97,146,0,558,0
TCP,390,166,1,903,0
TCP,237,110,0,932,0
TCP,69,57,0,264,0
UDP,1295,15,1,168,0
TCP,2343,53,0,367,0
TCP,46,19,0,894,0
UDP,348,128,0,278,0
UDP,184,93,0,404,0
TCP,49,157,0,740,0
TCP,593,100,0,451,0
TCP,254,24,0,678,0
TCP,1865,168,0,64,0
TCP,533,31,0,1492,0
UDP,273,23,0,623,0
TCP,445,149,0,360,0
TCP,257,9,0,158,0
TCP,457,391,0,197,0
TCP,183,191,0,659,0
TCP,22,66,0,558,0
UDP,61,34,0,1428,0
TCP,214,123,0,1097,0
TCP,101,169,0,166,0
UDP,248,230,0,957,0
TCP,177,2,0,1228,0
UDP,444,173,0,650,0
TCP,165,55,6,4775,1
TCP,6321,9,0,6377,1
TCP,96,55,1,147,0
UDP,829,87,0,331,0
UDP,944,20,0,85,0
UDP,6,92,0,234,0
TCP,18,140,0,123,0
TCP,437,191,3,5061,1
TCP,563,154,0,533,0
TCP,118,38,1,862,0
TCP,196,40,0,1068,0
TCP,126,104,0,15,0
UDP,1893,13,0,805,0
UDP,503,182,0,278,0
TCP,120,36,0,424,0
TCP,450,35,0,136,0
TCP,562,26,0,2643,0
UDP,368,6,0,243,0
TCP,679,98,0,76,0
TCP,640,122,0,500,0
TCP,178,142,0,1781,0
TCP,195,145,0,87,0
TCP,195,4,0,276,0
TCP,578,7,10,702,1
TCP,298,11,0,178,0
ICMP,423,52,0,210,0
UDP,263,126,0,15,0
TCP,751,90,0,562,0
TCP,376,76,0,363,0
TCP,141,32,0,997,0
TCP,309,70,0,546,0
UDP,67,106,0,580,0
TCP,290,38,0,485,0
TCP,368,74,0,1520,0
TCP,4368,120,9,116,1
TCP,269,64,0,302,0
TCP,260,463,0,137,0
TCP,61,343,0,1305,0
TCP,205,184,0,539,0
ICMP,184,94,0,536,0
TCP,1818,71,0,363,0
TCP,411,241,1,63,0
UDP,1065,93,1,39,0
TCP,606,14,1,225,0
UDP,236,16,1,232,0
TCP,52,26,0,450,0
UDP,30,45,0,365,0
TCP,215,77,0,588,0
TCP,314,51,2,263,0
TCP,127,145,0,849,0
UDP,550,4,1,568,0
TCP,1,45,0,253,0
TCP,430,5,0,24,0
TCP,513,55,0,28,0
TCP,295,46,0,563,0
TCP,134,298,0,231,0
TCP,787,78,0,1713,0
TCP,576,8,0,343,0
TCP,126,55,0,34,0
TCP,250,18,0,234,0
TCP,859,51,0,432,0
TCP,567,9,0,203,0
UDP,607,48,0,315,0
UDP,51,34,0,150,0
TCP,782,120,0,198,0
TCP,278,39,1,499,0
TCP,816,177,1,325,0
TCP,1587,196,1,2,0
UDP,480,157,0,939,0
TCP,279,109,0,109,0
TCP,89,89,0,338,0
UDP,189,25,0,86,0
TCP,255,5,1,1561,0
TCP,1076,164,0,945,0
TCP,316,21,0,355,0
UDP,1734,192,0,72,0
ICMP,19,122,0,174,0
TCP,186,27,0,405,0
TCP,2441,180,0,122,0
UDP,139,34,0,57,0
TCP,66,30,0,80,0
UDP,197,72,0,142,0
UDP,190,185,0,1581,0
TCP,445,143,0,295,0
UDP,683,32,0,434,0
TCP,382,55,0,348,0
TCP,16,141,0,517,0
UDP,404,18,1,449,0
TCP,381,36,0,10,0
TCP,779,149,0,754,0
TCP,294,22,0,1160,0
UDP,447,7,0,64,0
TCP,237,24,0,1016,0
TCP,90,32,0,1366,0
UDP,782,139,0,398,0
TCP,453,42,0,577,0
UDP,4996,157,0,6130,1
TCP,1078,146,0,990,0
ICMP,937,115,0,92,0
ICMP,293,163,0,1168,0
TCP,129,44,0,354,0
TCP,99,28,0,111,0
TCP,504,131,0,24,0
TCP,1682,1,0,168,0
TCP,12,134,0,1385,0
TCP,129,115,1,252,0
TCP,265,9,0,575,0
UDP,936,26,0,117,0
UDP,697,85,0,1048,0
TCP,50,240,0,159,0
TCP,943,17,0,616,0
TCP,253,56,1,730,0
UDP,155,203,0,1542,0
TCP,640,199,0,202,0
TCP,123,303,0,1014,0
ICMP,300,123,0,385,0
TCP,66,3,0,1362,0
UDP,2154,22,0,165,0
TCP,628,142,0,135,0
UDP,451,56,0,350,0
TCP,265,33,2,1002,0
TCP,178,97,0,1223,0
UDP,259,53,0,578,0
TCP,81,136,1,563,0
TCP,190,18,0,281,0
UDP,591,19,6,240,1
ICMP,1761,173,0,92,0
TCP,226,26,0,141,0
TCP,364,110,0,81,0
UDP,158,207,0,571,0
TCP,753,264,0,719,0
UDP,275,75,0,207,0
TCP,206,89,0,369,0
TCP,1140,90,0,35,0
TCP,162,28,0,241,0
TCP,280,17,1,691,0
TCP,14,25,0,142,0
UDP,222,49,0,468,0
ICMP,1210,40,0,460,0
TCP,300,31,0,1016,0
TCP,1089,48,0,168,0
TCP,793,175,0,197,0
UDP,231,111,0,212,0
TCP,1264,104,0,306,0
UDP,103,144,0,1011,0
TCP,263,43,0,165,0
TCP,419,122,0,695,0
TCP,584,55,0,138,0
UDP,782,24,0,1324,0
TCP,178,30,0,642,0
TCP,336,90,0,684,0
TCP,839,47,0,675,0
TCP,226,30,0,189,0
TCP,1304,216,0,20,0
TCP,191,111,0,400,0
TCP,168,16,0,381,0
TCP,906,173,0,198,0
UDP,1183,170,0,25,0
TCP,163,47,0,326,0
TCP,963,133,0,200,0
UDP,354,97,0,306,0
TCP,171,43,0,210,0
TCP,400,51,0,203,0
TCP,799,67,0,71,0
TCP,113,340,1,643,0
TCP,61,11,1,94,0
UDP,474,227,0,86,0
TCP,55,244,0,1079,0
UDP,522,179,0,88,0
TCP,1050,332,1,11,0
ICMP,177,25,0,505,0
TCP,771,158,0,592,0
ICMP,6548,6,0,1069,1
TCP,851,27,0,650,0
TCP,178,17,0,194,0
UDP,16,83,0,347,0
TCP,1031,249,0,21,0
UDP,132,40,0,709,0
TCP,823,7,0,507,0
TCP,685,24,0,639,0
TCP,1335,131,0,35,0
TCP,20,100,0,101,0
TCP,55,100,0,1336,0
UDP,292,127,0,145,0
UDP,535,63,1,313,0
TCP,735,52,0,280,0
TCP,7064,155,4,576,1
TCP,621,53,1,213,0
TCP,360,48,0,154,1
ICMP,165,51,0,305,0
TCP,1180,26,0,890,0
TCP,118,99,0,1296,0
TCP,34,180,0,562,0
TCP,520,103,0,705,0
TCP,459,5,0,294,0
UDP,767,35,0,1392,0
TCP,1694,32,0,331,0
ICMP,505,130,0,73,0
TCP,1100,5,0,247,0
TCP,1642,23,1,405,0
TCP,788,107,0,69,0
TCP,118,46,0,395,0
TCP,721,162,0,172,0
ICMP,652,36,0,263,0
TCP,823,200,0,306,0
UDP,486,4,0,1143,0
TCP,417,64,1,682,0
TCP,59,47,2,549,0
TCP,57,43,0,352,0
TCP,1855,13,0,207,0
ICMP,109,26,0,172,0
TCP,42,15,0,231,0
UDP,311,35,0,479,0
TCP,1200,2,0,667,0
ICMP,400,67,0,249,0
ICMP,313,200,0,119,0
ICMP,927,52,0,137,0
TCP,1049,155,0,154,0
TCP,406,223,0,367,0
UDP,4720,153,4,3256,1
TCP,170,74,0,87,0
TCP,55,517,0,255,0
TCP,367,164,0,796,0
TCP,309,131,0,158,0
TCP,362,112,0,829,0
ICMP,25,242,0,249,0
TCP,36,2,0,585,0
UDP,53,8,0,321,0
UDP,296,265,0,30,0
TCP,779,19,0,32,0
TCP,72,109,0,242,0
TCP,257,13,0,921,0
TCP,185,24,0,110,0
TCP,230,69,1,119,0
TCP,5,126,0,1159,0
TCP,409,163,0,354,0
ICMP,456,17,0,2495,0
ICMP,126,2,1,284,0
TCP,104,24,1,351,0
TCP,191,64,0,377,0
ICMP,1281,113,0,158,0
TCP,25,61,0,62,0
TCP,158,263,0,896,0
TCP,62,107,0,721,0
UDP,964,10,0,163,0
TCP,871,210,0,167,0
ICMP,107,27,0,1595,0
ICMP,2,114,0,356,0
TCP,483,32,0,488,0
TCP,69,29,0,221,0
UDP,560,71,0,146,0
TCP,25,16,0,93,0
ICMP,108,39,0,73,0
TCP,516,10,0,172,0
TCP,568,105,0,463,0
TCP,58,4,0,920,0
UDP,241,5,1,1080,0
TCP,144,48,0,32,0
TCP,505,124,0,1365,0
UDP,3734,44,0,4959,1
TCP,613,20,0,353,0
ICMP,221,70,0,1400,0
TCP,120,250,0,325,0
TCP,497,207,0,217,0
UDP,441,51,0,712,0
TCP,52,75,0,38,0
TCP,629,445,0,549,0
TCP,1023,93,0,1296,0
UDP,145,166,0,666,0
TCP,94,389,0,173,0
TCP,89,277,0,176,0
TCP,257,49,0,693,0
UDP,111,105,0,210,0
TCP,277,288,0,1222,0
TCP,771,165,0,477,0
TCP,941,46,0,59,0
TCP,270,74,0,943,0
UDP,283,18,0,1075,0
TCP,592,82,0,292,0
TCP,30,24,1,2893,0
UDP,196,122,1,535,0
TCP,722,72,0,517,0
UDP,433,115,0,846,0
UDP,217,4,0,288,0
TCP,679,40,0,762,0
ICMP,414,28,1,992,0
TCP,626,61,0,182,0
TCP,272,37,0,246,0
UDP,805,313,0,633,0
TCP,609,30,0,1051,0
TCP,302,108,0,17,0
UDP,645,283,0,246,0
ICMP,685,186,0,12,0
TCP,165,55,0,185,0
ICMP,6412,46,9,874,1
TCP,22,90,0,65,0
TCP,138,318,0,80,0
ICMP,1306,14,0,32,0
TCP,810,171,0,211,0
ICMP,14,101,0,394,0
UDP,125,173,0,771,0
TCP,361,51,0,27,0
TCP,285,309,0,256,0
TCP,782,47,1,68,0
TCP,334,47,0,216,0
ICMP,293,27,0,811,0
TCP,126,116,0,815,0
TCP,180,0,0,231,0
TCP,123,90,0,392,0
UDP,1662,84,0,1190,0
TCP,761,76,0,806,0
TCP,129,139,0,221,0
TCP,151,195,0,1269,0
TCP,448,51,0,271,0
TCP,235,226,0,244,0
TCP,160,28,0,409,0
ICMP,66,37,0,834,0
TCP,13,2,0,389,0
ICMP,28,260,0,739,0
UDP,875,57,0,2877,0
TCP,45,6,0,13,0
UDP,7,38,0,575,0
TCP,355,132,0,359,0
TCP,290,38,0,15,0
TCP,390,22,0,375,0
TCP,827,19,0,765,0
ICMP,65,107,0,2565,0
TCP,735,98,0,807,0
TCP,111,87,0,67,0
ICMP,119,79,0,156,0
TCP,109,374,0,649,0
TCP,245,30,0,227,0
UDP,409,394,0,284,0
TCP,122,15,0,483,0
ICMP,406,126,0,105,0
TCP,77,10,0,262,0
TCP,57,60,0,467,0
TCP,1253,10,0,577,0
ICMP,37,121,1,3,0
TCP,1072,12,0,249,0
TCP,187,204,0,285,0
TCP,269,5,0,321,0
TCP,206,222,2,723,0
TCP,18,389,0,90,0
TCP,1496,34,0,341,0
UDP,912,120,0,227,0
UDP,286,1,0,1596,0
UDP,194,52,0,119,0
UDP,423,102,0,296,0
TCP,102,20,3,345,1
TCP,1252,140,0,342,0
TCP,473,278,0,27,0
TCP,35,10,1,951,0
UDP,721,39,0,737,0
TCP,129,31,0,1631,0
TCP,219,210,0,97,0
TCP,4903,12,11,6991,1
TCP,140,191,0,9,0
TCP,399,1,0,120,0
TCP,397,10,0,571,0
UDP,717,30,0,585,0
TCP,11,335,0,541,0
UDP,118,115,0,798,0
UDP,23,29,0,154,0
TCP,500,28,0,101,0
TCP,1056,92,0,603,0
ICMP,431,568,0,191,0
TCP,376,22,0,42,0
UDP,2105,9,0,512,0
UDP,632,37,0,1122,0
TCP,1329,45,0,1312,0
TCP,440,50,0,59,0
UDP,1704,13,0,19,0
TCP,736,58,0,228,0
ICMP,500,57,0,115,0
TCP,51,363,0,529,0
ICMP,123,149,0,692,0
TCP,687,96,0,337,0
TCP,89,9,0,1004,0
TCP,103,361,0,282,0
UDP,49,51,0,141,0
TCP,165,83,1,64,0
UDP,101,2,0,707,0
TCP,116,156,0,1819,0
TCP,227,105,0,50,0
TCP,215,13,0,516,0
UDP,628,125,0,302,0
TCP,735,92,0,79,0
TCP,1621,87,0,830,0
TCP,257,38,0,1740,0
TCP,399,2,0,235,0
UDP,339,25,0,198,0
TCP,97,19,0,67,0
TCP,249,134,0,2229,0
TCP,558,67,0,169,0
TCP,1416,100,0,819,0
TCP,733,8,0,2217,0
TCP,88,180,0,132,0
TCP,322,21,0,2013,0
TCP,112,130,0,50,0
TCP,164,36,0,3832,1
TCP,1284,70,0,1778,0
UDP,880,108,0,96,0
TCP,446,166,0,896,0
TCP,1295,91,0,3,0
TCP,45,138,2,190,0
UDP,952,236,0,23,0
UDP,274,42,0,779,0
TCP,431,61,0,219,0
UDP,61,180,0,62,0
TCP,138,4,0,48,0
TCP,290,204,0,266,0
TCP,327,19,0,50,0
ICMP,254,86,0,235,0
TCP,161,58,0,151,0
UDP,237,45,0,244,0
UDP,246,34,0,372,0
UDP,611,17,0,147,0
TCP,809,193,0,347,0
TCP,177,72,0,656,0
TCP,292,61,0,1285,0
TCP,55,27,0,5,0
ICMP,722,24,0,1019,1
TCP,19,1,0,393,0
TCP,116,305,0,680,0
UDP,227,93,1,504,0
TCP,355,107,0,321,0
TCP,1152,34,0,118,0
TCP,38,425,0,374,0
UDP,768,98,0,236,0
ICMP,4,150,0,111,0
TCP,1538,334,0,674,0
ICMP,186,118,0,1197,0
UDP,175,19,0,155,0
TCP,310,9,0,927,0
TCP,251,126,0,198,0
TCP,275,0,0,635,0
TCP,148,72,0,577,0
TCP,238,37,0,251,0
TCP,567,239,0,196,0
TCP,442,111,0,801,0
TCP,35,290,0,407,0
TCP,401,103,1,945,0
TCP,411,32,0,822,0
TCP,110,434,0,29,0
TCP,6199,83,3,5395,1
UDP,9,16,0,1825,0
TCP,24,154,0,1048,0
UDP,598,147,0,1721,0
TCP,484,53,0,63,0
TCP,14,90,0,50,0
ICMP,182,55,0,397,0
UDP,162,153,0,1176,0
UDP,284,87,0,147,0
TCP,374,34,0,218,0
TCP,1135,8,0,4,0
TCP,98,80,0,723,0
UDP,1572,170,0,92,0
UDP,694,5,0,886,0
ICMP,137,34,0,9,0
TCP,426,178,0,375,0
TCP,231,188,1,283,0
UDP,222,112,0,267,0
UDP,552,164,1,310,0
TCP,66,183,0,522,0
TCP,229,210,0,406,0
TCP,1752,84,0,29,0
TCP,269,379,0,871,0
UDP,38,57,0,1349,0
TCP,54,18,0,200,0
TCP,32,33,0,601,0
TCP,478,210,0,940,0
ICMP,125,77,0,6,0
TCP,73,283,0,39,0
TCP,976,361,0,27,0
TCP,20,328,0,1022,0
ICMP,451,27,0,22,0
TCP,1519,83,0,274,0
TCP,86,403,0,1111,0
TCP,377,34,1,32,0
TCP,291,74,1,908,0
TCP,537,359,0,380,0
TCP,631,25,0,902,0
TCP,119,26,1,108,0
ICMP,2564,48,0,710,0
UDP,1312,13,0,812,0
ICMP,130,35,0,9,0
TCP,15,37,0,192,0
UDP,731,42,0,402,0
UDP,14,14,1,1144,0
TCP,368,27,0,174,0
TCP,5560,47,0,868,1
TCP,5075,18,4,5592,1
TCP,41,29,0,129,0
TCP,810,47,0,327,0
TCP,252,60,0,13,0
UDP,498,10,0,255,0
TCP,523,64,0,1060,0
TCP,1037,51,0,176,0
UDP,364,76,1,313,0
TCP,216,3,0,651,0
TCP,227,149,0,78,0
TCP,22,40,0,589,0
TCP,146,153,0,344,0
UDP,6205,134,0,395,1
TCP,11,90,0,70,0
UDP,497,48,0,626,0
ICMP,10,188,1,28,0
TCP,163,41,0,316,0
TCP,261,38,0,201,0
TCP,459,106,0,582,0
TCP,556,83,0,156,0
TCP,1428,125,0,77,0
ICMP,700,66,0,584,0
TCP,125,12,0,65,0
TCP,703,68,0,1181,0
TCP,1187,91,0,697,0
TCP,68,39,0,288,0
TCP,71,67,0,176,0
TCP,260,81,1,562,0
ICMP,936,60,0,536,0
TCP,417,28,0,381,0
TCP,223,202,0,196,0
UDP,639,270,0,411,0
TCP,5652,69,7,6000,1
TCP,330,19,0,217,0
UDP,200,110,0,53,0
ICMP,622,80,0,875,0
TCP,1974,32,0,270,0
TCP,770,120,1,1987,0
TCP,498,318,0,91,0
UDP,12,319,0,65,0
UDP,1048,281,0,304,0
ICMP,70,165,0,984,0
TCP,856,17,1,1033,0
TCP,95,35,1,961,0
TCP,185,227,0,710,0
TCP,640,216,0,95,0
TCP,19,88,0,1434,0
TCP,335,73,0,1139,0
TCP,514,28,0,335,0
TCP,939,77,0,51,0
UDP,34,125,0,74,0
TCP,1268,37,0,261,0
TCP,182,37,1,321,0
TCP,6,42,0,19,0
TCP,65,13,0,4,0
TCP,24,34,0,246,1
TCP,84,315,0,1216,0
TCP,316,97,0,463,0
TCP,415,8,0,725,0
TCP,560,261,1,663,0
TCP,1141,47,0,255,0
TCP,64,66,1,1073,0
UDP,308,10,0,279,0
TCP,87,44,0,52,0
ICMP,727,437,0,29,0
TCP,137,113,0,141,0
ICMP,943,15,0,191,0
TCP,766,51,0,226,0
TCP,209,24,0,319,0
TCP,72,46,0,397,0
UDP,750,24,1,292,0
TCP,445,151,0,245,0
UDP,15,74,0,38,0
UDP,619,64,0,291,0
TCP,2474,41,0,696,0
TCP,248,211,0,497,0
TCP,573,208,1,1061,0
TCP,386,210,0,485,0
TCP,187,6,1,121,0
TCP,4592,91,8,592,1
TCP,386,20,0,1168,0
TCP,104,163,0,654,0
TCP,80,9,0,120,0
ICMP,114,28,0,507,0
ICMP,591,229,1,356,0
TCP,170,46,0,1351,0
TCP,66,129,0,684,0
TCP,379,108,0,257,0
TCP,697,11,1,316,0
TCP,1190,217,1,487,0
UDP,368,22,0,155,0
TCP,26,86,1,210,0
TCP,25,186,0,2255,0
TCP,460,414,0,881,0
ICMP,16,72,0,79,0
TCP,211,121,0,72,0
TCP,311,28,0,635,0
UDP,48,95,0,460,0
TCP,193,48,0,212,0
TCP,1691,164,0,575,0
UDP,385,77,0,59,0
TCP,114,28,0,473,0
TCP,695,110,0,31,0
TCP,135,131,0,265,0
ICMP,242,82,0,6330,1
TCP,1399,30,0,424,0
ICMP,414,70,0,494,0
TCP,196,24,0,61,0
TCP,315,52,0,1367,0
TCP,334,26,0,87,0
UDP,101,184,0,432,0
TCP,1645,200,0,769,0
TCP,596,305,0,181,0
ICMP,649,140,0,39,0
UDP,1220,49,0,24,0
TCP,520,313,0,332,0
ICMP,1001,31,0,126,0
TCP,295,39,0,428,0
TCP,692,57,0,1486,0
UDP,609,89,1,997,0
TCP,5259,40,0,7679,1
ICMP,1071,78,0,160,0
ICMP,19,31,0,414,0
ICMP,95,108,1,406,0
TCP,174,9,0,319,0
TCP,644,181,2,2496,0
UDP,89,79,2,15,0
ICMP,104,105,0,1662,0
TCP,353,276,0,796,0
TCP,874,125,0,2797,0
UDP,36,16,0,308,0
TCP,299,431,0,285,0
TCP,1681,11,0,802,0
TCP,102,99,0,257,0
ICMP,5216,22,8,4933,1
TCP,375,20,8,5887,1
TCP,289,12,0,1511,0
TCP,62,93,1,114,0
TCP,334,28,1,786,0
TCP,379,10,0,588,0
UDP,185,4,0,771,0
TCP,77,163,0,31,0
TCP,1165,90,0,2216,0
TCP,97,68,0,512,0
TCP,4389,66,4,250,1
TCP,179,32,1,443,0
TCP,944,14,0,384,0
TCP,430,93,0,207,0
TCP,374,27,0,49,0
UDP,251,203,0,900,0
TCP,915,87,0,330,0
TCP,822,46,0,513,0
TCP,133,138,0,1332,0
ICMP,88,28,0,552,0
TCP,4,189,0,218,0
TCP,827,28,0,1175,0
ICMP,74,259,0,1290,0
ICMP,738,53,1,99,0
ICMP,154,7,0,363,0
TCP,182,210,0,72,0
TCP,199,259,1,166,0
TCP,395,196,0,268,0
TCP,143,38,0,186,0
UDP,43,108,1,822,0
UDP,1340,61,0,517,0
TCP,108,46,0,148,0
TCP,224,146,1,244,0
UDP,17,284,0,1759,0
TCP,693,294,0,41,0
ICMP,228,209,0,307,0
ICMP,338,47,0,665,0
TCP,122,84,0,355,0
UDP,200,67,0,312,0
TCP,150,117,0,278,0
TCP,1103,14,0,1563,0
UDP,452,82,0,1022,0
TCP,204,29,0,80,0
TCP,1623,105,4,4189,1
UDP,883,252,0,2088,0
TCP,5919,100,4,314,1
UDP,152,128,0,232,0
TCP,413,290,0,219,0
TCP,442,203,0,820,0
TCP,687,175,0,247,0
TCP,229,5,0,219,0
ICMP,319,41,0,271,0
UDP,170,84,1,210,0
TCP,1299,145,0,36,0
TCP,317,124,0,350,0
TCP,893,129,1,246,0
TCP,85,69,0,517,0
TCP,1639,31,0,97,0
ICMP,354,36,0,351,0
UDP,1820,67,0,115,0
TCP,236,141,0,443,0
UDP,263,7,0,58,0
TCP,7,48,0,223,0
TCP,761,24,1,1646,0
TCP,103,42,0,406,0
TCP,196,144,0,120,0
UDP,193,278,0,117,0
TCP,68,371,0,466,0
TCP,411,77,0,617,0
TCP,1008,111,0,623,0
ICMP,178,89,0,169,0
ICMP,688,147,0,384,0
TCP,493,36,0,914,0
TCP,91,143,0,185,0
TCP,11,4,0,368,0
ICMP,934,203,0,340,0
TCP,990,109,0,910,0
TCP,381,31,0,225,0
TCP,1379,375,0,474,0
ICMP,688,204,0,138,1
ICMP,100,37,0,99,0
TCP,392,11,0,235,0
TCP,137,604,0,210,0
TCP,102,31,0,494,0
TCP,1224,233,0,251,0
TCP,37,488,0,156,0
TCP,1064,299,0,370,0
TCP,573,57,0,627,0
TCP,126,236,0,1295,0
TCP,76,93,0,63,0
TCP,6422,216,5,69,1
UDP,131,194,0,125,0
TCP,450,157,0,393,0
TCP,253,26,0,1042,0
TCP,373,308,1,711,0
TCP,860,228,0,408,0
TCP,1137,64,0,148,0
UDP,210,26,0,54,0
TCP,840,88,0,185,0
TCP,33,84,0,92,0
ICMP,659,47,0,338,0
UDP,738,27,0,315,0
ICMP,63,25,0,894,0
TCP,1,53,0,1358,0
TCP,5441,75,6,7021,1
TCP,47,27,0,758,0
UDP,1136,92,0,152,0
TCP,35,46,0,140,0
TCP,1101,245,0,170,0
TCP,96,13,0,88,0
TCP,24,25,0,459,0
TCP,1209,34,0,1719,0
TCP,131,34,0,10,0
UDP,798,223,0,674,0
ICMP,791,4,0,1234,0
TCP,411,79,0,441,0
TCP,1788,172,0,165,0
TCP,1458,206,0,290,0
TCP,519,4,0,111,0
ICMP,916,97,0,338,0
ICMP,92,367,0,260,0
TCP,782,160,0,71,0
UDP,752,9,0,19,0
TCP,531,346,0,806,0
TCP,4837,163,0,256,1
ICMP,274,64,0,255,0
TCP,541,97,0,2039,0
TCP,718,40,0,96,0
TCP,18,68,0,221,0
TCP,892,26,0,391,0
TCP,17,134,0,67,0
UDP,174,77,1,180,0
UDP,179,30,0,503,0
TCP,17,167,0,30,0
TCP,7363,271,0,5414,1
ICMP,463,87,0,1530,0
ICMP,290,117,0,1372,0
TCP,839,19,0,203,0
TCP,221,177,0,1145,0
UDP,692,21,0,77,0
UDP,722,290,0,55,0
TCP,1161,26,0,626,0
UDP,1103,181,1,50,0
TCP,2265,1,0,973,0
TCP,703,26,0,57,0
TCP,48,151,0,71,0
TCP,297,242,0,96,0
UDP,127,83,0,182,0
TCP,63,58,0,690,0
TCP,1001,28,0,86,0
ICMP,127,102,0,603,0
TCP,127,4,1,198,0
TCP,558,6,0,1196,0
TCP,33,46,0,1635,0
ICMP,9,456,0,540,0
TCP,213,268,0,163,0
TCP,132,41,0,709,0
ICMP,511,76,0,247,0
TCP,72,65,0,516,0
UDP,662,140,0,1048,0
TCP,1278,36,0,1640,0
UDP,14,13,0,563,0
TCP,548,53,0,3710,1
UDP,156,18,0,1951,0
TCP,966,175,0,2513,0
TCP,224,64,0,177,0
UDP,418,25,0,60,0
TCP,80,238,0,866,0
TCP,1017,104,0,880,0
UDP,177,23,0,141,0
TCP,190,4,0,354,0
TCP,113,9,1,61,0
TCP,94,131,0,812,0
TCP,7138,73,7,63,1
TCP,237,30,0,274,0
ICMP,125,52,0,1152,0
TCP,65,53,0,716,0
TCP,5271,263,9,234,1
TCP,95,51,0,720,0
TCP,581,3,1,576,0
TCP,469,54,0,116,0
TCP,290,70,0,785,0
TCP,932,241,0,78,0
TCP,5098,77,1,144,1
TCP,258,14,0,132,0
TCP,353,308,0,588,0
TCP,2049,6,0,733,0
TCP,1931,157,0,1120,0
ICMP,214,19,0,481,0
ICMP,140,88,0,768,0
ICMP,322,54,0,50,0
TCP,1577,28,0,105,0
UDP,348,28,0,258,0
ICMP,77,233,0,90,0
UDP,886,120,0,226,0
TCP,329,55,9,230,1
ICMP,592,117,1,43,0
TCP,579,126,0,993,0
TCP,360,42,0,71,0
ICMP,1226,249,0,321,0
TCP,858,157,0,352,0
TCP,1049,90,0,25,0
UDP,1245,40,0,97,0
TCP,729,41,0,1360,0
TCP,226,92,0,820,0
TCP,11,103,0,4405,0
TCP,321,77,0,1315,0
UDP,141,40,0,52,0
TCP,511,356,0,11,0
TCP,833,83,0,275,0
TCP,199,191,0,400,0
UDP,186,8,1,360,0
TCP,159,151,0,847,0
TCP,323,93,0,373,0
UDP,436,122,0,1273,0
UDP,258,28,0,343,0
TCP,686,40,0,473,0
TCP,625,12,0,862,0
TCP,121,124,0,294,0
TCP,1043,82,0,957,0
UDP,50,14,0,2,0
TCP,162,77,0,229,0
UDP,14,0,0,547,0
TCP,1516,81,0,765,0
TCP,146,508,0,326,0
TCP,613,133,0,518,0
TCP,15,12,0,252,0
TCP,254,212,0,183,0
TCP,648,50,0,402,0
UDP,118,13,0,396,0
TCP,325,40,0,273,0
UDP,121,125,0,651,0
TCP,63,41,0,293,0
UDP,45,138,0,654,0
TCP,491,102,0,587,0
TCP,562,560,0,59,0
ICMP,657,211,1,13,0
TCP,51,17,0,556,0
TCP,39,248,0,519,0
UDP,265,246,0,329,0
TCP,786,58,1,597,0
UDP,713,150,0,102,0
TCP,283,137,0,88,0
TCP,933,4,0,261,0
TCP,480,5,0,510,0
TCP,161,69,0,1733,0
TCP,155,8,0,1068,0
TCP,143,57,0,100,0
ICMP,6242,68,0,876,1
TCP,228,189,0,803,0
TCP,909,111,0,59,0
UDP,512,20,0,718,0
TCP,322,93,0,1406,0
UDP,1942,309,0,891,0
TCP,434,210,0,300,0
TCP,120,28,0,709,0
TCP,619,98,0,863,0
TCP,398,94,0,1333,0
TCP,562,46,1,65,0
TCP,27,221,0,6,0
TCP,813,154,0,455,0
UDP,4795,338,5,987,1
TCP,302,77,0,336,0
TCP,401,120,0,36,0
TCP,159,29,0,534,0
TCP,855,41,0,1622,0
TCP,756,203,0,245,0
TCP,396,118,0,233,0
TCP,12,186,0,579,0
TCP,117,10,0,1169,0
TCP,108,21,0,797,0
UDP,239,59,0,1799,0
TCP,30,40,1,624,0
TCP,338,149,0,123,0
TCP,215,18,0,8661,1
TCP,436,12,0,155,0
TCP,664,244,0,59,0
TCP,389,23,0,194,0
TCP,313,174,0,168,0
TCP,32,120,0,19,0
ICMP,686,269,0,1285,0
UDP,369,1,0,338,0
TCP,88,139,0,331,0
TCP,6,77,0,1438,0
TCP,24,55,0,73,0
TCP,301,27,1,880,0
TCP,684,119,0,546,0
UDP,49,72,0,216,0
ICMP,943,33,0,59,0
UDP,343,158,0,263,0
TCP,1302,94,0,1146,0
TCP,348,190,0,1051,0
TCP,46,40,0,1315,0
TCP,425,8,0,560,0
TCP,452,78,0,1084,0
UDP,531,40,0,768,0
TCP,778,45,1,85,0
TCP,86,64,0,192,0
ICMP,150,155,0,111,0
UDP,5659,45,0,6155,1
TCP,674,153,0,176,0
TCP,737,32,0,1827,0
UDP,587,155,0,60,0
TCP,1630,86,0,211,0
TCP,506,41,0,924,0
UDP,252,39,0,427,0
TCP,648,177,1,1075,0
TCP,210,101,0,1187,0
TCP,350,77,1,793,0
TCP,574,8,0,334,0
TCP,21,2,0,36,0
ICMP,181,29,0,2421,0
UDP,57,19,1,493,0
TCP,722,62,1,452,0
ICMP,8,189,1,93,0
TCP,452,94,0,322,0
TCP,81,56,0,179,0
TCP,491,25,0,327,0
TCP,339,99,0,1269,0
TCP,1415,107,0,47,0
TCP,953,68,0,595,0
TCP,71,64,0,597,0
TCP,114,63,0,244,0
TCP,839,600,0,1090,0
TCP,246,169,0,1711,0
UDP,1076,9,0,776,0
UDP,203,231,0,114,0
TCP,333,255,1,2,0
UDP,567,20,0,509,0
TCP,5311,38,9,71,1
TCP,36,55,0,134,0
TCP,662,26,0,237,0
TCP,548,195,0,52,0
UDP,92,54,0,542,0
ICMP,99,2,0,355,0
TCP,94,12,0,71,0
TCP,350,86,0,720,0
TCP,888,83,1,832,0
TCP,99,76,0,597,0
TCP,470,49,0,589,0
UDP,13,9,0,107,0
UDP,443,57,0,662,0
UDP,422,114,0,689,0
UDP,52,158,0,1644,0
TCP,331,90,0,1495,0
UDP,1095,22,0,67,0
UDP,644,6,0,238,0
TCP,84,164,0,121,0
UDP,476,149,0,381,0
TCP,122,17,0,12,0
UDP,1069,279,0,617,0
TCP,184,113,0,71,0
TCP,2548,56,0,483,0
TCP,27,157,0,691,0
TCP,219,105,1,587,0
TCP,254,261,0,4958,1
TCP,170,147,0,1931,0
TCP,177,36,1,390,0
ICMP,6023,26,6,417,1
TCP,5820,1,0,665,1
TCP,477,194,0,122,0
TCP,293,52,0,73,0
TCP,360,179,0,565,0
TCP,86,217,0,81,0
TCP,1367,52,0,797,0
TCP,4248,155,8,560,1
TCP,1721,113,0,210,0
TCP,113,120,0,2115,0
TCP,86,78,1,554,0
TCP,366,99,0,515,0
TCP,506,21,0,131,0
UDP,673,108,0,641,0
UDP,651,61,0,87,0
TCP,671,43,0,1126,0
TCP,666,55,0,27,0
TCP,6633,72,3,6063,1
TCP,379,284,0,628,0
UDP,28,83,0,380,0
UDP,91,130,0,270,0
TCP,686,33,0,396,0
TCP,223,47,0,431,0
ICMP,356,5,0,2257,0
ICMP,557,71,0,457,0
UDP,958,131,0,411,0
TCP,706,61,0,467,0
TCP,858,81,0,947,0
UDP,132,10,0,271,0
UDP,410,3,0,90,0
UDP,11,69,0,152,0
TCP,215,11,0,195,0
TCP,164,172,0,1469,0
UDP,344,33,0,638,0
TCP,679,69,0,27,0
TCP,154,453,0,241,0
UDP,424,59,0,519,0
TCP,868,64,0,1374,0
TCP,1446,173,0,147,0
UDP,416,30,0,1067,0
TCP,1117,13,0,262,0
TCP,212,3,2,130,0
ICMP,289,163,0,95,0
TCP,5721,248,6,743,1
TCP,49,69,0,393,0
TCP,170,87,0,290,0
TCP,840,30,0,751,0
UDP,61,90,0,373,0
UDP,85,69,0,28,0
TCP,1757,142,0,120,0
TCP,178,192,0,1145,0
TCP,1367,83,0,41,0
UDP,1361,270,0,1003,0
ICMP,31,251,0,114,0
ICMP,5437,24,0,5312,1
TCP,707,58,0,909,0
TCP,205,13,0,512,0
TCP,3389,68,0,4107,1
TCP,28,253,1,835,0
UDP,414,29,0,158,0
UDP,267,55,0,299,0
TCP,301,306,0,76,0
TCP,3519,281,4,6224,1
UDP,583,336,0,312,0
TCP,1437,28,0,5,0
TCP,23,292,0,294,0
TCP,191,23,0,39,0
TCP,15,120,0,847,0
TCP,155,90,0,237,0
UDP,244,360,1,174,0
TCP,388,121,0,680,0
UDP,234,82,0,81,0
TCP,506,337,0,27,0
TCP,280,41,0,728,0
TCP,619,48,0,522,0
TCP,144,66,0,12,0
TCP,419,103,0,167,0
TCP,119,35,0,405,0
TCP,531,53,0,492,0
TCP,3022,12,0,698,0
UDP,122,30,0,402,0
TCP,1536,275,0,524,0
TCP,343,27,0,414,0
UDP,308,9,1,334,0
TCP,284,190,0,1054,0
TCP,368,58,0,793,0
TCP,116,7,0,1364,0
UDP,678,23,0,226,0
TCP,786,196,0,69,0
ICMP,995,163,0,725,0
TCP,960,12,0,27,0
TCP,581,25,0,92,0
TCP,558,26,0,811,0
TCP,454,20,0,1073,0
TCP,56,2,0,6897,1
TCP,866,18,0,1155,0
TCP,56,427,0,646,0
TCP,4403,131,4,5411,1
TCP,347,14,0,295,0
TCP,274,52,0,1254,0
TCP,869,98,0,1126,0
TCP,524,149,0,178,0
TCP,41,206,0,397,0
TCP,4622,168,6,392,1
UDP,607,272,0,126,0
TCP,1215,32,0,165,0
TCP,68,71,0,1292,0
TCP,133,17,0,533,0
TCP,239,3,0,15,0
TCP,176,170,0,455,0
ICMP,2348,97,0,893,0
UDP,480,120,0,183,0
TCP,355,281,0,145,0
UDP,3594,116,5,4852,1
TCP,124,22,1,381,0
TCP,2023,61,1,276,0
TCP,115,168,0,37,0
TCP,690,11,0,343,0
UDP,1222,123,0,433,0
TCP,91,42,0,911,0
ICMP,618,440,0,91,0
TCP,858,0,0,281,0
TCP,555,26,0,205,0
TCP,231,36,0,168,0
ICMP,75,51,1,206,0
UDP,103,4,1,14,0
TCP,735,63,0,117,0
TCP,373,2,0,685,0
TCP,96,185,0,396,0
UDP,7211,12,0,6217,1
TCP,271,5,0,84,0
TCP,1456,19,0,688,0
UDP,925,51,0,270,0
TCP,1256,3,0,356,0
TCP,1494,10,0,313,0
TCP,196,49,0,101,0
TCP,7331,70,5,8165,1
TCP,593,130,0,127,0
TCP,1116,123,0,889,0
TCP,104,92,0,442,0
ICMP,43,115,0,332,0
UDP,9,9,1,374,0
TCP,0,93,0,126,0
TCP,112,26,0,87,0
UDP,585,141,0,491,0
ICMP,773,56,0,888,0
TCP,703,180,0,157,0
UDP,338,71,0,103,0
TCP,552,131,0,506,0
UDP,151,119,0,206,0
TCP,173,79,0,94,0
TCP,246,390,0,857,0
TCP,181,8,0,561,0
ICMP,883,189,1,105,0
TCP,421,465,0,100,0
TCP,280,129,0,1143,0
UDP,451,67,0,249,0
TCP,57,127,0,550,0
UDP,1245,41,0,14,0
ICMP,6105,64,3,7002,1
TCP,475,31,1,378,0
TCP,282,49,0,292,0
TCP,750,382,0,357,0
ICMP,322,37,0,4845,1
TCP,458,91,0,495,0
TCP,464,181,0,86,0
TCP,522,78,0,41,0
TCP,208,142,0,50,0
UDP,578,193,0,538,0
UDP,660,90,0,1007,0
UDP,225,95,0,220,0
TCP,282,40,1,1330,0
TCP,59,46,0,203,0
UDP,1136,191,0,1202,0
TCP,144,11,1,963,0
UDP,977,12,0,119,0
TCP,742,277,0,425,0
TCP,151,325,0,9,0
TCP,1472,62,0,484,0
TCP,77,160,0,23,0
UDP,73,16,0,710,0
UDP,154,91,1,447,0
TCP,914,18,0,162,0
UDP,370,25,0,306,0
TCP,336,73,0,629,0
ICMP,153,398,0,617,0
TCP,178,5,0,217,0
TCP,147,114,0,422,0
ICMP,391,12,0,196,0
UDP,86,157,0,554,0
TCP,246,41,0,166,0
TCP,1482,168,0,170,0
UDP,401,3,1,438,0
TCP,444,211,0,28,0
UDP,415,45,0,1064,0
UDP,606,33,0,141,0
TCP,896,12,0,337,0
ICMP,2555,22,0,221,0
TCP,414,89,0,288,0
UDP,345,35,0,1261,0
TCP,278,1,1,50,0
UDP,349,69,0,999,0
TCP,188,5,0,562,0
TCP,498,38,0,743,0
UDP,241,16,0,126,0
ICMP,1199,47,0,28,0
TCP,48,71,0,397,0
TCP,397,20,0,596,0
TCP,250,45,0,1403,0
TCP,19,15,0,81,0
ICMP,712,343,0,10,0
TCP,44,32,0,322,0
UDP,475,328,0,368,0
TCP,45,0,0,1574,0
UDP,701,123,0,287,0
UDP,113,121,0,949,0
ICMP,290,55,0,1389,0
TCP,1890,300,0,32,0
TCP,28,14,0,170,0
TCP,706,162,0,118,0
UDP,183,25,0,376,0
TCP,783,115,0,667,0
TCP,998,58,0,320,0
TCP,79,246,0,192,1
ICMP,405,46,0,178,0
TCP,13,143,4,32,1
TCP,12,142,1,461,0
TCP,264,7,0,446,0
TCP,171,80,0,654,0
TCP,1719,198,0,349,0
TCP,187,116,0,176,0
ICMP,1037,79,0,425,0
TCP,66,448,0,459,0
TCP,216,113,0,326,0
TCP,751,35,0,238,0
TCP,214,47,0,203,0
TCP,709,248,0,178,0
UDP,4401,184,7,5817,1
UDP,1532,30,0,376,0
UDP,286,170,0,1170,0
TCP,326,71,0,52,0
TCP,90,166,0,60,0
TCP,78,209,0,544,0
UDP,152,57,1,25,0
TCP,132,346,0,166,0
TCP,127,13,0,459,0
UDP,384,194,1,40,0
UDP,704,126,0,64,0
TCP,96,199,0,106,0
TCP,392,211,0,713,0
TCP,927,48,3,84,0
UDP,484,170,0,489,0
TCP,1949,19,0,948,0
TCP,433,34,0,1051,0
TCP,99,64,0,150,0
TCP,341,3,0,307,0
TCP,986,18,0,257,0
TCP,114,185,0,583,0
TCP,404,261,1,240,0
TCP,204,123,1,930,0
UDP,35,28,0,1858,0
TCP,433,261,0,1220,0
TCP,303,114,0,842,0
TCP,739,134,0,376,0
TCP,699,398,0,236,0
TCP,813,28,0,1188,0
UDP,812,16,0,56,0
TCP,17,22,0,57,1
TCP,2119,92,0,310,0
TCP,267,17,0,380,0
TCP,455,367,0,315,0
TCP,820,43,0,213,0
TCP,517,165,0,1176,0
UDP,846,51,0,1221,0
TCP,705,92,0,470,0
TCP,59,436,0,934,0
UDP,46,68,0,487,0
TCP,423,2,0,365,0
UDP,213,44,0,588,0
TCP,1759,100,0,1097,0
UDP,166,77,0,570,0
ICMP,265,117,0,159,0
TCP,149,13,0,2,0
TCP,1216,216,1,714,0
UDP,637,3,0,650,0
TCP,113,162,0,115,0
TCP,205,311,0,662,0
TCP,59,102,0,360,0
TCP,62,19,0,885,0
TCP,24,181,1,363,0
TCP,94,2,0,36,0
TCP,1048,43,0,182,0
TCP,136,11,0,1473,0
TCP,610,4,0,13,0
TCP,292,230,0,122,0
TCP,119,38,0,821,0
TCP,340,22,0,544,0
TCP,1532,43,0,384,0
TCP,621,308,0,191,0
UDP,250,37,0,370,0
TCP,1240,187,0,114,0
TCP,41,77,0,31,0
TCP,1041,346,0,177,0
UDP,114,136,0,408,0
TCP,155,86,0,897,1
ICMP,718,15,0,20,0
TCP,89,156,0,401,0
TCP,1319,145,0,454,0
UDP,379,133,0,109,0
TCP,772,69,0,199,0
TCP,156,75,0,46,0
UDP,99,93,0,620,0
TCP,82,7,0,4,0
TCP,1091,57,1,155,0
TCP,709,65,0,265,0
UDP,344,48,1,816,0
TCP,616,32,0,244,0
TCP,753,90,0,574,0
TCP,24,344,1,265,0
TCP,107,34,0,770,0
TCP,446,38,0,535,0
ICMP,144,202,0,359,0
TCP,913,11,0,28,0
TCP,1344,124,0,353,0
UDP,406,92,2,448,0
ICMP,1510,144,0,448,0
UDP,206,49,0,16,0
TCP,5,85,0,720,0
TCP,715,136,0,430,0
TCP,194,96,0,383,0
TCP,83,331,0,493,0
ICMP,350,12,0,416,0
TCP,545,22,0,365,0
UDP,123,77,0,539,0
TCP,179,11,0,132,0
UDP,963,18,0,47,0
TCP,7005,221,4,5073,1
TCP,308,111,0,290,0
ICMP,1,73,0,106,0
TCP,554,69,0,249,0
TCP,750,87,0,1000,0
TCP,266,11,0,123,0
TCP,340,2,0,950,0
TCP,321,202,0,84,0
TCP,589,290,0,139,0
TCP,513,397,0,319,0
TCP,135,31,1,421,0
TCP,3792,1,0,5321,1
TCP,456,24,0,863,0
TCP,71,34,0,207,0
TCP,150,141,0,372,0
ICMP,866,125,1,265,0
TCP,13,7,0,925,0
TCP,77,268,0,241,0
TCP,146,96,0,162,0
UDP,880,57,0,237,0
TCP,129,17,0,93,0
TCP,95,34,0,219,0
TCP,309,212,0,21,0
TCP,352,24,0,481,0
TCP,101,219,0,1196,0
TCP,256,329,0,551,0
UDP,66,56,0,149,0
TCP,67,27,0,125,0
TCP,477,118,0,1482,0
UDP,765,204,0,325,0
TCP,543,110,0,151,0
UDP,207,37,0,155,0
TCP,926,289,0,772,0
UDP,2233,130,0,1907,0
UDP,753,1,0,34,0
TCP,166,48,0,228,0
UDP,243,36,0,503,0
TCP,281,292,1,629,0
TCP,464,36,0,773,0
UDP,405,36,0,142,0
ICMP,72,78,0,13,0
TCP,948,4,0,915,0
TCP,162,75,1,366,0
TCP,449,234,0,102,0
UDP,152,24,0,184,0
TCP,265,19,0,1213,0
TCP,493,117,0,240,0
UDP,477,22,0,346,0
TCP,623,190,0,1815,0
TCP,536,19,0,1927,0
TCP,139,288,1,1999,0
TCP,925,46,0,670,0
UDP,1663,8,0,653,0
ICMP,1040,22,0,586,0
UDP,826,98,0,51,0
ICMP,9,11,0,2280,0
TCP,333,154,0,222,0
UDP,46,36,0,130,0
ICMP,57,33,0,76,0
TCP,2,13,0,19,0
TCP,653,330,0,127,0
TCP,71,87,0,377,0
ICMP,980,124,0,2,0
UDP,628,77,0,31,0
TCP,53,179,0,979,0
ICMP,78,214,0,1075,0
TCP,1123,211,0,641,0
TCP,385,111,0,1393,0
TCP,168,119,0,411,0
TCP,1546,29,0,388,0
TCP,787,98,0,210,0
TCP,662,21,0,433,0
TCP,299,90,0,93,0
UDP,5426,71,4,1226,1
UDP,109,68,0,626,0
TCP,133,109,0,256,0
TCP,755,15,0,359,0
TCP,22,175,0,1243,0
UDP,620,28,0,457,0
TCP,736,67,1,161,0
TCP,336,23,0,98,0
UDP,107,26,0,993,0
TCP,423,8,0,429,0
TCP,1,72,1,180,0
UDP,5951,59,0,150,1
TCP,994,269,0,193,0
UDP,46,29,0,174,0
TCP,121,15,0,248,0
ICMP,1225,25,1,128,0
TCP,1188,51,0,282,0
TCP,386,22,0,525,0
UDP,345,30,0,1411,0
TCP,57,19,0,324,0
TCP,145,123,0,103,0
UDP,401,200,0,251,0
TCP,1365,28,0,277,0
TCP,400,240,0,29,0
TCP,121,110,0,457,0
UDP,1746,551,0,116,0
UDP,747,11,0,114,0
TCP,878,14,0,238,0
TCP,969,18,0,492,0
TCP,692,54,0,349,0
TCP,320,80,0,1026,0
TCP,82,7,1,343,0
UDP,679,324,0,991,0
ICMP,367,120,0,509,0
UDP,98,177,0,1475,0
TCP,666,67,0,141,0
TCP,234,103,0,629,0
TCP,36,18,0,447,0
TCP,344,157,0,827,0
TCP,242,10,0,388,0
TCP,635,42,0,1298,0
UDP,11,221,1,845,0
TCP,96,14,0,691,0
UDP,506,398,0,1799,0
UDP,911,41,0,406,0
TCP,224,18,0,281,0
TCP,143,76,0,91,0
TCP,216,99,0,1550,0
TCP,511,15,0,679,0
TCP,553,125,0,24,0
TCP,939,39,0,380,0
TCP,213,4,0,2528,0
TCP,1721,92,0,457,0
UDP,1007,28,0,583,0
TCP,214,11,0,691,0
ICMP,414,129,1,106,0
TCP,584,46,0,427,0
TCP,691,57,0,181,0
TCP,439,223,0,2116,0
TCP,85,93,0,692,0
TCP,801,4,1,285,0
TCP,142,30,1,202,0
TCP,996,269,0,65,0
UDP,493,25,1,309,0
TCP,881,8,0,423,0
UDP,860,149,0,201,0
ICMP,1574,8,0,155,0
TCP,380,18,0,268,0
TCP,7331,84,4,6634,1
UDP,796,22,0,225,0
TCP,44,39,0,83,0
TCP,560,47,0,156,0
UDP,665,37,0,604,0
TCP,1921,85,0,297,0
TCP,157,101,0,251,0
ICMP,45,167,0,269,0
TCP,1489,143,0,816,0
TCP,1034,211,0,123,0
UDP,97,187,0,769,0
TCP,172,171,0,625,0
TCP,202,15,0,526,0
TCP,49,21,0,85,0
TCP,736,125,0,406,0
TCP,467,20,0,346,0
ICMP,1956,163,0,395,0
TCP,5412,4,5,4503,1
TCP,271,209,0,221,0
TCP,176,26,0,230,0
TCP,126,75,0,299,0
UDP,543,186,1,65,0
UDP,311,88,0,238,0
UDP,225,674,0,1048,0
TCP,57,76,0,194,0
TCP,19,36,0,247,0
UDP,138,234,0,940,0
TCP,188,104,2,196,0
TCP,270,362,0,228,0
TCP,858,150,0,50,0
TCP,655,16,0,641,0
TCP,793,85,0,2091,0
TCP,343,15,0,681,0
UDP,472,55,0,203,0
TCP,451,127,0,2123,0
TCP,188,142,0,445,0
TCP,787,175,0,991,0
TCP,105,57,0,373,0
TCP,1327,128,0,0,0
TCP,177,37,0,521,0
TCP,6583,70,5,915,1
TCP,2024,93,0,189,0
TCP,63,115,1,158,0
TCP,187,489,0,41,0
TCP,1259,102,0,199,0
TCP,182,40,0,585,0
TCP,879,65,0,342,0
TCP,446,41,0,235,0
TCP,213,32,1,314,0
ICMP,788,11,0,1275,0
UDP,150,16,0,100,0
TCP,533,25,0,429,0
TCP,482,230,0,250,0
TCP,668,290,0,1130,0
TCP,8104,4,9,4457,1
TCP,631,39,0,761,0
TCP,776,102,0,412,0
TCP,595,75,0,486,0
TCP,1369,73,0,3336,0
UDP,371,150,0,1126,0
TCP,864,54,0,1497,0
TCP,72,19,0,1868,0
ICMP,204,119,0,865,0
ICMP,444,10,0,539,0
TCP,324,77,0,682,0
TCP,363,6,0,152,0
UDP,1328,17,0,1658,0
TCP,658,55,0,149,0
TCP,1351,41,0,759,0
TCP,313,13,0,680,0
ICMP,446,1,0,379,0
TCP,114,81,0,24,0
TCP,105,28,0,137,0
TCP,172,49,0,414,0
TCP,2002,113,0,1135,0
TCP,113,145,0,601,0
TCP,246,74,0,311,0
ICMP,328,336,0,488,0
ICMP,1033,75,0,134,0
TCP,57,105,0,768,0
TCP,1021,4,0,1428,0
TCP,429,12,0,37,0
TCP,634,164,0,1711,0
TCP,345,60,0,665,0
TCP,16,296,0,129,0
TCP,820,24,0,1133,0
TCP,352,69,0,30,0
ICMP,375,621,1,481,0
TCP,504,86,7,269,1
UDP,289,31,0,163,0
TCP,421,41,0,1893,0
TCP,699,165,0,1406,0
ICMP,71,21,0,600,0
ICMP,506,164,0,61,0
UDP,289,12,0,228,0
UDP,856,7,0,14,0
TCP,635,78,0,516,0
UDP,105,190,0,284,0
UDP,290,166,0,544,0
TCP,41,80,0,310,0
TCP,87,118,0,2008,0
TCP,392,292,0,926,0
TCP,33,3,0,512,0
TCP,10,42,0,392,0
TCP,933,158,0,208,0
UDP,64,13,2,5337,1
ICMP,462,26,0,131,0
TCP,321,11,0,1023,0
UDP,1030,409,0,655,0
TCP,481,45,0,667,0
UDP,118,13,0,485,0
TCP,271,143,0,88,0
TCP,184,47,0,231,0
TCP,421,121,0,85,0
TCP,2178,11,0,1760,0
TCP,260,116,0,791,0
UDP,31,56,1,81,0
ICMP,370,47,0,163,0
TCP,523,9,0,193,0
TCP,138,86,0,325,0
TCP,415,87,0,152,0
TCP,217,38,0,661,0
ICMP,105,10,0,324,0
TCP,60,169,0,1029,0
TCP,102,358,0,55,0
TCP,804,22,0,2319,0
TCP,1031,48,0,488,0
TCP,713,39,1,36,0
TCP,1317,294,0,106,0
UDP,105,328,0,523,0
TCP,403,87,0,264,0
UDP,1053,39,0,62,0
TCP,11,58,1,595,0
TCP,30,563,0,832,0
TCP,27,57,0,26,0
TCP,225,20,0,595,0
UDP,346,25,1,642,0
TCP,1209,99,0,1342,0
TCP,6114,94,0,6557,1
TCP,587,122,0,634,0
TCP,351,62,1,900,0
TCP,30,244,0,94,0
TCP,138,44,0,668,0
TCP,730,43,0,948,0
TCP,30,72,1,1710,0
TCP,104,49,0,13,0
TCP,639,49,0,703,0
UDP,1799,17,0,462,0
TCP,497,8,0,1043,0
TCP,422,21,0,120,0
TCP,2,67,0,312,0
UDP,79,132,0,824,0
TCP,33,84,0,1344,0
TCP,717,4,0,326,0
TCP,365,100,0,236,0
TCP,1422,53,0,37,0
UDP,214,453,0,173,0
TCP,436,144,0,1014,0
UDP,284,42,1,848,0
TCP,6237,63,1,7498,1
TCP,991,131,0,734,0
UDP,1178,66,0,123,0
TCP,490,75,0,430,0
TCP,1093,36,0,709,0
UDP,182,20,0,83,0
TCP,119,99,0,213,0
TCP,204,21,0,320,0
TCP,4813,367,0,7614,1
TCP,408,5,0,9,0
TCP,241,163,0,151,0
TCP,538,44,0,1175,0
TCP,1214,78,0,188,0
ICMP,470,72,0,776,0
UDP,202,24,0,193,0
ICMP,125,435,0,235,0
ICMP,349,160,0,325,0
TCP,28,49,1,37,0
TCP,267,71,0,273,0
TCP,311,62,0,69,0
UDP,209,189,0,742,0
TCP,678,4,1,500,0
ICMP,195,322,0,50,0
UDP,605,226,1,336,0
ICMP,437,22,0,384,0
UDP,538,74,0,216,0
TCP,3,106,0,813,0
TCP,977,31,0,1168,0
TCP,423,118,1,948,0
UDP,1,3,0,366,0
TCP,196,31,0,1169,0
TCP,236,9,0,444,0
TCP,5182,207,10,5499,1
UDP,19,52,0,616,0
TCP,291,308,0,749,0
UDP,623,51,0,424,0
ICMP,214,67,0,560,0
TCP,1136,14,0,116,0
TCP,60,304,0,66,0
ICMP,304,81,0,6,0
ICMP,37,11,0,39,0
ICMP,291,82,0,853,0
TCP,8,18,0,762,0
TCP,81,51,0,647,0
TCP,91,57,8,4727,1
TCP,576,166,0,477,0
UDP,733,195,0,27,0
TCP,3210,9,0,34,0
UDP,6,123,0,1419,0
TCP,524,248,0,389,0
TCP,1619,63,0,204,0
TCP,82,215,0,116,0
TCP,1209,24,0,307,0
UDP,125,20,0,387,0
TCP,357,58,0,176,0
TCP,470,283,0,1028,0
TCP,593,4,0,1587,0
TCP,581,115,0,1834,0
TCP,254,59,0,885,0
UDP,726,0,0,319,0
TCP,456,60,0,12,0
TCP,6,10,0,1492,0
UDP,465,318,0,257,0
UDP,569,237,0,3,0
TCP,238,19,0,443,0
TCP,141,124,0,406,0
TCP,308,92,0,665,0
UDP,10,42,0,223,0
ICMP,317,129,0,31,0
TCP,653,279,0,39,0
UDP,875,6,0,504,0
TCP,277,106,1,917,0
UDP,402,104,0,636,0
TCP,119,114,0,421,0
UDP,397,50,0,441,0
TCP,109,105,1,1302,0
TCP,1183,5,0,202,0
ICMP,54,6,0,51,0
TCP,58,91,0,759,0
TCP,248,156,0,247,0
TCP,90,25,0,1213,0
UDP,252,82,0,46,0
TCP,64,1,0,428,0
TCP,774,4,0,57,0
TCP,59,19,0,483,0
TCP,2369,122,1,839,0
TCP,654,36,0,994,0
TCP,4141,241,0,1186,1
TCP,223,126,0,368,0
UDP,389,62,0,574,0
TCP,605,48,0,1437,0
ICMP,735,97,0,134,0
UDP,601,13,0,256,0
TCP,344,92,0,682,0
TCP,5990,11,0,4869,1
UDP,22,21,0,492,0
UDP,1446,17,0,537,0
UDP,444,27,0,540,0
UDP,49,220,0,148,0
TCP,3,12,0,219,0
UDP,503,43,0,159,0
TCP,683,22,0,1239,0
UDP,202,27,0,62,0
ICMP,2138,94,0,39,0
ICMP,424,133,0,1,0
ICMP,90,188,0,907,0
TCP,3,53,0,29,0
ICMP,154,43,0,75,0
TCP,221,67,0,314,0
TCP,635,192,0,114,0
ICMP,1588,116,0,943,0
TCP,631,36,0,629,0
UDP,96,56,0,490,0
TCP,1228,20,0,1570,0
TCP,586,247,0,205,0
TCP,50,108,1,361,0
TCP,152,9,0,806,0
UDP,1147,312,0,569,0
UDP,277,32,0,116,0
TCP,244,63,0,407,0
TCP,18,163,0,76,0
ICMP,475,24,0,970,0
TCP,231,103,0,35,0
TCP,82,144,0,63,0
TCP,37,204,0,162,0
TCP,138,22,0,1284,0
ICMP,78,22,0,205,0
UDP,876,320,0,727,0
TCP,11,66,0,24,0
TCP,537,52,0,900,0
TCP,114,20,0,315,0
ICMP,625,151,0,197,0
TCP,725,84,0,622,0
UDP,109,104,0,113,0
TCP,118,215,1,38,0
TCP,1318,4,0,208,0
TCP,122,70,0,19,0
TCP,6800,149,6,542,1
ICMP,93,72,0,4,0
ICMP,631,97,0,589,0
ICMP,1352,348,0,900,0
TCP,143,15,0,1433,0
TCP,910,53,1,975,0
ICMP,880,55,0,89,0
TCP,75,30,0,113,0
ICMP,690,22,0,411,0
UDP,980,64,0,299,0
TCP,80,32,0,38,0
TCP,201,126,0,59,0
TCP,524,57,0,5,0
TCP,626,184,0,460,0
ICMP,519,77,0,186,0
UDP,394,158,0,219,0
TCP,119,548,0,1616,0
TCP,351,69,0,259,0
TCP,12,203,0,824,0
ICMP,596,96,0,344,0
TCP,536,138,0,706,0
TCP,1821,198,0,892,0
UDP,192,164,0,122,0
TCP,33,17,0,217,0
TCP,37,74,1,258,0
UDP,105,108,0,282,0
TCP,76,7,1,410,0
TCP,189,138,0,498,0
TCP,6527,176,6,4650,1
UDP,673,1,0,24,0
TCP,1251,264,0,4304,1
TCP,71,54,0,164,0
TCP,431,133,0,198,0
TCP,255,22,1,468,0
TCP,121,148,0,133,0
TCP,6428,102,6,216,1
TCP,566,64,0,987,0
TCP,228,159,0,383,0
TCP,664,64,0,78,0
TCP,899,211,0,156,0
ICMP,243,171,5,7457,1
UDP,9,337,0,322,0
TCP,1193,37,0,92,0
TCP,427,77,0,66,0
TCP,2471,28,1,81,0
TCP,247,48,0,125,0
ICMP,153,91,0,283,0
TCP,939,53,0,352,0
TCP,311,181,0,407,0
TCP,889,156,0,37,0
TCP,73,48,6,6588,1
TCP,2640,173,0,555,0
TCP,633,24,0,402,0
TCP,1443,21,0,549,0
TCP,616,56,0,793,0
TCP,268,60,0,89,0
UDP,4906,251,8,835,1
TCP,791,26,0,1336,0
TCP,482,138,0,141,0
TCP,1116,3,0,147,0
TCP,439,160,0,548,0
TCP,491,44,0,226,0
TCP,67,178,0,440,0
ICMP,20,63,0,336,0
TCP,980,350,0,878,0
TCP,1745,90,0,129,0
TCP,313,20,0,745,0
TCP,53,155,0,150,0
UDP,916,34,0,67,0
TCP,201,118,0,92,0
TCP,65,290,0,964,0
TCP,636,31,0,319,0
TCP,993,99,0,1865,0
TCP,9,33,0,98,0
TCP,116,193,0,232,0
UDP,16,302,0,1032,0
UDP,1506,77,0,301,0
UDP,77,10,0,140,0
TCP,162,1,2,394,0
TCP,16,177,0,400,0
ICMP,4459,284,7,5335,1
TCP,546,50,0,599,0
TCP,53,158,0,445,0
TCP,275,109,0,61,0
UDP,1871,55,0,203,0
UDP,477,89,0,500,0
TCP,1110,183,0,451,0
TCP,84,60,0,252,0
TCP,78,52,0,166,0
TCP,624,58,0,115,0
ICMP,116,31,0,246,0
TCP,75,12,0,346,0
UDP,408,59,0,814,0
TCP,378,171,0,249,0
UDP,4724,14,5,7575,1
UDP,21,103,0,27,0
TCP,659,183,0,124,0
UDP,319,208,0,1006,0
TCP,183,216,0,138,0
TCP,4237,345,8,6027,1
TCP,2043,36,0,1285,0
TCP,115,69,0,294,0
UDP,1431,7,0,676,0
TCP,43,76,0,213,0
ICMP,1354,30,0,1082,0
TCP,716,304,0,245,0
UDP,91,177,0,568,0
TCP,31,54,0,5,0
UDP,1185,124,0,1010,0
TCP,483,26,0,423,0
TCP,306,202,0,425,0
TCP,305,19,0,688,0
TCP,1036,49,0,15,0
UDP,169,140,0,773,0
TCP,310,16,0,61,0
TCP,95,21,0,511,0
ICMP,29,188,0,629,0
TCP,389,23,0,327,0
TCP,687,66,0,106,0
TCP,578,11,0,513,0
TCP,237,77,1,750,0
TCP,244,45,1,30,0
TCP,113,105,0,151,0
UDP,247,33,0,1587,0
TCP,65,37,0,287,0
TCP,1380,82,0,487,0
TCP,61,163,0,326,0
TCP,203,9,0,8,0
TCP,187,24,0,1398,0
TCP,75,18,0,53,0
TCP,83,253,0,125,0
UDP,302,54,0,317,0
UDP,198,232,0,85,0
TCP,215,111,0,235,0
ICMP,63,3,0,705,0
TCP,6,75,0,941,0
TCP,2,93,5,5429,1
TCP,545,15,0,1171,0
ICMP,292,28,0,888,0
UDP,7842,108,5,20,1
TCP,53,118,0,108,0
TCP,67,34,0,2218,0
UDP,64,260,0,15,0
UDP,68,69,0,122,0
TCP,708,142,0,412,0
ICMP,3,114,0,369,0
UDP,80,14,0,14,0
TCP,292,116,0,547,0
TCP,116,39,0,469,1
UDP,827,40,0,913,0
TCP,290,22,0,90,0
ICMP,466,73,0,1369,0
UDP,357,35,1,436,0
TCP,288,23,0,508,0
TCP,164,261,1,133,0
TCP,1010,78,0,413,0
TCP,153,23,0,184,0
TCP,1393,75,1,1176,0
TCP,166,44,0,1186,0
UDP,66,64,0,35,0
TCP,264,62,0,1670,0
TCP,458,17,0,295,0
TCP,1,146,0,1,0
UDP,430,22,0,301,0
UDP,4178,214,0,2018,0
TCP,490,139,1,86,0
TCP,238,79,0,30,0
TCP,12,340,1,426,0
ICMP,531,57,0,76,0
ICMP,7703,10,0,61,1
TCP,269,67,0,513,0
TCP,83,54,0,75,0
UDP,1666,112,0,5,0
UDP,441,5,0,728,0
TCP,237,367,0,939,0
TCP,263,126,0,172,0
TCP,726,339,1,253,0
TCP,717,101,0,339,0
TCP,143,186,0,256,0
TCP,630,164,0,1100,0
UDP,430,172,0,29,0
TCP,31,177,0,632,0
TCP,118,84,0,629,0
UDP,129,46,0,72,0
UDP,225,112,0,853,0
TCP,265,3,0,505,0
TCP,202,46,0,246,0
TCP,671,87,4,5742,1
TCP,831,6,0,3,0
TCP,341,124,1,7214,1
TCP,743,400,1,388,0
TCP,177,156,0,560,0
TCP,838,248,0,83,0
UDP,298,28,0,61,0
TCP,814,175,0,112,0
UDP,357,64,0,49,0
TCP,1369,97,0,384,0
TCP,479,21,0,1354,0
TCP,1078,161,0,473,0
TCP,30,194,0,186,0
TCP,553,48,0,598,0
TCP,435,53,0,98,0
TCP,389,111,0,774,0
UDP,48,65,0,787,0
TCP,594,86,0,728,0
TCP,669,169,0,1719,0
UDP,1719,50,0,247,0
TCP,433,86,0,22,0
ICMP,543,76,0,248,0
TCP,484,127,0,233,0
ICMP,300,146,0,330,0
TCP,643,1,0,301,0
TCP,528,460,0,156,0
UDP,230,136,0,183,0
UDP,184,11,0,399,0
TCP,5663,114,1,454,1
TCP,866,37,0,932,0
TCP,500,4,0,1522,0
TCP,165,48,0,82,0
TCP,20,33,1,879,0
TCP,108,136,0,2388,0
UDP,66,151,0,535,0
UDP,1492,59,0,702,0
TCP,540,15,0,310,0
TCP,1836,176,0,897,0
UDP,5549,188,6,4517,1
TCP,391,41,0,782,0
TCP,384,42,0,99,0
TCP,378,63,0,787,0
UDP,223,37,0,132,0
UDP,581,12,0,445,0
TCP,51,127,0,242,0
TCP,382,377,0,352,0
TCP,73,100,0,35,0
ICMP,5802,251,8,69,1
TCP,380,192,0,473,0
TCP,187,8,1,730,0
TCP,912,66,0,32,0
TCP,448,170,0,211,0
ICMP,371,146,0,329,0
TCP,311,632,0,795,0
TCP,61,30,0,499,0
TCP,35,50,0,672,0
TCP,1038,8,1,808,0
UDP,510,0,0,68,0
UDP,7041,55,0,303,1
ICMP,70,44,0,778,0
TCP,687,257,0,1005,0
TCP,694,33,0,134,0
UDP,97,3,0,106,0
TCP,289,20,0,38,0
TCP,199,29,0,247,0
TCP,303,210,0,707,0
TCP,5,222,0,439,0
UDP,36,93,0,135,0
UDP,16,373,1,1,0
TCP,817,4,4,4281,1
UDP,901,273,5,5341,1
TCP,1491,8,0,820,0
TCP,1163,31,1,490,0
ICMP,461,159,0,253,0
UDP,496,84,0,330,0
TCP,213,271,0,648,0
UDP,1534,10,0,360,0
ICMP,1838,31,0,465,0
TCP,1165,183,0,42,0
TCP,219,168,0,77,0
UDP,171,65,0,184,0
ICMP,2258,202,0,269,0
TCP,108,72,1,84,0
TCP,628,10,4,6313,1
UDP,1184,11,0,537,0
UDP,7064,23,11,6178,1
ICMP,451,87,0,70,0
TCP,823,6,0,1457,0
TCP,1086,62,0,439,0
UDP,306,119,0,206,0
TCP,435,40,0,349,0
TCP,555,22,0,65,0
TCP,730,34,0,157,0
ICMP,5961,196,0,4935,1
TCP,594,15,1,168,0
TCP,1087,35,0,134,0
TCP,1014,52,0,805,0
TCP,24,48,0,279,0
TCP,757,32,0,210,0
TCP,180,369,0,161,0
UDP,59,153,0,147,0
TCP,29,7,0,446,0
UDP,1048,54,0,373,0
UDP,1362,19,0,87,0
TCP,421,93,0,227,0
TCP,1039,3,0,618,0
TCP,917,157,0,267,0
TCP,610,132,0,393,0
TCP,6657,123,0,4316,1
TCP,34,1,0,91,0
UDP,579,138,0,647,0
TCP,338,81,5,6617,1
TCP,196,57,0,208,0
TCP,874,16,0,682,0
ICMP,1166,26,0,6,0
TCP,401,221,1,1630,0
UDP,222,15,0,637,0
ICMP,52,59,0,1957,0
TCP,324,17,0,442,0
UDP,621,86,0,251,0
UDP,167,205,0,133,0
TCP,1371,36,0,206,0
TCP,420,83,0,434,0
UDP,133,307,0,589,0
TCP,70,115,0,85,0
TCP,101,2,0,142,0
TCP,116,60,0,113,0
TCP,556,275,0,515,0
TCP,737,43,0,1178,0
UDP,333,31,0,112,0
ICMP,2185,17,0,669,0
TCP,707,132,0,308,0
UDP,42,110,0,426,0
ICMP,209,89,0,115,0
TCP,299,49,0,379,0
TCP,680,94,0,89,0
TCP,170,30,0,733,0
TCP,1534,5,0,251,0
TCP,289,49,0,36,0
TCP,436,83,0,265,0
TCP,10,193,0,66,0
UDP,1028,13,1,444,0
TCP,14,50,0,211,0
TCP,878,49,0,933,0
ICMP,1312,194,0,1142,0
TCP,775,208,0,606,0
UDP,75,50,0,2,0
UDP,570,47,0,1341,0
UDP,537,66,0,11,0
TCP,2774,102,4,455,1
TCP,117,416,8,3971,1
TCP,349,140,0,224,0
TCP,271,226,0,407,0
TCP,876,37,0,128,0
TCP,5234,145,5,5967,1
TCP,679,105,1,756,0
ICMP,38,45,0,89,0
TCP,1627,101,0,82,0
TCP,99,155,0,576,0
TCP,610,5,0,48,0
UDP,636,50,0,120,0
UDP,178,62,1,818,0
TCP,162,37,0,272,0
TCP,40,45,0,50,0
TCP,186,31,0,1786,0
TCP,160,81,0,124,0
TCP,615,34,0,240,0
ICMP,172,34,0,315,0
UDP,279,67,0,435,0
ICMP,427,11,0,294,0
TCP,1040,33,0,663,0
TCP,2397,62,0,35,0
TCP,308,77,0,1333,0
TCP,108,489,0,562,0
UDP,810,86,0,408,0
TCP,6754,119,0,106,1
TCP,198,48,0,220,0
TCP,346,257,1,661,0
TCP,703,32,0,703,0
TCP,1254,125,0,352,0
TCP,1135,2,0,144,0
ICMP,986,132,0,898,0
ICMP,739,42,0,119,0
UDP,5552,351,7,1194,1
ICMP,776,121,0,249,0
ICMP,386,22,0,379,0
UDP,517,105,0,1843,0
UDP,280,71,0,543,0
TCP,647,44,0,134,0
TCP,229,155,0,6,0
TCP,761,79,0,703,0
TCP,612,1,0,415,0
TCP,235,14,0,116,0
TCP,91,147,0,783,0
TCP,470,17,0,33,0
UDP,537,30,1,218,0
TCP,484,10,0,370,0
ICMP,3246,95,0,13,0
TCP,3433,108,0,73,0
TCP,211,112,0,129,0
TCP,416,25,0,1042,0
UDP,543,146,0,576,0
TCP,344,125,0,1081,0
UDP,5827,148,7,381,1
UDP,1211,171,0,729,0
UDP,79,77,0,723,0
TCP,1043,78,0,253,0
TCP,407,300,0,374,0
ICMP,512,71,0,1130,0
TCP,426,11,0,228,0
TCP,349,10,0,1423,0
TCP,552,80,1,1334,0
TCP,976,290,0,67,0
TCP,460,13,0,1750,0
TCP,1593,378,0,2451,0
UDP,49,91,0,91,0
ICMP,360,86,0,1786,0
TCP,1111,180,0,1141,0
ICMP,203,6,0,180,0
TCP,69,234,0,254,0
UDP,18,118,1,354,0
TCP,6,12,0,595,0
TCP,541,67,0,1117,0
TCP,260,71,0,938,0
TCP,42,344,0,144,0
TCP,954,84,0,250,0
TCP,822,163,0,356,0
TCP,221,8,0,309,0
TCP,153,108,7,1035,1
TCP,1706,58,0,15,0
TCP,1006,242,0,225,0
TCP,122,4,0,600,0
TCP,1968,263,0,638,0
TCP,151,33,0,85,0
UDP,49,166,1,1280,0
UDP,387,120,9,43,1
TCP,326,13,0,138,0
TCP,699,46,0,457,0
TCP,39,14,0,49,0
TCP,299,88,1,478,0
TCP,117,6,1,2241,0
TCP,151,97,0,652,0
TCP,1379,0,0,89,0
TCP,566,7,0,569,0
TCP,479,177,0,307,0
TCP,252,113,0,152,0
TCP,61,71,0,63,0
TCP,1570,22,0,84,0
TCP,14,142,4,4044,1
ICMP,420,271,0,117,0
TCP,1096,120,1,656,0
TCP,1183,49,0,32,0
TCP,259,97,0,240,0
UDP,264,16,1,86,0
TCP,499,41,0,1392,0
UDP,6618,41,13,5528,1
TCP,31,329,1,620,0
TCP,454,57,0,520,0
TCP,321,75,0,301,0
TCP,283,197,0,5552,1
TCP,319,67,0,1827,0
TCP,70,9,0,1006,0
UDP,747,55,0,131,0
ICMP,1432,4,0,419,0
ICMP,638,111,0,53,0
ICMP,2780,164,0,551,0
ICMP,583,5,0,281,0
ICMP,13,233,0,124,0
TCP,2,75,1,759,0
TCP,166,44,0,451,0
TCP,4842,8,0,5627,1
UDP,37,61,4,463,1
TCP,944,85,0,61,0
ICMP,550,157,0,988,0
TCP,164,291,0,57,0
TCP,246,85,0,112,0
TCP,412,316,0,55,0
ICMP,94,54,0,881,0
TCP,130,6,0,51,0
ICMP,356,33,0,256,0
TCP,1507,45,0,355,0
ICMP,292,95,0,101,0
TCP,1074,53,1,6,0
TCP,604,103,0,850,0
TCP,226,39,0,80,0
TCP,1290,70,0,952,0
TCP,758,333,0,210,0
ICMP,441,86,0,33,0
TCP,184,8,0,207,0
TCP,282,16,0,78,0
UDP,186,154,0,573,0
TCP,194,50,0,455,0
TCP,145,164,0,149,0
TCP,882,25,0,2209,0
TCP,640,11,1,891,0
ICMP,16,18,0,906,0
TCP,87,70,0,1670,0
ICMP,38,44,0,681,0
TCP,235,121,0,244,0
TCP,769,2,0,479,0
TCP,82,385,0,597,0
TCP,49,192,0,121,0
ICMP,220,1,0,802,0
TCP,120,9,0,1309,0
TCP,823,77,0,119,0
TCP,443,5,1,365,0
TCP,55,45,0,154,0
UDP,9,233,0,837,0
TCP,115,51,0,471,0
UDP,108,40,0,71,0
ICMP,684,56,0,454,0
TCP,561,135,1,22,0
TCP,67,156,0,615,0
TCP,23,14,1,709,0
UDP,468,117,0,751,0
ICMP,344,40,1,440,0
TCP,134,32,1,495,0
TCP,51,31,1,118,0
TCP,338,90,0,14,0
UDP,302,447,0,33,0
TCP,859,123,0,338,0
ICMP,707,73,0,325,0
TCP,719,40,0,223,0
TCP,358,14,1,196,0
TCP,369,37,1,942,0
TCP,1651,50,0,1477,0
UDP,791,131,0,351,0
UDP,4238,61,0,12,0
ICMP,161,80,0,183,0
UDP,558,17,0,1087,0
TCP,341,155,0,805,0
TCP,71,36,0,907,0
TCP,176,19,1,270,0
TCP,71,59,0,349,0
ICMP,830,24,0,200,0
TCP,1352,49,0,987,0
TCP,730,6,0,743,0
TCP,1577,7,0,241,0
TCP,351,8,0,22,0
TCP,628,459,0,74,0
UDP,1155,244,0,446,0
TCP,23,136,1,691,0
TCP,266,182,0,1489,0
ICMP,22,57,0,841,0
TCP,5329,129,0,6550,1
TCP,226,22,0,1414,0
TCP,37,113,1,414,0
TCP,418,62,0,109,0
TCP,193,105,0,105,0
TCP,265,12,0,383,0
TCP,1392,18,0,948,0
UDP,828,111,1,589,0
UDP,98,3,1,535,0
UDP,494,56,0,37,0
TCP,629,32,0,516,0
TCP,164,110,0,85,0
TCP,796,43,0,1013,0
UDP,2412,21,0,3,0
TCP,387,199,0,325,0
TCP,444,27,0,176,0
UDP,111,44,0,1189,0
TCP,900,21,0,767,0
TCP,198,268,0,397,0
UDP,328,27,0,275,0
TCP,95,73,0,335,0
TCP,1180,170,0,770,0
TCP,374,23,0,814,0
UDP,228,641,0,178,0
TCP,204,38,0,855,0
TCP,386,258,0,5,0
TCP,4516,19,0,458,1
TCP,367,29,0,47,0
UDP,1555,118,1,407,0
TCP,199,19,1,244,0
UDP,120,127,0,895,0
TCP,423,51,0,36,0
UDP,269,30,0,665,0
ICMP,73,16,0,51,0
TCP,42,14,0,418,0
TCP,2025,113,0,452,0
TCP,49,191,0,1640,0
ICMP,535,291,0,343,0
UDP,69,49,0,128,0
TCP,1003,99,0,379,0
TCP,692,51,0,2352,0
TCP,780,98,0,86,0
UDP,229,44,0,517,0
TCP,235,109,0,1,0
TCP,549,154,0,888,0
ICMP,165,106,0,387,0
TCP,383,48,0,411,0
TCP,123,431,0,183,0
ICMP,2217,27,0,16,0
TCP,845,28,0,372,0
UDP,1299,23,0,796,0
TCP,1528,122,0,59,0
TCP,2068,83,0,945,0
TCP,875,396,0,193,0
TCP,336,40,0,94,0
ICMP,360,542,0,803,0
TCP,37,234,0,426,0
TCP,273,193,0,452,0
TCP,113,36,0,1354,0
TCP,74,38,0,1306,0
TCP,9,198,0,671,0
TCP,1099,1,0,772,0
TCP,343,151,0,202,0
ICMP,185,29,0,338,0
TCP,217,40,0,208,0
ICMP,233,239,0,530,0
UDP,237,31,0,585,0
TCP,521,73,0,71,0
TCP,570,35,0,936,0
ICMP,918,134,0,22,0
ICMP,258,49,0,739,0
TCP,688,107,0,224,0
TCP,397,14,0,51,0
TCP,443,37,1,50,0
ICMP,576,301,0,482,0
TCP,1062,26,0,443,0
ICMP,74,4,0,2054,0
TCP,686,149,0,357,0
TCP,378,240,0,476,0
TCP,250,66,0,634,0
UDP,4908,186,5,31,1
TCP,85,137,0,651,0
TCP,635,43,0,574,0
UDP,254,67,0,546,0
UDP,52,157,0,24,0
ICMP,22,144,0,291,0
UDP,41,19,0,244,0
TCP,73,40,0,16,0
UDP,292,18,0,379,0
ICMP,111,198,0,985,0
UDP,180,248,1,14,0
TCP,16,125,0,1137,0
TCP,1196,14,0,157,0
TCP,571,104,0,879,0
ICMP,410,226,0,221,0
ICMP,140,52,0,1719,0
TCP,73,18,0,45,0
TCP,349,28,0,993,0
TCP,213,13,0,381,0
TCP,184,92,0,2149,0
ICMP,166,6,0,179,0
ICMP,435,33,0,325,0
TCP,311,48,0,422,0
TCP,422,32,0,816,0
TCP,279,87,0,798,0
TCP,799,29,1,225,0
TCP,434,3,0,475,0
ICMP,24,285,0,34,0
TCP,310,273,0,628,0
ICMP,190,63,0,1087,0
TCP,538,4,2,1208,0
TCP,382,19,0,77,0
TCP,1061,13,0,131,0
TCP,177,87,0,33,0
TCP,19,273,0,77,0
TCP,530,17,0,295,0
UDP,392,82,0,5046,1
TCP,620,105,0,148,0
TCP,615,130,0,93,0
TCP,760,329,0,58,0
TCP,460,23,0,149,0
TCP,140,24,0,242,0
TCP,627,165,0,363,0
TCP,57,153,0,173,0
TCP,339,156,0,1127,0
TCP,989,4,0,163,0
TCP,811,37,0,894,0
TCP,1433,331,0,609,0
TCP,363,173,0,712,0
UDP,33,146,0,363,0
TCP,847,10,1,18,0
TCP,900,69,0,120,0
TCP,85,103,0,856,0
ICMP,67,59,0,699,0
TCP,852,154,0,11,0
TCP,673,32,7,4850,1
TCP,62,76,0,1036,0
UDP,199,181,0,559,0
TCP,250,35,1,426,0
TCP,294,107,0,264,0
TCP,233,29,0,335,0
TCP,183,157,0,355,0
TCP,721,141,0,229,0
TCP,1390,140,0,6273,1
UDP,93,137,5,6173,1
UDP,279,282,0,112,0
TCP,568,272,1,1996,0
TCP,248,98,0,430,0
TCP,253,162,1,126,0
TCP,479,140,0,730,0
ICMP,1083,270,0,27,0
UDP,201,231,0,571,0
TCP,445,16,0,84,0
ICMP,545,302,0,694,0
ICMP,217,31,0,269,0
UDP,8,26,1,306,0
TCP,98,263,0,692,0
TCP,176,279,1,198,0
TCP,762,76,0,879,0
TCP,908,81,0,73,0
TCP,233,13,0,38,0
TCP,169,6,0,60,0
UDP,1147,162,0,687,0
TCP,154,26,0,299,0
TCP,36,162,0,93,0
TCP,568,258,0,27,0
TCP,315,49,0,30,0
TCP,27,247,0,508,0
TCP,147,21,1,210,0
ICMP,491,52,2,366,0
UDP,72,66,0,509,0
ICMP,4107,97,4,213,1
UDP,6079,20,5,4850,1
TCP,1610,47,0,519,0
TCP,108,39,0,26,0
TCP,815,38,0,166,0
UDP,253,119,1,242,0
TCP,163,96,0,434,0
UDP,52,61,0,1281,0
TCP,162,36,0,307,0
UDP,114,96,0,399,0
TCP,4397,39,10,6126,1
TCP,92,28,0,1321,0
TCP,620,86,0,52,0
ICMP,1202,137,0,778,0
ICMP,195,41,0,30,0
TCP,672,8,0,378,0
ICMP,1234,160,0,48,0
UDP,1859,9,0,184,0
UDP,480,67,0,112,0
TCP,713,349,0,223,0
TCP,272,65,0,264,0
TCP,8,55,1,244,0
UDP,341,10,0,156,0
UDP,304,298,0,147,0
TCP,519,1,0,351,0
UDP,837,43,0,48,1
UDP,2849,79,2,603,0
UDP,2047,8,1,1395,0
TCP,888,36,0,381,0
TCP,80,49,0,13,0
ICMP,1124,303,0,7,0
TCP,807,61,0,631,0
TCP,1285,32,0,162,0
ICMP,18,208,0,145,0
TCP,756,27,1,1097,0
TCP,784,77,0,3336,0
TCP,172,4,0,322,0
TCP,35,129,0,234,0
TCP,1411,170,0,253,0
UDP,242,70,0,597,0
TCP,240,18,0,138,0
TCP,46,27,0,367,0
TCP,2258,1,0,452,0
TCP,198,5,1,610,0
TCP,102,30,0,271,0
TCP,1037,129,1,279,0
TCP,155,188,0,629,0
UDP,17,14,0,54,0
TCP,1492,76,0,172,0
UDP,288,53,0,145,0
TCP,269,224,0,23,0
TCP,538,15,1,283,0
ICMP,173,795,0,1016,0
ICMP,275,23,1,110,0
TCP,650,15,0,358,0
TCP,368,88,0,957,0
UDP,451,529,0,82,0
TCP,188,18,0,389,0
ICMP,124,16,0,1003,0
TCP,254,4,0,424,0
TCP,578,31,0,2199,0
TCP,834,38,0,397,0
TCP,161,63,0,282,0
TCP,8,61,0,1076,0
UDP,198,21,1,1103,0
TCP,866,38,0,1327,0
ICMP,284,13,0,500,0
UDP,243,116,0,770,0
TCP,25,6,0,15,0
TCP,307,5,0,449,0
UDP,109,9,0,432,0
TCP,39,143,0,476,0
TCP,1231,37,0,1569,0
ICMP,80,54,0,1137,0
ICMP,6006,345,9,3867,1
UDP,399,98,1,1553,0
TCP,449,220,1,294,0
TCP,99,69,0,515,0
TCP,214,27,0,433,0
ICMP,364,341,0,323,0
TCP,2252,124,0,222,0
TCP,1318,3,0,130,0
TCP,749,12,0,44,0
UDP,69,24,0,90,0
TCP,167,77,0,1476,0
TCP,217,248,0,74,0
TCP,326,140,0,1853,0
TCP,61,131,0,178,0
ICMP,200,8,0,406,0
TCP,2195,99,0,68,0
ICMP,11,64,0,622,0
TCP,88,7,0,499,0
TCP,797,67,1,62,0
UDP,2080,230,0,1119,0
TCP,61,21,0,2615,0
TCP,90,3,0,178,0
ICMP,990,70,0,2231,0
TCP,746,88,0,79,0
TCP,431,38,0,634,0
TCP,1421,119,0,2153,0
TCP,271,3,0,173,0
ICMP,126,52,0,93,0
ICMP,1007,37,0,91,0
TCP,4796,172,6,4745,1
TCP,1551,118,0,89,0
TCP,1018,95,0,517,0
UDP,36,4,0,171,0
TCP,484,33,0,223,0
TCP,1349,86,1,63,0
ICMP,435,56,0,518,0
UDP,110,151,1,403,0
TCP,739,73,0,108,0
TCP,175,17,0,89,0
ICMP,116,244,0,1062,0
TCP,155,114,0,32,0
TCP,510,10,0,358,0
TCP,90,2,0,5,0
TCP,764,98,0,651,0
TCP,37,164,0,454,0
UDP,707,50,0,393,0
TCP,84,34,0,287,0
TCP,5393,60,9,157,1
TCP,2752,7,0,188,0
TCP,351,45,0,3893,1
UDP,219,12,0,114,0
UDP,161,592,0,1745,0
TCP,327,185,0,724,0
TCP,232,60,1,786,0
TCP,114,60,0,419,0
TCP,45,21,0,336,0
TCP,654,17,0,1035,0
TCP,238,9,0,504,0
TCP,108,131,0,56,0
TCP,1205,41,0,1422,0
ICMP,112,102,0,352,0
TCP,503,100,0,1292,0
TCP,297,14,0,482,0
TCP,1178,47,0,341,0
TCP,271,275,0,467,0
TCP,226,310,0,1662,0
TCP,167,67,0,346,0
TCP,54,171,0,333,0
UDP,475,248,0,675,0
UDP,869,37,0,182,0
UDP,237,131,0,895,0
TCP,4197,3,5,4687,1
TCP,181,31,0,149,0
UDP,117,110,0,2088,0
ICMP,684,126,0,1095,0
TCP,467,16,0,2763,0
UDP,928,1,0,748,0
TCP,48,23,0,297,0
UDP,1072,100,0,86,0
TCP,543,320,0,11,0
TCP,975,4,0,159,0
TCP,365,94,0,122,0
TCP,135,246,0,191,0
UDP,359,53,0,688,0
TCP,372,113,0,42,0
ICMP,126,32,0,499,0
TCP,34,60,0,257,0
TCP,320,16,0,54,0
TCP,435,144,0,338,0
TCP,828,22,1,40,0
TCP,659,75,0,1517,0
TCP,957,16,0,172,0
TCP,243,49,0,103,0
TCP,2223,139,0,639,0
TCP,471,39,0,862,0
TCP,182,104,0,971,0
TCP,259,25,0,1254,0
TCP,1045,240,0,76,0
TCP,235,34,0,1294,0
TCP,394,201,0,104,0
UDP,106,374,0,195,0
TCP,342,175,0,120,0
TCP,286,8,0,70,0
TCP,585,28,0,279,0
ICMP,831,5,0,872,0
ICMP,97,75,0,1547,0
UDP,29,42,0,333,0
TCP,420,92,0,39,0
TCP,126,153,0,98,0
TCP,393,64,0,458,0
TCP,854,16,0,419,0
TCP,763,75,3,177,0
TCP,235,11,0,31,0
TCP,505,107,0,1827,0
TCP,1254,135,0,736,0
TCP,119,23,0,582,0
TCP,648,131,1,342,0
UDP,136,10,0,147,0
TCP,486,23,0,214,0
TCP,315,142,0,225,0
UDP,114,16,0,1206,0
TCP,11,248,0,80,0
TCP,391,28,0,998,0
TCP,3128,63,4,6022,1
TCP,747,24,0,153,0
TCP,198,92,0,789,0
UDP,42,18,0,1063,0
TCP,89,199,1,407,0
TCP,122,80,0,415,0
TCP,294,148,0,61,0
ICMP,357,111,0,192,0
TCP,662,337,0,1107,0
TCP,153,42,0,391,0
TCP,297,13,0,77,0
TCP,68,2,0,1278,0
ICMP,293,55,0,73,1
ICMP,1884,75,0,284,0
TCP,23,68,0,1250,0
TCP,22,37,0,175,0
UDP,118,281,0,332,0
TCP,576,2,0,611,0
TCP,6845,223,9,5463,1
UDP,542,9,0,874,0
UDP,6724,72,0,699,1
TCP,43,6,1,673,0
TCP,3412,19,0,310,0
UDP,416,97,0,210,0
TCP,73,55,0,714,0
TCP,258,1,0,149,0
UDP,23,159,0,463,0
TCP,504,72,0,636,0
TCP,280,57,0,2189,0
TCP,37,70,0,308,0
TCP,118,106,0,408,0
TCP,139,249,0,312,0
TCP,408,101,0,509,0
UDP,1681,3,1,46,0
TCP,1434,128,0,433,0
UDP,526,90,0,453,0
ICMP,133,112,0,410,0
TCP,103,69,0,309,0
TCP,2173,70,0,763,0
TCP,456,141,5,4348,1
TCP,330,26,0,52,0
TCP,79,249,0,128,0
ICMP,116,36,0,1153,0
ICMP,136,17,0,610,0
TCP,97,76,0,759,0
TCP,125,60,0,540,0
UDP,153,54,0,67,0
UDP,326,25,0,59,0
TCP,37,295,0,682,0
TCP,362,93,0,1439,0
TCP,86,16,0,375,0
TCP,596,1,0,770,0
TCP,17,72,0,235,0
TCP,91,97,1,499,0
TCP,484,354,0,153,0
UDP,1220,28,0,416,0
UDP,1401,39,0,590,0
UDP,1426,106,1,113,1
UDP,285,91,0,627,0
TCP,726,5,0,634,0
UDP,738,33,0,54,0
TCP,272,78,0,386,0
UDP,701,18,5,4277,1
ICMP,201,260,0,938,0
TCP,36,156,0,874,0
UDP,102,49,0,345,0
TCP,124,99,0,741,0
UDP,310,51,0,267,0
TCP,65,4,0,491,0
TCP,747,63,0,95,0
TCP,172,244,0,1663,0
TCP,344,13,0,1384,0
TCP,318,122,0,91,0
UDP,1021,204,0,320,0
TCP,992,25,0,11,0
TCP,5418,306,0,3698,1
TCP,245,17,0,527,0
UDP,222,33,0,1838,0
TCP,878,74,0,2268,0
TCP,17,133,0,453,0
TCP,1089,21,1,298,0
TCP,95,136,0,379,0
TCP,117,117,0,598,0
TCP,324,96,0,95,0
TCP,615,31,0,197,0
TCP,223,138,0,330,0
TCP,434,120,0,120,0
TCP,859,88,0,584,0
TCP,44,25,0,993,0
TCP,1361,139,0,420,0
TCP,41,36,0,176,0
TCP,83,60,0,487,0
TCP,56,96,0,42,0
TCP,887,80,0,692,0
TCP,263,160,0,146,0
TCP,348,18,0,208,0
UDP,14,82,0,589,0
TCP,328,135,0,246,0
TCP,322,159,0,333,0
TCP,37,41,0,110,0
TCP,439,31,1,28,0
TCP,48,25,0,1495,0
TCP,613,53,0,49,0
TCP,163,41,0,545,0
TCP,71,11,0,300,0
ICMP,724,12,1,337,0
TCP,1088,232,0,261,0
TCP,170,5,1,111,0
TCP,108,32,0,741,0
UDP,540,196,0,541,0
UDP,763,119,0,314,0
TCP,181,84,0,303,0
UDP,1244,4,0,211,0
TCP,7,82,0,30,0
TCP,176,76,0,197,0
ICMP,353,135,0,242,0
UDP,989,55,0,606,0
TCP,353,298,0,48,0
UDP,930,70,0,271,0
TCP,938,25,0,5,0
ICMP,853,17,0,1362,0
TCP,489,165,0,805,0
TCP,4993,274,6,5356,1
TCP,12,76,0,592,0
TCP,210,39,0,793,0
TCP,891,6,0,821,0
UDP,96,127,0,900,0
TCP,786,115,1,667,0
TCP,779,28,0,43,0
TCP,559,183,0,952,0
TCP,280,75,0,186,0
UDP,40,11,0,8,0
TCP,5928,103,0,7913,1
TCP,275,4,0,2002,0
TCP,114,69,1,137,0
TCP,367,42,0,87,0
TCP,638,67,0,488,0
ICMP,584,124,3,4762,1
TCP,18,39,0,721,0
TCP,107,22,1,378,0
TCP,77,298,0,147,0
TCP,423,45,0,1407,0
TCP,244,116,0,120,0
TCP,469,0,0,155,0
UDP,333,334,1,847,0
TCP,5,112,0,1370,0
ICMP,97,270,0,109,0
TCP,167,118,0,522,0
UDP,748,2,0,1586,0
TCP,1129,99,0,182,0
UDP,427,301,0,143,0
TCP,526,18,1,369,0
TCP,648,29,0,149,0
UDP,1302,45,5,6742,1
TCP,417,79,0,609,0
TCP,512,10,0,675,0
TCP,410,47,0,208,0
UDP,2,21,1,6017,1
TCP,310,83,0,206,0
TCP,136,136,1,6,0
UDP,159,136,0,120,0
TCP,19,39,1,32,0
TCP,106,25,0,578,0
TCP,50,41,0,442,0
UDP,187,208,1,293,0
TCP,1546,58,0,235,0
UDP,631,240,0,1360,0
TCP,796,74,0,950,0
TCP,108,145,0,812,0
TCP,180,340,0,1456,0
TCP,1163,3,0,553,0
TCP,525,65,0,90,0
TCP,657,36,0,62,0
TCP,395,57,0,258,0
TCP,30,267,0,572,0
ICMP,2105,25,0,896,0
TCP,27,157,1,1745,0
UDP,789,82,0,959,0
UDP,398,110,0,1030,0
TCP,401,62,0,727,0
TCP,735,93,0,186,0
TCP,1435,328,0,236,0
UDP,958,144,0,313,0
UDP,36,72,0,443,0
ICMP,150,69,0,555,0
TCP,1760,54,0,524,0
TCP,130,5,0,70,0
TCP,219,30,0,435,0
TCP,143,265,0,598,0
ICMP,215,378,1,865,0
TCP,4208,140,6,2665,1
TCP,552,30,0,87,0
UDP,550,74,0,887,0
UDP,528,104,0,1168,0
TCP,1096,54,0,347,0
ICMP,788,2,1,995,0
UDP,635,20,0,71,0
TCP,3118,88,0,1071,0
TCP,947,136,0,368,0
TCP,242,58,0,124,0
TCP,35,45,0,122,0
TCP,257,106,0,194,0
TCP,411,26,0,1699,0
UDP,47,71,0,183,0
UDP,486,240,0,709,0
UDP,6267,313,6,5497,1
ICMP,1034,342,0,365,0
UDP,344,1,0,90,0
TCP,124,200,0,144,0
UDP,279,57,0,2248,0
TCP,192,125,0,710,0
TCP,4135,34,0,5618,1
ICMP,655,57,0,654,0
TCP,108,9,0,100,0
TCP,206,5,0,1142,0
TCP,291,1,1,223,0
TCP,24,95,0,712,0
TCP,75,106,0,12,0
ICMP,64,61,0,554,0
ICMP,122,80,0,241,0
TCP,187,0,0,253,0
UDP,347,52,0,60,0
TCP,19,199,0,1211,0
TCP,475,142,0,37,0
TCP,360,220,0,404,0
TCP,693,301,0,958,0
TCP,239,71,0,352,0
UDP,301,115,1,500,0
TCP,509,95,1,238,0
ICMP,491,152,0,88,0
ICMP,858,8,0,212,0
TCP,358,30,0,561,0
TCP,837,87,1,266,0
UDP,336,291,0,335,0
UDP,294,13,0,266,0
TCP,2625,75,0,2,0
TCP,580,3,0,43,0
TCP,1174,108,0,4,0
TCP,563,78,0,416,0
TCP,71,415,0,106,0
UDP,20,116,0,16,0
UDP,121,68,0,28,0
TCP,906,246,0,136,0
TCP,875,153,0,403,0
TCP,280,405,0,255,0
UDP,722,50,0,244,0
TCP,6184,92,9,17,1
TCP,1083,105,0,299,0
TCP,979,159,11,5274,1
TCP,931,37,0,432,0
TCP,557,44,0,851,0
TCP,806,40,0,498,0
TCP,129,102,0,1322,0
TCP,89,218,0,962,0
ICMP,726,32,0,526,0
TCP,322,116,0,564,0
TCP,520,10,0,212,0
UDP,2723,54,0,182,0
TCP,368,127,0,289,0
TCP,56,152,0,49,0
ICMP,45,6,0,934,0
ICMP,784,93,0,123,0
TCP,147,16,1,197,0
TCP,800,544,0,340,0
TCP,261,115,0,249,0
TCP,921,145,0,568,0
UDP,162,40,0,272,0
TCP,298,47,0,110,0
UDP,394,131,0,237,0
TCP,20,153,1,782,0
TCP,263,271,0,174,0
TCP,261,170,0,228,0
TCP,524,63,0,315,0
TCP,759,37,0,957,0
UDP,182,12,0,523,0
TCP,217,2,0,489,0
UDP,9,112,0,74,0
TCP,2169,617,0,935,0
ICMP,243,109,0,23,0
TCP,63,19,0,344,0
TCP,188,3,0,156,0
TCP,403,22,0,1091,0
TCP,798,247,0,332,0
TCP,35,10,0,792,0
TCP,317,88,0,226,0
UDP,671,40,0,318,0
ICMP,5014,8,5,607,1
TCP,23,3,0,496,0
UDP,78,41,0,297,0
TCP,726,33,0,641,0
ICMP,805,24,0,656,0
TCP,24,56,0,240,0
TCP,823,101,0,15,0
ICMP,589,401,0,179,0
UDP,88,136,0,159,0
TCP,2336,112,1,264,0
TCP,422,61,0,31,0
TCP,776,104,0,236,0
UDP,276,32,0,573,0
UDP,626,52,0,101,0
ICMP,402,212,1,1076,0
ICMP,142,129,0,874,0
TCP,58,54,0,1178,0
TCP,586,22,0,1061,0
TCP,1792,28,0,905,0
TCP,973,79,0,301,0
TCP,332,100,0,1309,0
TCP,255,9,0,328,0
UDP,347,29,0,172,0
TCP,616,19,0,925,0
TCP,1029,177,0,933,0
TCP,670,63,0,325,0
TCP,809,14,0,11,0
TCP,564,34,0,44,0
UDP,36,91,0,2938,0
UDP,20,5,0,89,0
TCP,695,18,1,420,0
ICMP,331,201,0,914,0
TCP,791,37,0,1935,0
TCP,225,184,0,387,0
TCP,473,26,0,90,0
TCP,163,58,1,413,0
TCP,950,16,0,1324,0
TCP,291,94,0,261,0
TCP,7,214,0,551,0
TCP,1281,171,0,1249,0
TCP,125,143,0,636,0
TCP,514,14,0,1258,0
TCP,134,7,0,863,0
TCP,2855,204,0,602,0
TCP,315,14,1,317,0
TCP,6,137,0,144,0
ICMP,344,16,0,1273,0
TCP,1435,61,0,36,0
UDP,196,54,0,413,0
TCP,182,371,0,227,0
UDP,210,75,0,51,0
TCP,690,78,0,1266,0
TCP,687,332,0,94,0
UDP,569,28,0,142,0
TCP,808,8,0,1722,0
TCP,657,121,0,799,0
TCP,4639,46,1,5099,1
TCP,385,291,0,502,0
TCP,1292,0,0,588,0
UDP,588,284,0,1157,0
TCP,1093,38,0,68,0
TCP,2830,86,0,176,0
ICMP,784,73,0,238,0
UDP,5426,25,8,4540,1
TCP,454,155,0,1377,0
TCP,724,24,0,1191,0
ICMP,45,80,1,378,0
ICMP,460,53,0,166,0
TCP,429,14,0,228,0
TCP,802,67,1,733,0
TCP,331,56,0,697,0
TCP,404,11,0,797,0
ICMP,379,48,0,2771,0
UDP,282,6,0,159,0
TCP,816,57,0,1437,0
TCP,927,95,1,4862,1
ICMP,59,13,0,76,0
TCP,141,92,0,206,0
TCP,99,167,0,346,1
TCP,22,19,0,401,0
TCP,382,290,0,967,0
TCP,294,66,0,116,0
TCP,91,123,0,271,0
TCP,263,98,0,2537,0
TCP,172,187,0,302,0
TCP,821,52,0,749,0
TCP,347,49,0,917,0
TCP,736,11,0,219,0
ICMP,289,80,1,357,0
TCP,1596,37,0,729,0
TCP,382,17,1,507,0
UDP,488,28,0,157,0
TCP,42,38,0,9,0
ICMP,12,280,0,1711,0
TCP,277,58,0,76,0
TCP,178,86,0,140,0
UDP,189,86,0,150,0
TCP,255,77,0,1881,0
TCP,260,210,0,247,0
TCP,354,41,0,105,0
TCP,405,160,0,676,0
TCP,8095,20,7,6393,1
TCP,892,43,0,817,0
UDP,358,66,0,641,0
TCP,494,16,0,756,0
UDP,696,63,0,1185,0
TCP,505,418,1,653,0
UDP,1543,132,0,338,0
TCP,589,121,0,370,0
ICMP,145,44,0,528,0
ICMP,263,241,0,353,0
TCP,1141,7,4,1102,1
UDP,617,13,0,314,0
TCP,185,190,0,217,0
TCP,190,26,0,282,0
TCP,305,7,0,100,0
TCP,161,13,0,416,0
TCP,141,134,0,361,0
TCP,652,27,0,358,0
TCP,75,89,0,519,0
UDP,388,11,1,674,0
TCP,297,65,0,1851,0
TCP,319,16,0,190,0
ICMP,23,135,0,342,0
TCP,3237,2,0,153,0
TCP,504,331,0,347,0
UDP,1082,172,0,381,0
TCP,230,375,1,50,0
TCP,814,29,1,220,0
TCP,17,35,0,571,0
TCP,859,252,0,92,0
UDP,565,615,0,279,0
TCP,693,163,0,181,0
TCP,147,155,0,5,0
TCP,278,133,0,407,0
TCP,2541,152,0,439,1
TCP,46,37,1,512,0
UDP,165,102,0,312,0
TCP,621,220,0,283,0
TCP,544,18,1,663,0
TCP,2091,145,0,1201,0
ICMP,5009,175,0,301,1
TCP,572,91,1,492,0
UDP,472,299,0,737,0
TCP,650,59,0,398,0
UDP,1719,2,0,5,0
TCP,168,52,0,422,0
UDP,496,260,1,427,0
TCP,16,182,0,1059,0
TCP,1508,99,0,997,0
UDP,359,123,0,14,0
TCP,266,88,0,1264,0
TCP,321,38,0,241,0
TCP,174,45,0,323,0
TCP,74,52,1,74,0
TCP,163,31,1,1112,0
TCP,286,221,0,167,0
TCP,865,138,0,203,0
TCP,413,99,0,690,0
TCP,433,57,0,108,0
TCP,292,26,0,694,0
TCP,5483,28,0,444,1
TCP,4561,24,0,5918,1
TCP,1331,15,2,121,0
TCP,293,44,0,145,0
UDP,677,8,0,781,0
TCP,911,93,0,1151,0
ICMP,145,57,0,1117,0
TCP,757,12,1,653,0
UDP,495,143,0,38,0
TCP,411,63,1,284,0
UDP,63,3,0,222,0
TCP,517,61,0,1842,0
TCP,117,45,0,1445,0
TCP,265,33,0,788,0
TCP,83,76,0,1732,0
TCP,540,223,0,926,0
TCP,323,123,0,293,0
TCP,139,234,0,1081,0
UDP,194,15,0,20,0
UDP,51,156,0,356,0
UDP,135,79,0,347,0
UDP,11,35,0,71,0
UDP,4481,102,5,2235,1
TCP,557,88,0,113,0
ICMP,420,51,0,574,0
TCP,191,60,0,622,0
TCP,194,29,0,566,0
UDP,483,162,0,386,0
TCP,348,518,0,582,0
TCP,120,63,0,33,0
UDP,895,2,0,108,0
TCP,1259,189,0,15,0
TCP,189,299,0,275,0
TCP,2164,57,0,143,0
TCP,1132,368,0,1407,0
TCP,573,15,0,52,0
TCP,650,28,0,121,0
ICMP,105,162,0,41,0
UDP,125,163,0,357,0
TCP,106,252,0,451,0
TCP,339,28,0,359,0
UDP,648,54,0,148,0
ICMP,206,110,0,429,0
ICMP,136,111,0,272,0
TCP,67,8,0,527,0
TCP,6087,50,5,1355,1
TCP,269,67,0,83,0
TCP,5056,51,4,229,1
TCP,877,226,0,365,0
UDP,465,88,0,396,0
TCP,58,69,0,719,0
TCP,327,337,0,33,0
UDP,729,107,0,340,0
UDP,1071,153,0,442,0
TCP,637,95,0,1056,0
UDP,272,60,0,449,0
TCP,1376,312,0,125,0
ICMP,1480,86,0,154,0
UDP,396,29,0,19,0
ICMP,306,57,0,472,0
UDP,583,90,0,315,0
TCP,328,112,0,282,0
TCP,480,55,0,212,0
TCP,889,49,0,31,0
TCP,10,479,0,489,0
TCP,448,79,0,139,0
UDP,93,35,0,107,0
TCP,113,40,0,272,0
TCP,661,23,0,15,0
TCP,396,44,0,1729,0
TCP,80,298,0,704,0
UDP,11,7,1,37,1
ICMP,227,213,0,136,0
TCP,330,131,0,174,0
TCP,30,19,0,1772,0
TCP,261,88,0,818,0
TCP,1060,59,0,1142,0
TCP,1058,52,0,464,0
TCP,1847,271,0,584,0
UDP,253,12,0,593,0
TCP,214,20,0,73,0
TCP,69,13,0,36,0
TCP,104,208,0,206,0
ICMP,1909,444,0,160,0
TCP,122,3,0,346,0
TCP,399,7,0,300,0
UDP,340,6,0,154,0
ICMP,193,36,0,107,0
TCP,579,4,1,153,0
UDP,719,206,0,446,0
TCP,381,77,0,2,0
TCP,626,73,0,478,0
ICMP,457,4,1,489,0
ICMP,644,36,0,292,0
ICMP,238,20,0,198,0
TCP,643,94,0,93,0
TCP,441,179,0,485,0
TCP,6,83,0,424,0
TCP,407,99,0,36,0
TCP,380,66,0,215,0
TCP,268,28,0,204,0
TCP,97,4,0,2001,0
TCP,263,13,1,263,0
TCP,454,20,0,591,0
TCP,504,212,0,339,0
TCP,990,43,0,296,0
TCP,55,26,0,675,0
TCP,425,433,0,402,0
TCP,1426,90,0,1095,0
ICMP,277,37,0,20,0
TCP,397,20,2,4999,1
UDP,1206,75,0,289,0
UDP,143,67,0,2136,0
TCP,290,15,0,585,0
TCP,195,16,0,277,0
TCP,145,102,0,117,0
TCP,320,18,0,25,0
TCP,10,10,0,501,0
ICMP,693,51,0,181,0
TCP,358,116,0,27,0
TCP,859,29,0,281,0
TCP,431,7,1,367,0
TCP,659,14,0,322,0
TCP,333,72,0,879,0
TCP,720,83,0,1054,0
UDP,120,34,0,334,0
UDP,12,384,0,2042,0
TCP,172,59,0,1470,0
TCP,356,135,0,465,0
TCP,130,6,0,257,0
TCP,411,128,0,96,0
TCP,574,356,0,84,0
TCP,1360,119,0,53,0
TCP,4,422,0,350,0
TCP,1522,201,1,648,0
UDP,456,68,0,51,0
TCP,184,74,0,195,0
UDP,347,145,0,369,0
TCP,145,39,0,386,0
TCP,43,103,0,459,0
TCP,534,29,0,1271,0
TCP,312,111,0,216,0
UDP,468,31,0,1476,0
TCP,124,243,0,156,0
TCP,313,12,0,385,0
TCP,251,78,0,357,0
TCP,582,215,1,43,0
TCP,95,37,0,513,0
TCP,768,23,0,202,0
TCP,4,88,0,116,0
TCP,1349,169,0,227,0
TCP,82,2,0,6024,1
TCP,574,69,0,163,0
TCP,122,162,0,390,0
TCP,202,135,0,348,0
TCP,175,3,0,93,0
UDP,487,59,0,513,0
TCP,1502,64,0,673,0
ICMP,892,14,0,105,0
TCP,126,1,0,779,0
TCP,324,297,0,477,0
UDP,398,218,0,271,0
TCP,45,29,0,123,0
TCP,306,31,0,30,0
TCP,1265,88,0,505,0
ICMP,1304,36,0,293,0
TCP,594,261,0,294,0
UDP,108,105,0,114,0
TCP,1647,122,0,1111,0
TCP,962,13,0,58,0
TCP,67,110,0,389,0
TCP,133,49,0,17,0
UDP,96,4,0,132,0
TCP,300,103,0,205,0
TCP,140,16,0,825,0
TCP,247,131,0,174,0
TCP,805,115,0,2563,0
UDP,642,101,0,1370,0
TCP,425,73,1,1244,0
ICMP,187,9,0,604,0
UDP,251,84,0,338,0
TCP,312,135,0,117,0
TCP,89,46,0,162,0
TCP,719,198,0,256,0
TCP,437,204,0,59,0
TCP,117,27,0,133,0
TCP,133,113,0,36,0
TCP,262,13,1,360,0
UDP,274,19,0,979,0
TCP,15,59,1,478,0
ICMP,494,52,0,770,0
UDP,1293,63,0,520,0
ICMP,1227,32,0,44,0
TCP,656,27,0,249,0
TCP,390,40,0,183,0
UDP,11,199,0,65,0
UDP,358,98,0,86,0
UDP,683,151,0,1187,0
ICMP,388,237,0,335,0
TCP,364,86,0,152,0
TCP,30,197,0,154,0
TCP,702,54,0,2418,0
UDP,703,137,0,563,0
TCP,292,11,0,386,0
TCP,666,271,0,1031,0
ICMP,6152,99,5,6620,1
TCP,309,305,0,77,0
TCP,57,64,0,1363,0
TCP,86,1,0,148,0
TCP,143,56,0,238,0
TCP,1224,4,0,2116,0
TCP,1607,310,0,680,0
TCP,398,105,0,47,0
TCP,27,11,0,7,0
TCP,32,92,0,1273,0
TCP,190,18,0,649,0
TCP,222,52,0,380,0
TCP,90,56,0,481,0
TCP,69,37,0,500,0
TCP,508,32,0,547,0
UDP,207,49,0,1476,0
ICMP,304,46,1,2114,0
TCP,705,3,0,302,0
TCP,315,364,1,1518,0
TCP,317,8,0,300,0
TCP,322,5,0,874,0
ICMP,873,37,0,1292,0
ICMP,27,399,0,923,0
UDP,269,4,0,27,0
TCP,12,18,0,9,0
ICMP,388,3,1,1903,0
TCP,1309,56,0,75,0
TCP,125,8,0,150,0
TCP,112,223,0,510,0
ICMP,59,12,0,702,0
TCP,321,79,0,127,0
UDP,130,97,0,63,0
TCP,1236,117,0,649,0
TCP,472,15,0,717,0
ICMP,89,120,0,16,0
TCP,293,65,0,24,0
TCP,241,7,0,1068,0
TCP,232,85,0,847,0
ICMP,576,84,0,1219,0
UDP,95,4,0,511,0
TCP,528,181,0,346,0
UDP,143,18,0,138,0
TCP,288,136,0,100,0
TCP,92,60,0,389,0
TCP,366,1,0,517,0
TCP,466,212,0,18,0
TCP,960,40,0,163,0
UDP,585,780,0,711,0
TCP,312,13,0,985,0
TCP,930,115,1,869,0
TCP,3608,7,8,378,1
TCP,321,18,0,516,0
UDP,777,81,0,321,0
TCP,40,10,0,508,0
TCP,376,102,0,138,0
TCP,135,77,1,297,0
TCP,256,3,0,444,0
UDP,430,160,0,275,0
TCP,137,68,0,36,0
TCP,163,139,0,287,0
TCP,8,230,0,647,0
TCP,269,87,0,10,0
TCP,269,33,0,350,0
TCP,502,124,1,223,0
TCP,5563,209,0,5468,1
ICMP,668,109,0,584,0
TCP,146,224,0,34,0
TCP,5337,313,0,5421,1
TCP,1295,131,0,745,0
TCP,400,67,0,44,0
TCP,257,2,2,157,0
TCP,167,180,7,4333,1
TCP,579,56,0,65,0
TCP,7,107,0,209,0
TCP,12,84,1,150,0
UDP,224,172,0,414,0
TCP,6054,25,8,3809,1
TCP,359,31,0,1094,0
TCP,1637,137,0,1,0
TCP,2,33,0,691,0
TCP,666,5,0,571,0
UDP,52,337,0,369,0
TCP,143,37,0,329,0
UDP,867,187,0,109,0
UDP,484,39,0,776,0
ICMP,710,2,0,148,0
ICMP,1561,1,0,20,0
ICMP,248,194,1,471,0
TCP,36,168,0,1177,0
TCP,37,170,0,770,0
TCP,1557,348,0,262,0
UDP,663,48,0,504,0
TCP,6,35,0,893,0
TCP,33,10,0,488,0
TCP,320,245,0,51,0
TCP,32,418,0,1183,0
TCP,154,16,0,72,0
TCP,284,36,0,1815,0
TCP,1581,15,0,263,0
TCP,125,6,0,246,1
TCP,2308,89,0,891,0
TCP,41,73,0,1958,0
TCP,511,213,1,432,0
TCP,858,245,0,202,0
TCP,1610,79,0,1548,0
TCP,1125,116,0,1637,0
TCP,207,190,0,128,0
TCP,2569,24,0,858,0
TCP,665,84,0,195,0
UDP,368,62,0,88,0
TCP,167,31,0,788,0
TCP,336,20,0,51,0
TCP,4076,7,0,705,1
UDP,1452,28,1,86,0
TCP,686,42,0,224,0
ICMP,713,202,0,361,0
TCP,154,50,0,16,0
TCP,591,28,0,278,0
TCP,290,58,0,1176,0
TCP,651,37,0,15,0
ICMP,332,61,0,674,0
TCP,252,114,1,438,0
TCP,1091,69,0,585,0
TCP,7,24,0,374,0
TCP,152,29,0,100,0
UDP,189,153,0,235,0
TCP,1642,67,0,738,0
ICMP,242,44,0,51,0
UDP,183,25,0,1191,0
TCP,894,108,0,196,0
UDP,704,31,0,108,0
TCP,380,60,1,1786,0
TCP,472,25,0,564,0
UDP,323,123,0,135,0
UDP,142,74,0,87,0
TCP,242,55,8,229,1
TCP,210,121,0,277,0
TCP,172,5,0,40,0
TCP,81,3,0,1158,0
ICMP,199,34,2,1318,0
TCP,1527,54,0,69,0
TCP,162,214,0,896,0
TCP,67,9,1,125,0
TCP,324,258,0,23,0
UDP,2086,608,0,445,0
TCP,405,11,0,672,0
UDP,4393,152,0,3857,1
TCP,419,5,0,1346,0
TCP,284,19,1,81,0
TCP,625,63,0,599,0
TCP,858,24,0,637,0
TCP,439,139,0,452,0
TCP,2056,93,0,713,0
TCP,95,18,0,1312,0
UDP,30,125,0,1252,0
TCP,230,108,0,88,0
TCP,25,31,0,176,0
TCP,764,64,0,454,0
TCP,4215,68,0,3402,1
TCP,689,60,0,355,0
ICMP,229,92,1,846,0
TCP,195,59,0,83,0
TCP,1255,29,0,68,0
TCP,59,3,0,3133,0
TCP,4684,62,2,881,1
TCP,414,40,0,916,0
TCP,346,24,0,697,0
TCP,6343,117,6,22,1
TCP,474,179,1,254,0
TCP,1381,87,0,475,0
TCP,237,62,0,21,0
ICMP,482,75,0,1546,0
TCP,4,55,0,2397,0
TCP,181,80,0,771,0
TCP,63,200,0,20,0
TCP,635,21,0,452,0
UDP,596,96,0,975,0
TCP,207,136,0,85,0
UDP,542,189,0,1486,0
ICMP,68,30,0,180,0
TCP,481,174,0,905,0
UDP,82,143,0,409,0
TCP,163,29,1,192,0
TCP,323,141,0,12,0
UDP,158,110,9,717,1
UDP,665,77,0,512,0
UDP,72,47,0,217,0
TCP,534,11,0,653,0
TCP,286,1,0,536,0
TCP,244,18,0,152,0
TCP,63,330,0,1051,0
TCP,421,53,10,4809,1
UDP,185,117,0,1042,0
TCP,1381,99,0,483,0
ICMP,227,172,0,939,0
ICMP,83,285,0,413,0
ICMP,321,57,0,21,0
TCP,13,408,0,211,0
TCP,225,304,0,494,0
TCP,404,59,0,7,0
TCP,220,192,0,774,0
TCP,380,6,0,573,0
TCP,432,5,0,1406,0
TCP,560,143,0,171,0
TCP,7,0,0,466,0
TCP,235,6,0,502,0
TCP,553,44,0,700,0
UDP,2638,48,0,708,0
TCP,558,19,0,959,0
TCP,442,213,0,125,0
TCP,683,74,3,86,1
TCP,870,35,0,636,0
UDP,76,73,0,67,0
UDP,1391,52,0,52,0
TCP,14,6,0,512,0
TCP,401,56,0,860,0
TCP,165,295,0,6169,1
TCP,1180,52,0,1790,0
UDP,1061,10,0,38,0
TCP,598,92,0,273,0
TCP,1703,29,0,275,0
TCP,651,93,0,49,0
TCP,31,18,0,564,0
TCP,1219,66,0,264,0
UDP,236,15,0,119,0
TCP,115,74,1,829,0
UDP,398,62,0,618,0
TCP,108,92,0,251,0
TCP,4096,18,1,769,1
UDP,1411,577,0,1150,0
TCP,988,32,1,72,0
TCP,811,271,0,24,0
TCP,476,21,0,277,0
TCP,556,0,0,330,0
TCP,51,260,0,212,0
ICMP,954,58,0,1131,0
ICMP,180,6,0,614,0
UDP,977,76,0,3,0
TCP,210,7,0,635,0
TCP,87,71,0,2,0
TCP,624,131,0,573,0
TCP,1084,15,0,103,0
TCP,125,0,0,419,0
TCP,2,66,0,260,0
TCP,365,120,0,884,0
TCP,219,5,0,488,0
TCP,492,40,0,1603,0
TCP,175,9,0,437,0
TCP,696,79,0,179,0
TCP,5840,259,0,334,1
TCP,795,136,0,435,0
TCP,171,9,0,352,0
ICMP,316,73,1,201,0
UDP,117,77,0,188,0
TCP,49,12,0,296,0
TCP,74,140,1,403,0
TCP,67,33,0,424,0
ICMP,682,91,0,102,0
TCP,86,71,0,372,0
TCP,408,61,0,625,0
ICMP,99,23,0,33,0
TCP,735,48,0,29,0
TCP,286,205,0,304,0
TCP,71,12,1,704,0
TCP,406,137,0,155,0
TCP,4,57,0,304,0
ICMP,247,111,0,1703,0
TCP,1417,27,0,129,0
UDP,326,24,0,3230,0
TCP,1087,202,0,900,0
TCP,135,10,0,247,0
TCP,141,100,0,304,0
UDP,375,9,0,54,0
UDP,490,15,0,228,0
TCP,752,93,1,3562,0
UDP,1709,28,0,344,0
TCP,669,74,0,738,0
TCP,2,154,1,5524,1
TCP,87,148,0,868,0
TCP,47,2,0,83,0
TCP,604,149,0,992,0
TCP,90,41,0,1076,0
TCP,370,264,0,643,0
TCP,406,13,0,365,0
UDP,107,384,0,1249,0
TCP,562,128,4,6472,1
TCP,436,135,0,672,0
TCP,527,24,0,169,0
ICMP,9,153,0,1593,0
TCP,4448,81,8,4715,1
TCP,112,24,0,152,0
ICMP,233,30,0,104,0
TCP,3664,4,4,468,1
TCP,307,407,0,290,0
TCP,1320,160,0,1548,0
TCP,1480,25,0,393,0
UDP,85,26,0,493,0
TCP,25,84,0,1171,0
TCP,484,203,0,218,0
TCP,238,110,0,261,0
TCP,112,119,12,10,1
ICMP,65,79,0,931,0
TCP,302,297,0,827,0
UDP,796,38,0,141,0
TCP,116,367,0,364,0
UDP,2676,3,0,95,0
TCP,128,139,0,172,0
TCP,346,94,0,38,0
TCP,579,319,0,1416,0
UDP,125,183,0,274,0
UDP,1179,1,0,434,0
TCP,590,113,0,56,0
TCP,572,182,0,101,0
TCP,81,173,0,438,0
TCP,76,146,0,401,0
TCP,118,536,0,233,0
UDP,347,10,0,276,0
TCP,1106,5,0,345,0
UDP,172,118,0,503,0
ICMP,469,399,0,65,0
TCP,1784,30,0,185,0
ICMP,625,22,0,88,0
ICMP,1451,75,0,382,0
TCP,1253,6,0,471,0
UDP,276,64,0,436,0
UDP,40,40,0,17,0
TCP,114,141,0,414,0
UDP,905,40,0,537,0
TCP,69,7,0,966,0
TCP,86,26,0,466,0
UDP,520,31,0,45,0
UDP,769,69,0,192,0
UDP,741,173,0,463,0
TCP,135,74,0,255,0
TCP,247,94,0,845,0
TCP,112,146,1,173,0
UDP,198,7,0,1215,0
TCP,221,317,0,463,0
TCP,266,152,0,9,0
TCP,294,70,1,225,0
TCP,812,62,0,583,0
ICMP,11,34,0,302,0
TCP,271,50,0,57,0
ICMP,1157,19,1,313,0
TCP,6786,136,0,235,1
ICMP,468,3,0,1207,0
UDP,326,0,1,233,0
TCP,264,241,0,171,0
TCP,550,114,0,628,0
TCP,117,285,1,88,0
TCP,40,145,0,718,0
TCP,176,59,0,326,0
TCP,202,1,0,15,0
TCP,70,60,0,568,0
TCP,304,73,0,1514,0
ICMP,195,0,0,463,0
TCP,263,81,0,109,0
TCP,112,91,0,781,0
TCP,784,25,1,5990,1
TCP,1180,246,0,1111,0
TCP,279,127,0,136,0
TCP,730,29,0,424,0
UDP,1313,114,0,15,0
TCP,152,42,0,74,0
TCP,778,9,0,1470,0
TCP,1628,150,0,10,0
TCP,231,68,0,447,0
ICMP,133,271,0,67,0
TCP,299,313,0,196,0
UDP,830,178,0,99,0
UDP,478,29,0,445,0
TCP,228,65,0,1261,0
TCP,411,157,0,2602,0
TCP,6031,36,5,6678,1
ICMP,50,37,0,506,0
TCP,1010,54,0,214,0
TCP,127,42,0,420,0
TCP,328,90,6,4639,1
ICMP,299,160,0,1218,0
ICMP,214,224,0,49,0
TCP,5328,13,10,257,1
UDP,551,84,0,505,0
ICMP,321,331,0,234,0
TCP,20,99,0,368,0
TCP,468,11,0,24,0
UDP,275,103,0,274,0
TCP,742,145,0,171,0
ICMP,6,145,0,280,0
TCP,509,102,0,17,0
TCP,485,54,0,114,0
TCP,1308,147,0,399,0
TCP,7232,172,5,4190,1
TCP,959,326,0,223,0
TCP,722,81,0,490,0
TCP,611,123,0,300,0
ICMP,252,105,0,171,0
ICMP,725,249,0,644,0
TCP,764,26,0,353,0
TCP,2109,153,0,599,0
TCP,459,66,0,474,0
UDP,135,167,0,1412,0
UDP,1096,120,0,997,0
TCP,1192,60,0,217,0
TCP,731,143,0,3,0
TCP,350,7,1,419,0
TCP,93,269,0,21,0
TCP,1826,19,0,551,0
UDP,8,249,0,173,0
TCP,2973,17,0,595,0
TCP,247,42,0,628,0
TCP,72,24,0,857,0
TCP,354,43,0,431,0
TCP,236,414,0,1259,0
UDP,24,146,0,136,0
TCP,597,244,0,588,0
UDP,156,126,0,1061,0
ICMP,4731,57,5,1438,1
TCP,34,37,0,66,0
TCP,264,25,0,1472,0
TCP,3366,113,0,101,0
TCP,934,13,0,32,0
TCP,207,43,0,720,0
ICMP,48,36,0,1842,0
TCP,36,102,0,238,0
TCP,740,281,1,43,0
TCP,167,49,0,18,0
TCP,85,54,0,70,0
UDP,105,279,0,533,0
TCP,502,142,0,807,0
TCP,199,84,0,123,0
UDP,283,103,0,954,0
TCP,358,75,1,18,0
TCP,309,147,0,478,0
ICMP,132,15,0,665,0
TCP,119,56,0,99,0
TCP,1291,233,0,926,0
TCP,15,4,1,263,0
TCP,1677,6,0,290,0
UDP,297,234,1,204,0
TCP,377,39,0,902,0
TCP,661,13,0,848,0
UDP,297,200,0,23,0
TCP,2155,265,0,490,0
TCP,159,3,0,258,0
TCP,251,12,0,92,0
TCP,599,169,0,1470,0
TCP,669,14,0,39,0
ICMP,32,208,0,666,0
TCP,37,20,0,23,0
UDP,446,173,0,1166,0
TCP,64,48,0,358,0
TCP,766,341,0,137,0
UDP,209,45,0,100,0
TCP,456,12,0,462,0
TCP,8,423,0,1052,0
TCP,293,99,0,19,0
TCP,903,2,0,486,0
UDP,94,99,0,82,0
TCP,845,122,0,635,0
TCP,23,10,0,432,0
TCP,1254,3,0,961,0
TCP,242,38,1,2071,0
TCP,1,30,0,1574,0
TCP,148,89,0,1318,0
TCP,66,133,1,612,0
TCP,736,141,0,104,0
TCP,310,645,0,1648,0
TCP,338,105,1,434,0
TCP,2213,67,0,72,0
TCP,156,110,0,477,0
TCP,2116,25,0,380,0
UDP,307,34,0,50,0
UDP,745,1,0,1530,0
TCP,3,12,0,379,0
TCP,215,159,0,677,0
TCP,992,39,0,211,0
TCP,272,238,0,864,0
UDP,684,201,1,1182,0
UDP,2101,58,0,136,0
TCP,52,466,0,568,0
TCP,221,35,0,27,0
TCP,1021,66,0,33,0
UDP,96,126,1,410,0
TCP,589,27,0,87,0
TCP,146,49,0,44,0
UDP,724,7,1,167,0
TCP,22,28,0,1187,0
ICMP,980,42,0,544,0
TCP,985,297,0,205,0
TCP,59,1,0,401,0
UDP,473,59,0,57,0
UDP,16,201,0,50,0
TCP,812,171,0,539,0
UDP,727,146,0,65,0
UDP,390,229,0,496,0
TCP,25,158,0,266,0
TCP,470,46,0,31,0
TCP,97,126,0,703,0
UDP,493,60,0,408,0
TCP,644,145,0,361,0
UDP,963,115,0,696,0
TCP,247,92,1,862,0
TCP,1027,147,0,10,0
TCP,489,32,0,131,0
TCP,608,56,0,126,0
TCP,2024,169,0,230,0
TCP,0,54,0,565,0
TCP,512,278,0,77,0
TCP,1878,138,0,174,0
TCP,614,17,1,881,0
ICMP,4646,358,0,5509,1
ICMP,1103,209,0,68,0
UDP,824,169,0,292,0
TCP,300,62,0,919,0
UDP,992,33,0,2046,0
UDP,458,251,0,921,0
TCP,292,6,0,57,0
TCP,529,48,1,1741,0
TCP,2277,132,0,190,0
TCP,788,3,0,495,0
TCP,848,42,0,113,0
TCP,648,206,0,643,0
TCP,81,5,0,449,0
ICMP,841,167,0,132,0
ICMP,523,25,0,323,0
TCP,755,181,0,463,0
TCP,150,6,0,111,0
TCP,1389,21,0,390,0
TCP,552,115,0,158,0
UDP,455,30,0,105,0
TCP,448,28,0,179,0
TCP,93,73,0,356,0
TCP,1551,0,1,987,0
TCP,205,92,0,105,0
UDP,533,234,0,154,0
TCP,266,73,0,368,0
TCP,67,221,0,475,0
ICMP,340,160,0,126,0
TCP,792,239,0,391,0
ICMP,654,1,0,842,0
TCP,116,61,0,759,0
UDP,758,97,0,356,0
TCP,48,195,0,141,0
TCP,999,71,0,1099,0
TCP,62,119,0,556,0
UDP,501,161,0,275,0
UDP,57,17,0,13,0
UDP,1058,128,0,601,0
TCP,734,186,0,347,0
TCP,204,49,0,2852,0
TCP,1122,68,0,52,0
UDP,45,84,0,221,0
TCP,303,70,0,388,0
UDP,82,0,0,127,0
TCP,168,37,0,638,0
TCP,932,17,0,579,0
TCP,824,309,0,238,0
TCP,517,46,0,743,0
TCP,53,113,0,139,0
TCP,371,80,0,300,0
UDP,1161,247,0,1525,0
TCP,637,29,0,33,0
UDP,645,85,0,834,0
UDP,172,21,0,195,0
UDP,227,13,0,76,0
TCP,1013,70,0,154,0
TCP,1224,18,0,741,0
UDP,604,508,0,1699,0
TCP,163,82,0,20,0
UDP,345,8,0,256,0
ICMP,890,195,0,303,0
TCP,959,59,0,145,0
TCP,3,351,0,309,0
TCP,19,298,0,344,0
TCP,1255,67,0,36,0
TCP,993,100,0,186,0
UDP,163,39,0,2027,0
UDP,203,111,0,75,0
TCP,380,54,0,183,0
TCP,481,122,0,312,0
TCP,25,43,0,27,0
TCP,4,51,0,635,0
TCP,193,39,0,375,0
UDP,940,251,0,1609,0
TCP,279,97,0,103,0
UDP,191,6,0,517,1
TCP,339,35,0,94,0
ICMP,149,45,0,363,0
UDP,450,23,0,1777,0
TCP,133,99,0,77,0
TCP,121,58,0,868,0
UDP,991,5,1,6,0
TCP,841,24,0,732,0
TCP,429,23,0,677,0
TCP,510,44,0,713,0
TCP,256,127,0,88,0
ICMP,1418,15,0,152,0
TCP,494,111,0,318,0
UDP,498,29,0,102,0
TCP,925,24,0,213,0
TCP,4086,97,4,1942,1
TCP,63,62,0,539,0
TCP,18,132,0,515,0
TCP,438,111,1,701,0
TCP,23,246,0,114,0
TCP,725,6,0,2305,0
TCP,6,651,0,816,0
TCP,277,39,0,281,0
TCP,2056,169,0,1307,0
TCP,127,44,0,1427,0
TCP,862,114,0,46,0
ICMP,926,2,0,31,0
ICMP,824,32,0,244,0
TCP,558,37,0,1745,0
UDP,448,226,1,416,0
UDP,449,20,0,284,0
UDP,873,207,0,449,0
TCP,221,27,0,476,0
UDP,111,59,0,2502,0
UDP,25,138,0,256,0
TCP,1023,77,0,1688,0
ICMP,70,185,0,371,0
TCP,333,362,0,894,0
UDP,1082,54,0,119,0
TCP,642,70,0,134,0
TCP,443,201,0,161,0
UDP,411,7,2,110,0
TCP,221,30,0,386,0
TCP,946,46,0,113,0
TCP,1097,17,0,915,0
TCP,790,3,0,351,0
UDP,1757,13,0,940,0
TCP,374,228,0,112,0
UDP,1884,35,0,1346,0
UDP,54,36,0,777,0
TCP,427,140,0,130,0
TCP,1976,4,0,57,0
TCP,41,20,0,294,0
ICMP,1331,64,0,441,0
TCP,474,5,0,873,0
TCP,333,66,0,506,0
TCP,719,57,0,448,0
TCP,615,6,0,241,0
TCP,183,6,0,707,0
TCP,52,42,0,1861,0
TCP,209,1,0,801,0
TCP,167,68,0,893,0
TCP,328,123,0,72,0
UDP,1498,60,0,865,0
TCP,283,127,0,1266,0
TCP,994,51,3,4,1
UDP,764,151,0,226,0
UDP,486,120,0,356,0
UDP,141,183,0,286,0
TCP,35,27,0,73,0
TCP,155,28,0,329,0
TCP,205,104,1,462,0
TCP,1004,155,0,262,0
UDP,75,505,1,212,0
TCP,1015,90,0,244,0
TCP,179,92,0,261,0
TCP,162,142,0,528,0
TCP,3000,394,1,139,0
UDP,26,67,0,350,0
TCP,946,3,0,568,0
ICMP,421,43,0,265,0
TCP,261,87,0,800,0
ICMP,125,98,0,99,0
TCP,3,285,0,224,0
TCP,798,172,0,402,0
TCP,28,1,1,197,0
TCP,1500,93,0,901,0
TCP,84,321,0,513,0
UDP,226,56,0,333,0
UDP,187,560,0,197,0
UDP,587,74,0,747,0
TCP,159,35,0,1395,0
TCP,26,3,0,233,0
UDP,295,79,0,200,0
TCP,191,51,0,30,0
TCP,72,92,0,704,0
TCP,185,25,1,347,0
TCP,549,74,0,178,0
TCP,77,102,0,5770,1
ICMP,114,143,1,584,0
TCP,708,81,0,597,0
TCP,150,21,1,337,0
ICMP,184,2,1,6,0
TCP,1254,68,0,267,0
TCP,77,17,0,487,0
TCP,1240,154,0,36,0
TCP,98,167,0,38,0
TCP,230,10,0,639,0
TCP,1034,162,0,1009,0
TCP,781,8,0,438,0
TCP,290,40,0,201,0
UDP,143,768,0,19,0
TCP,705,86,0,50,0
UDP,722,3,0,815,0
UDP,30,18,6,689,1
TCP,1649,56,0,505,0
UDP,310,10,0,481,0
TCP,116,124,0,459,0
TCP,285,24,0,810,0
UDP,1565,35,0,720,0
TCP,112,22,0,621,0
ICMP,194,57,1,125,0
TCP,345,27,0,56,0
TCP,124,78,0,168,0
TCP,1494,106,0,594,0
TCP,127,255,0,681,0
TCP,499,188,0,35,0
TCP,26,204,0,406,0
TCP,476,5,0,748,0
TCP,51,233,0,511,0
TCP,332,35,0,43,0
TCP,2325,69,0,860,0
TCP,198,4,0,326,0
TCP,1355,25,0,262,0
TCP,315,97,0,334,0
UDP,488,85,0,29,0
TCP,13,25,0,338,0
TCP,413,205,0,1061,0
TCP,283,10,0,256,0
TCP,530,12,0,867,0
TCP,547,103,0,174,0
TCP,63,10,0,319,0
TCP,87,25,0,850,0
UDP,242,90,0,206,0
TCP,212,7,0,448,0
TCP,1610,5,0,2195,0
TCP,989,340,0,213,0
TCP,1005,31,0,133,0
UDP,132,43,1,335,0
UDP,285,36,1,951,0
UDP,372,57,0,719,0
UDP,137,211,0,4,0
ICMP,232,4,0,913,0
UDP,760,121,0,383,0
ICMP,186,52,0,191,0
TCP,1993,121,0,92,0
ICMP,201,8,0,919,0
TCP,51,6,0,78,0
TCP,112,88,0,23,0
TCP,195,70,0,308,0
UDP,851,168,0,205,0
TCP,1559,31,0,593,0
TCP,5,139,0,1067,0
UDP,255,137,0,7,0
TCP,907,1,0,116,0
UDP,887,54,0,322,0
UDP,121,7,0,216,0
TCP,569,61,0,73,0
TCP,251,42,0,568,0
TCP,694,92,0,90,0
UDP,211,115,0,650,0
UDP,296,21,0,385,0
TCP,378,107,0,227,0
TCP,373,133,1,490,0
UDP,917,3,0,34,0
TCP,96,42,0,1512,0
TCP,275,142,4,5194,1
TCP,53,18,0,168,0
TCP,247,196,0,140,0
UDP,556,210,0,983,0
TCP,254,1,0,654,0
TCP,71,17,0,403,0
TCP,589,125,0,270,0
TCP,154,41,0,661,0
TCP,1546,28,0,767,0
TCP,51,125,0,102,0
ICMP,597,16,0,268,0
TCP,634,30,0,380,0
TCP,2003,53,0,924,0
UDP,5155,40,0,5148,1
TCP,1412,19,0,802,0
TCP,525,22,0,83,0
ICMP,942,88,0,706,0
TCP,1376,296,0,282,0
TCP,149,66,0,482,0
TCP,306,106,0,488,0
TCP,131,124,0,806,0
UDP,212,123,0,1812,0
TCP,600,132,0,927,0
UDP,20,54,0,434,0
UDP,66,29,0,1554,0
UDP,648,143,1,140,0
TCP,763,94,0,317,0
TCP,443,105,0,46,0
TCP,326,17,0,212,0
TCP,61,60,0,289,0
ICMP,1710,50,0,768,0
TCP,687,95,0,237,0
TCP,1211,7,0,58,0
TCP,235,5,0,776,0
TCP,419,83,0,543,0
TCP,970,29,0,470,0
UDP,80,94,0,627,0
TCP,358,102,0,912,0
TCP,498,7,2,1635,0
UDP,507,225,0,461,0
TCP,264,140,0,420,0
TCP,787,41,0,562,0
ICMP,873,30,0,459,0
TCP,225,585,0,499,0
TCP,457,13,0,731,0
ICMP,7864,35,0,5515,1
TCP,615,131,0,74,0
TCP,82,117,0,109,0
TCP,2196,16,0,1799,0
TCP,1078,218,1,31,0
TCP,212,31,0,409,1
TCP,4288,22,5,293,1
TCP,5,30,0,523,0
TCP,200,33,0,24,0
ICMP,387,56,0,3437,0
ICMP,557,25,0,1944,0
UDP,193,119,0,807,0
UDP,170,107,0,47,0
TCP,267,144,0,386,0
TCP,6,44,0,30,0
TCP,411,82,0,922,0
UDP,23,110,1,94,0
UDP,135,53,0,1685,0
TCP,7039,269,7,498,1
TCP,844,45,0,809,0
TCP,83,41,0,1442,0
TCP,95,1,0,761,0
TCP,34,15,0,105,0
TCP,202,390,0,76,0
TCP,44,138,0,70,0
TCP,58,186,0,350,0
TCP,404,189,1,1925,0
UDP,814,87,0,433,1
ICMP,44,193,0,3695,0
TCP,517,22,0,463,0
UDP,803,5,0,600,0
UDP,98,9,0,366,0
TCP,99,174,0,516,0
TCP,175,56,0,171,0
TCP,65,328,0,261,0
UDP,88,192,0,239,0
ICMP,264,62,0,894,0
UDP,5269,200,0,223,1
TCP,15,6,0,304,0
TCP,47,235,0,72,0
TCP,1247,12,0,330,0
TCP,1517,150,1,7,0
TCP,234,67,0,81,0
TCP,1569,16,0,1830,0
TCP,1010,162,0,247,0
TCP,316,7,0,183,0
TCP,423,35,0,403,0
TCP,494,25,0,1124,0
TCP,440,162,0,184,0
TCP,45,57,0,1036,0
ICMP,1439,39,0,846,0
TCP,721,63,0,408,0
TCP,694,1,0,18,0
TCP,829,37,0,144,0
UDP,1464,335,0,1335,0
TCP,432,19,0,31,0
TCP,53,88,0,466,0
UDP,990,263,0,1272,0
TCP,332,61,0,64,0
TCP,159,86,6,3374,1
UDP,51,18,0,554,0
TCP,382,7,0,13,0
TCP,0,23,0,404,0
TCP,662,196,0,403,0
UDP,774,63,0,36,0
TCP,199,327,0,1257,0
ICMP,583,17,0,6,0
TCP,41,132,0,66,0
TCP,1122,47,1,1914,0
TCP,70,237,0,43,0
TCP,236,2,0,168,0
TCP,213,78,0,864,0
TCP,76,27,0,233,0
TCP,46,102,0,587,0
TCP,305,105,0,1139,0
TCP,273,32,0,85,0
UDP,12,267,0,21,0
ICMP,88,189,0,762,0
TCP,286,149,0,114,0
TCP,99,174,1,316,0
TCP,266,51,0,2044,0
TCP,906,116,0,393,0
TCP,237,7,0,423,0
TCP,176,239,0,137,0
UDP,444,218,0,69,0
ICMP,1161,31,0,334,0
TCP,1395,192,0,1111,0
TCP,496,215,0,220,0
TCP,148,298,0,456,0
UDP,90,38,0,812,0
TCP,768,77,0,125,0
TCP,4958,88,0,103,1
TCP,1001,5,0,1818,0
TCP,1,147,0,88,0
TCP,1076,96,0,293,0
UDP,722,288,0,1014,0
TCP,128,4,0,851,0
UDP,139,93,0,346,0
UDP,1152,55,0,280,0
TCP,5243,119,0,822,1
TCP,443,4,0,21,0
UDP,713,23,1,454,0
TCP,5,11,0,143,0
TCP,898,15,0,56,0
TCP,74,72,0,160,0
TCP,37,201,0,497,0
UDP,251,56,0,758,0
ICMP,1138,118,0,854,0
TCP,196,100,0,515,0
UDP,556,96,0,5,0
TCP,286,60,0,1625,0
UDP,25,1,0,564,0
TCP,576,79,0,618,0
ICMP,25,50,0,789,0
TCP,713,57,0,515,0
UDP,204,12,0,17,0
TCP,739,77,0,631,0
TCP,416,8,0,1497,0
TCP,396,46,0,420,0
ICMP,632,83,0,140,0
TCP,307,20,0,317,0
TCP,26,27,0,254,0
TCP,856,89,0,791,0
UDP,1890,43,0,322,0
TCP,329,44,1,130,0
TCP,589,238,0,367,0
TCP,210,5,0,729,0
TCP,12,56,1,230,0
TCP,135,139,0,1354,0
TCP,1429,243,0,361,0
TCP,404,64,0,326,0
TCP,617,183,0,1090,0
TCP,785,32,0,442,0
TCP,1113,90,0,328,0
ICMP,850,80,0,634,0
TCP,421,72,0,1032,0
UDP,169,8,0,575,0
TCP,5,94,0,19,0
UDP,528,7,0,46,0
TCP,4609,82,0,1236,1
UDP,532,304,0,16,0
ICMP,859,9,0,375,0
UDP,112,140,0,977,0
TCP,160,106,0,97,0
TCP,1744,23,0,625,0
TCP,125,137,0,889,0
TCP,152,478,0,558,0
TCP,176,217,0,694,0
TCP,384,26,0,296,0
TCP,303,22,0,322,0
UDP,436,290,0,310,0
TCP,551,7,0,505,0
TCP,740,95,0,292,0
TCP,4908,117,0,4331,1
TCP,763,315,0,141,0
TCP,152,17,0,61,0
UDP,112,42,1,1286,0
TCP,383,37,0,179,0
TCP,127,196,0,34,0
TCP,265,11,0,1008,0
TCP,361,71,0,428,0
TCP,522,149,1,108,0
UDP,310,29,0,99,0
TCP,120,7,0,643,0
TCP,2241,1,0,2,0
TCP,5939,8,0,5228,1
UDP,385,36,0,786,0
ICMP,168,24,1,457,0
TCP,427,24,0,1246,0
TCP,163,76,0,331,0
TCP,43,189,0,295,0
TCP,167,83,0,1015,0
UDP,22,44,0,986,0
ICMP,617,42,0,862,0
TCP,153,4,0,573,0
TCP,297,23,0,142,0
UDP,378,108,1,217,0
UDP,1209,162,0,546,0
ICMP,433,17,0,35,0
TCP,62,6,0,1463,0
UDP,171,31,0,2993,0
TCP,339,61,0,287,0
TCP,29,32,0,217,0
TCP,114,272,1,1218,0
TCP,305,8,0,270,0
TCP,42,33,0,81,0
ICMP,314,11,0,7,0
TCP,778,240,0,829,0
ICMP,869,20,4,4255,1
UDP,766,154,0,190,0
ICMP,5781,58,5,207,1
TCP,238,55,0,690,0
TCP,15,68,0,369,0
ICMP,260,41,0,608,0
TCP,237,79,0,273,0
TCP,485,97,0,354,0
ICMP,621,44,0,412,0
TCP,329,127,0,28,0
ICMP,175,46,0,204,0
TCP,5491,285,4,489,1
TCP,1435,50,0,339,0
TCP,678,6,0,116,0
TCP,738,31,0,197,0
TCP,1592,9,0,889,0
UDP,512,220,0,573,0
UDP,760,62,0,106,0
TCP,457,171,0,192,0
TCP,1087,94,0,675,0
UDP,375,38,0,93,0
TCP,181,118,0,224,0
TCP,56,225,0,11,0
TCP,182,229,0,253,0
UDP,96,1,0,155,0
TCP,2118,44,0,583,0
TCP,9,4,0,128,0
UDP,96,123,0,543,0
ICMP,842,15,0,835,0
TCP,25,59,0,55,0
TCP,229,19,0,200,0
TCP,344,13,0,23,0
TCP,1048,684,0,42,0
UDP,709,57,0,1225,0
UDP,554,20,0,1130,0
TCP,748,236,0,132,0
ICMP,1361,11,0,472,0
TCP,80,190,0,556,0
TCP,6028,457,5,224,1
TCP,1171,4,0,118,0
TCP,449,13,0,167,0
TCP,237,75,0,9,0
UDP,306,57,0,291,0
ICMP,392,411,0,144,0
TCP,11,51,0,360,0
UDP,19,99,0,688,0
UDP,1574,255,0,607,0
TCP,563,27,0,231,0
TCP,176,74,0,576,0
TCP,598,340,0,34,0
TCP,633,51,0,435,0
TCP,1014,27,0,134,0
TCP,437,46,0,105,0
TCP,116,113,0,218,0
ICMP,444,174,0,344,0
TCP,654,37,1,48,0
TCP,341,60,0,1271,0
TCP,97,22,0,694,0
TCP,320,181,0,61,0
TCP,220,58,0,73,0
TCP,38,21,0,395,0
TCP,686,209,0,1038,0
ICMP,358,208,0,1724,0
TCP,5343,140,0,51,1
TCP,332,66,0,710,0
TCP,598,50,0,667,0
ICMP,327,130,0,348,0
TCP,224,70,1,251,0
TCP,864,59,0,37,0
TCP,364,118,0,37,0
TCP,137,219,0,246,0
TCP,508,24,0,891,0
TCP,392,198,0,1915,0
UDP,205,254,0,66,0
TCP,80,20,0,241,0
UDP,94,108,0,609,0
UDP,1058,50,1,972,0
TCP,835,158,0,195,0
UDP,6259,26,4,5051,1
UDP,265,122,0,193,0
TCP,804,34,0,19,0
TCP,444,63,1,1001,0
TCP,260,24,0,87,0
UDP,334,11,0,130,0
TCP,454,4,1,178,0
TCP,274,102,0,51,0
TCP,348,83,0,831,0
TCP,783,154,0,967,0
TCP,151,128,0,783,0
TCP,1185,200,0,370,0
TCP,193,91,0,962,0
TCP,1178,74,0,615,0
TCP,107,37,0,86,0
TCP,320,53,12,5685,1
TCP,30,64,0,181,0
TCP,790,273,0,211,0
TCP,22,63,0,283,0
TCP,321,244,0,184,0
TCP,282,43,0,29,0
TCP,399,102,0,444,0
TCP,466,182,0,269,0
TCP,2211,42,1,560,0
TCP,505,14,0,448,0
TCP,80,277,0,2107,0
ICMP,592,8,0,48,0
TCP,309,63,0,13,0
UDP,63,29,0,475,0
TCP,619,61,0,2,0
ICMP,875,353,0,553,0
TCP,112,150,1,812,0
TCP,36,27,0,790,0
TCP,362,89,0,757,0
TCP,499,12,0,815,0
TCP,686,180,0,698,0
TCP,146,29,0,88,0
TCP,416,12,0,380,0
TCP,594,85,0,501,0
TCP,2251,92,0,116,0
TCP,72,70,0,463,1
ICMP,27,96,0,118,0
TCP,486,17,0,167,0
TCP,141,138,0,996,0
UDP,129,89,0,430,0
TCP,203,12,0,225,0
UDP,975,16,0,608,0
TCP,21,420,0,715,0
TCP,1022,8,0,133,0
TCP,41,58,0,2217,0
TCP,741,87,0,151,0
ICMP,773,5,0,334,0
UDP,785,61,0,2280,0
TCP,108,48,0,320,0
TCP,52,13,0,33,0
TCP,1188,67,0,14,0
TCP,360,28,0,364,0
TCP,1206,50,0,425,0
ICMP,319,54,0,17,0
TCP,110,32,0,390,0
TCP,210,132,0,127,0
TCP,120,94,0,947,0
ICMP,142,5,0,247,0
TCP,245,2,0,347,0
TCP,249,79,0,326,0
TCP,155,69,0,23,0
TCP,1283,61,0,339,0
TCP,5821,122,4,1074,1
ICMP,0,282,0,161,0
TCP,103,362,0,41,0
TCP,552,80,0,834,0
TCP,123,21,1,20,0
TCP,155,194,0,429,0
TCP,535,86,0,798,0
TCP,619,51,0,513,0
TCP,384,203,0,587,0
TCP,59,154,0,675,0
TCP,777,18,0,141,0
TCP,319,95,0,265,0
UDP,1637,316,0,456,0
TCP,322,66,0,536,0
TCP,227,276,0,490,0
TCP,565,65,0,11,0
TCP,503,96,0,242,0
TCP,320,330,0,143,0
UDP,466,12,0,213,0
TCP,97,23,0,54,0
UDP,76,105,0,472,0
ICMP,501,44,0,836,0
TCP,319,195,0,1839,0
TCP,562,27,0,65,0
UDP,166,97,0,967,0
TCP,500,191,0,323,0
TCP,313,116,0,1090,0
UDP,342,311,0,321,0
TCP,606,80,0,271,0
TCP,605,25,0,1305,0
UDP,566,9,0,308,0
TCP,96,260,0,181,0
UDP,79,56,0,223,0
ICMP,281,12,1,119,0
TCP,928,98,0,2866,0
TCP,1043,2,0,618,0
UDP,143,122,0,110,0
TCP,37,97,0,668,0
TCP,106,65,0,474,0
TCP,496,84,0,308,0
TCP,87,15,0,564,0
TCP,527,315,0,850,0
UDP,417,5,0,74,0
TCP,484,4,0,60,0
UDP,413,50,0,574,0
TCP,122,122,0,384,0
TCP,85,9,0,382,0
UDP,586,110,0,1194,0
TCP,375,29,2,6501,1
TCP,389,92,0,631,0
TCP,1369,26,0,207,0
TCP,507,22,0,597,0
UDP,44,112,0,1797,0
TCP,178,138,0,260,0
UDP,440,44,0,135,0
TCP,52,132,0,1776,0
ICMP,449,60,0,193,0
TCP,113,50,0,387,0
ICMP,445,221,0,448,0
TCP,161,16,0,1307,0
TCP,227,16,0,939,0
UDP,266,188,0,568,0
TCP,142,41,0,365,0
TCP,295,166,0,292,0
TCP,527,83,0,132,0
TCP,447,163,1,735,0
TCP,223,75,0,119,0
TCP,499,64,0,660,0
TCP,291,82,0,52,0
TCP,132,1,0,1443,0
TCP,411,25,0,202,0
TCP,944,244,0,93,0
UDP,595,33,0,85,0
TCP,140,54,0,687,0
ICMP,87,29,0,932,0
TCP,103,187,0,117,0
TCP,3796,517,0,6292,1
TCP,492,13,0,468,0
TCP,309,110,0,434,0
TCP,505,346,0,752,0
TCP,944,71,0,321,0
TCP,944,225,0,298,0
TCP,1156,25,1,148,0
UDP,106,217,0,174,0
UDP,424,58,0,1119,0
TCP,1348,159,0,597,0
TCP,159,190,0,964,0
TCP,340,50,1,975,0
TCP,392,79,0,811,0
TCP,251,13,0,318,0
TCP,108,319,0,440,0
TCP,66,60,0,1710,0
UDP,985,407,0,206,0
ICMP,1032,123,0,161,0
ICMP,813,96,0,1254,0
TCP,230,42,0,545,0
UDP,197,93,1,1060,0
TCP,221,212,0,941,0
TCP,695,29,0,597,0
UDP,395,74,0,690,0
UDP,30,31,0,78,0
TCP,284,158,0,133,0
ICMP,668,30,0,276,0
ICMP,95,25,1,296,0
TCP,647,58,0,196,0
TCP,428,20,0,3505,0
UDP,1073,152,0,593,0
TCP,1825,33,0,1094,0
TCP,34,14,0,493,0
UDP,387,113,1,124,0
TCP,164,131,0,1261,0
TCP,167,272,0,39,0
TCP,422,26,0,1063,0
TCP,723,19,0,296,0
TCP,751,207,0,586,0
TCP,561,5,0,180,0
TCP,20,28,0,1011,0
TCP,212,56,0,364,0
TCP,301,69,1,454,0
TCP,1024,93,0,431,0
TCP,232,409,0,1108,0
TCP,87,39,0,110,0
TCP,127,181,0,468,0
TCP,1129,170,0,242,0
UDP,1545,118,0,571,0
ICMP,905,80,0,242,0
TCP,112,11,1,1030,0
TCP,93,198,0,456,0
ICMP,417,109,1,1812,0
TCP,35,36,0,1765,0
TCP,151,443,0,70,0
TCP,1197,204,0,556,0
TCP,123,1,0,753,0
UDP,298,7,1,289,0
TCP,367,10,0,71,0
TCP,287,80,0,808,0
TCP,315,64,0,2032,0
UDP,1530,67,0,495,0
UDP,1637,150,0,37,0
ICMP,51,88,0,1707,0
UDP,67,76,1,877,0
UDP,155,41,0,262,0
TCP,252,152,3,368,1
ICMP,85,66,0,71,0
TCP,573,52,0,543,0
UDP,13,1,0,569,0
UDP,1282,144,0,159,0
TCP,598,90,0,102,0
TCP,763,496,0,383,0
TCP,449,7,3,5345,1
TCP,3033,216,0,256,0
UDP,299,36,0,865,0
UDP,215,1,0,685,0
TCP,1244,48,0,61,0
TCP,217,236,0,38,0
TCP,59,303,0,200,0
TCP,523,25,0,566,0
TCP,140,321,1,603,0
TCP,424,231,0,352,0
TCP,224,36,0,565,0
ICMP,112,54,0,148,0
TCP,83,35,1,1267,0
TCP,14,8,0,224,0
UDP,25,140,0,317,0
TCP,788,4,0,36,0
TCP,82,54,0,1947,0
TCP,468,12,0,729,0
TCP,281,106,0,704,0
TCP,134,4,0,619,0
TCP,941,40,0,318,0
TCP,604,124,0,602,0
TCP,91,139,0,108,0
TCP,911,187,0,539,0
TCP,121,8,0,75,0
TCP,1066,29,0,281,0
TCP,92,315,0,262,0
TCP,1468,0,0,386,0
TCP,14,18,0,1120,0
TCP,620,21,0,160,0
TCP,260,112,0,200,0
TCP,227,49,0,43,0
TCP,126,86,0,213,0
TCP,275,13,0,264,0
ICMP,1,219,0,77,0
TCP,290,86,0,394,0
TCP,271,13,0,457,0
ICMP,361,44,0,262,0
TCP,556,47,0,51,0
TCP,1158,60,0,62,0
UDP,990,110,0,223,0
UDP,3421,12,0,145,0
TCP,94,171,0,814,0
UDP,2315,21,0,11,0
TCP,1020,23,0,883,0
UDP,3,38,0,918,0
UDP,2093,217,0,457,0
ICMP,624,553,1,1558,0
TCP,99,131,0,11,0
TCP,696,94,0,1297,0
UDP,1015,42,0,253,0
TCP,649,15,0,498,0
TCP,202,103,0,16,0
TCP,249,42,0,1731,0
TCP,370,113,0,372,0
TCP,25,83,0,350,0
TCP,199,12,0,367,0
TCP,85,124,0,492,0
UDP,291,19,0,425,0
TCP,295,83,0,231,0
UDP,1725,132,1,14,0
TCP,65,132,1,667,0
TCP,734,92,0,101,0
TCP,241,113,0,488,0
TCP,61,38,0,357,0
ICMP,473,133,0,709,0
TCP,349,23,0,20,0
UDP,300,83,0,818,0
TCP,609,108,0,1837,0
ICMP,226,25,0,444,0
TCP,74,91,0,8,0
UDP,4,41,0,520,0
TCP,39,75,0,78,0
TCP,1085,17,0,199,0
ICMP,281,359,1,259,0
TCP,1555,58,0,421,0
UDP,1052,375,1,462,0
ICMP,260,46,0,958,0
UDP,154,82,0,136,0
UDP,1496,25,0,721,0
TCP,214,168,0,172,0
TCP,351,203,0,1492,0
ICMP,642,70,0,532,0
TCP,82,304,0,421,0
UDP,469,228,0,138,0
TCP,1425,41,0,809,0
TCP,364,286,0,524,0
TCP,242,33,0,863,0
UDP,351,124,0,213,0
TCP,686,111,0,171,0
TCP,561,5,0,69,0
TCP,303,85,0,322,0
TCP,252,64,0,160,0
UDP,597,108,0,1422,0
ICMP,562,37,0,732,0
UDP,6128,16,0,4933,1
ICMP,474,364,0,104,0
TCP,319,151,0,88,0
TCP,522,158,0,439,0
TCP,148,107,0,477,0
TCP,494,65,0,502,0
TCP,30,18,1,451,0
TCP,186,20,0,679,0
TCP,248,101,0,339,0
TCP,138,164,0,496,0
UDP,1110,131,0,571,0
TCP,673,73,0,627,0
ICMP,135,176,0,164,0
TCP,243,144,0,503,0
TCP,379,142,0,650,0
TCP,631,92,0,323,0
UDP,425,126,0,219,0
TCP,117,32,0,481,0
TCP,387,29,1,597,0
UDP,174,30,0,491,0
TCP,299,54,0,359,0
UDP,353,81,0,624,0
TCP,511,65,0,270,0
TCP,443,51,1,571,0
TCP,127,67,0,739,0
TCP,454,1,0,74,0
TCP,904,94,0,405,0
UDP,1787,155,0,642,0
TCP,497,137,0,629,0
TCP,37,47,1,99,0
TCP,1080,86,0,1428,0
TCP,215,243,0,73,0
ICMP,1544,11,0,269,0
TCP,817,37,0,277,0
UDP,17,258,0,2077,0
TCP,259,35,0,67,0
TCP,860,29,0,141,0
TCP,590,189,0,952,0
TCP,156,74,0,1488,0
TCP,584,276,0,217,0
UDP,105,3,0,774,0
TCP,1151,122,0,42,0
TCP,304,140,0,6,0
TCP,254,389,0,669,0
TCP,158,17,0,753,0
UDP,216,9,0,1049,0
TCP,482,23,0,777,0
UDP,171,1,0,72,0
TCP,1029,120,0,447,0
TCP,555,216,1,216,0
TCP,174,116,0,727,0
TCP,1308,133,0,61,0
TCP,397,67,0,229,0
TCP,99,89,1,472,0
TCP,733,107,6,834,1
TCP,336,43,0,170,0
TCP,123,38,0,1419,0
ICMP,165,28,0,93,0
TCP,454,156,0,777,0
UDP,546,10,0,360,0
TCP,617,103,0,442,0
UDP,1108,21,0,580,0
TCP,2479,304,0,110,0
TCP,370,3,0,637,0
UDP,458,226,0,18,0
TCP,676,10,1,319,0
TCP,29,88,0,447,0
TCP,627,229,0,1105,0
TCP,344,14,0,619,0
TCP,643,19,0,245,0
TCP,1159,358,0,146,0
UDP,484,218,0,681,0
TCP,36,21,0,641,0
TCP,910,14,0,437,0
TCP,233,60,0,389,0
TCP,410,13,0,352,0
TCP,125,135,0,1360,0
TCP,756,13,0,73,0
UDP,308,116,0,119,0
TCP,681,92,0,408,0
TCP,1242,267,0,1389,0
UDP,98,83,0,149,0
UDP,101,341,0,353,0
TCP,1104,275,0,852,0
TCP,1670,130,0,182,0
TCP,157,197,0,541,0
UDP,78,109,0,950,0
TCP,174,18,0,565,0
TCP,187,85,0,573,0
TCP,549,283,0,449,0
TCP,186,13,0,157,0
TCP,110,230,0,96,0
UDP,357,84,0,30,0
TCP,1429,64,0,1252,0
TCP,779,65,0,859,0
ICMP,95,16,0,147,0
TCP,369,8,0,464,0
UDP,123,75,0,45,0
TCP,2091,34,0,590,0
ICMP,356,5,0,28,0
TCP,514,373,0,458,0
TCP,300,157,0,4,0
TCP,366,2,0,365,0
UDP,144,126,0,246,0
TCP,265,208,0,734,0
TCP,102,119,0,866,0
UDP,369,57,0,1365,0
TCP,30,21,0,1432,0
TCP,426,48,0,757,0
UDP,236,187,0,523,0
TCP,570,19,0,639,0
TCP,799,36,0,244,0
TCP,1,171,0,51,0
TCP,37,83,0,18,0
TCP,991,12,0,997,0
ICMP,527,90,0,396,0
TCP,128,191,1,55,0
TCP,469,90,0,202,0
TCP,699,190,0,197,0
TCP,685,83,0,512,0
UDP,285,31,0,43,0
TCP,165,180,0,698,0
UDP,1434,137,0,96,0
TCP,406,8,0,1018,0
TCP,601,82,0,836,0
ICMP,2,61,0,192,0
TCP,1784,28,0,733,0
TCP,64,69,0,461,0
TCP,1151,142,0,427,0
TCP,745,4,0,29,0
UDP,782,55,1,110,0
TCP,634,166,1,307,0
UDP,497,147,0,39,0
ICMP,180,154,7,2323,1
TCP,186,201,0,1047,0
TCP,151,7,0,670,0
TCP,1009,6,0,2326,0
UDP,444,193,0,570,0
TCP,13,102,0,151,0
TCP,31,115,0,195,0
TCP,1162,422,0,555,0
TCP,829,94,0,62,0
TCP,809,139,0,121,0
TCP,1829,78,1,792,0
UDP,560,37,0,42,0
TCP,1265,229,0,180,0
UDP,153,22,0,688,0
TCP,420,74,0,331,0
TCP,60,81,0,503,0
TCP,101,180,0,688,0
TCP,470,53,0,753,0
TCP,3082,115,1,1058,0
TCP,1009,290,0,3,0
TCP,418,89,0,995,0
TCP,1112,133,0,551,0
UDP,428,184,1,73,0
TCP,71,137,0,198,0
UDP,184,252,0,144,0
TCP,653,8,0,259,0
TCP,23,57,0,861,0
TCP,1340,61,0,638,0
TCP,212,94,0,393,0
UDP,982,93,1,78,0
TCP,233,45,0,1487,0
ICMP,163,89,0,39,0
UDP,189,95,0,267,0
TCP,442,173,7,379,1
TCP,702,159,0,151,0
TCP,65,38,0,218,0
TCP,916,98,0,436,0
TCP,298,66,0,163,0
TCP,1340,40,0,647,0
TCP,343,197,0,172,0
TCP,60,220,0,253,0
TCP,7903,12,6,5324,1
TCP,729,38,0,8,0
UDP,30,36,0,680,0
TCP,196,263,0,896,0
ICMP,137,68,0,310,0
TCP,64,35,0,226,0
ICMP,1294,47,0,166,0
TCP,1003,57,0,494,0
TCP,50,1,0,633,0
TCP,168,38,0,596,0
TCP,535,125,0,79,0
TCP,321,60,0,382,0
TCP,989,125,0,2381,0
UDP,751,7,0,214,0
TCP,105,121,0,141,0
UDP,186,57,0,651,0
UDP,176,3,1,161,0
UDP,584,80,0,751,0
TCP,535,247,0,20,0
TCP,1817,121,0,160,0
TCP,95,70,0,297,0
TCP,76,55,0,256,0
TCP,34,30,0,215,0
TCP,433,13,0,88,0
ICMP,129,100,1,255,0
TCP,624,120,0,549,0
ICMP,116,16,1,1022,0
UDP,1458,63,0,144,0
TCP,189,302,0,42,0
UDP,380,110,0,29,0
UDP,171,38,1,912,0
TCP,147,80,0,910,0
TCP,435,52,0,350,0
UDP,218,156,0,553,0
TCP,507,3,0,792,0
TCP,104,115,0,129,0
TCP,112,61,0,946,0
TCP,417,20,0,35,0
UDP,244,329,1,616,0
TCP,4885,179,0,218,1
TCP,457,124,0,572,0
TCP,32,6,0,1071,0
TCP,224,100,0,35,0
TCP,116,76,0,318,0
TCP,104,102,0,196,0
TCP,737,6,0,395,0
TCP,356,67,0,270,0
TCP,424,43,0,715,0
TCP,321,200,0,396,0
TCP,97,114,0,620,0
TCP,259,305,1,271,0
TCP,403,30,0,130,0
UDP,1332,60,0,80,0
TCP,774,27,0,300,0
UDP,173,500,0,285,0
TCP,34,586,0,86,0
TCP,1628,93,0,1,0
TCP,358,96,0,479,0
TCP,147,27,0,1174,0
UDP,110,298,0,1411,0
TCP,991,31,0,400,0
ICMP,630,419,0,339,0
UDP,158,53,0,786,0
UDP,163,130,0,303,0
TCP,170,70,0,172,0
TCP,240,10,0,287,0
TCP,40,10,1,1215,0
UDP,466,72,1,260,0
UDP,32,38,0,735,0
UDP,464,8,0,64,0
UDP,150,29,0,137,0
TCP,39,0,0,248,0
TCP,315,124,0,702,0
UDP,116,144,0,754,0
UDP,438,140,0,450,0
TCP,248,93,0,808,0
ICMP,181,23,0,1004,0
TCP,1518,22,0,1284,0
ICMP,165,8,0,125,0
TCP,1988,98,0,6,0
TCP,510,61,0,326,0
TCP,510,86,0,1738,0
TCP,128,23,0,590,0
UDP,810,17,1,999,0
TCP,997,76,0,354,0
TCP,420,46,0,774,0
UDP,374,87,0,263,0
TCP,212,115,1,1444,0
TCP,889,62,0,818,0
TCP,214,221,0,99,0
TCP,937,75,0,1,0
UDP,1222,141,0,322,0
UDP,490,86,0,155,0
UDP,267,247,0,137,0
TCP,55,2,0,463,0
TCP,590,94,0,667,0
TCP,324,45,0,382,0
TCP,24,23,0,39,0
TCP,246,174,0,286,0
TCP,297,58,0,453,0
TCP,198,62,0,274,0
TCP,85,64,0,1116,0
UDP,108,189,0,81,0
TCP,818,59,0,800,0
TCP,711,16,0,427,0
TCP,463,118,0,477,0
ICMP,334,50,0,302,0
TCP,576,15,0,303,0
TCP,640,73,0,1227,0
TCP,70,39,0,159,0
TCP,49,47,9,332,1
TCP,335,173,0,409,0
TCP,892,75,0,747,0
UDP,197,25,0,120,0
TCP,903,74,0,1006,0
ICMP,136,29,0,371,0
TCP,375,302,0,1638,0
TCP,241,110,0,1241,0
TCP,105,145,0,1682,0
TCP,355,134,0,2579,0
UDP,829,126,0,431,0
TCP,137,57,0,509,0
TCP,283,75,0,919,0
TCP,1232,133,0,1651,0
TCP,533,374,0,201,0
TCP,209,602,0,1353,0
TCP,1710,41,0,612,0
TCP,786,143,0,354,0
TCP,4590,23,0,5489,1
ICMP,243,149,0,163,1
TCP,236,193,0,202,0
ICMP,1676,405,0,159,0
TCP,304,70,0,66,0
TCP,906,161,0,95,0
TCP,75,214,0,12,0
UDP,259,44,0,172,0
TCP,2834,77,8,5245,1
TCP,66,3,0,63,0
TCP,530,51,0,609,0
TCP,4,12,0,179,0
TCP,272,204,0,497,0
TCP,465,135,0,640,0
TCP,221,12,0,278,0
TCP,289,479,0,235,0
ICMP,99,34,0,621,0
TCP,381,0,0,1231,0
TCP,395,13,0,234,0
TCP,21,301,0,875,0
TCP,370,21,0,71,0
ICMP,62,143,0,2,0
TCP,641,36,0,531,0
TCP,355,8,0,597,0
TCP,457,48,0,237,0
TCP,900,167,0,293,0
TCP,1228,177,1,623,0
UDP,559,10,0,429,0
TCP,90,176,0,17,0
TCP,361,13,0,23,0
TCP,143,99,0,573,0
UDP,186,221,1,147,0
TCP,768,114,0,380,0
TCP,154,4,0,1149,0
TCP,166,101,0,514,0
TCP,1308,69,0,643,0
TCP,0,43,0,29,0
TCP,210,13,1,1187,0
UDP,294,12,0,274,0
TCP,222,9,0,836,0
TCP,685,94,0,121,0
ICMP,487,99,1,131,0
ICMP,255,10,0,427,0
TCP,1516,42,0,462,0
UDP,337,36,0,955,0
TCP,1312,42,0,277,0
TCP,386,132,0,1205,0
TCP,1065,2,0,542,0
UDP,69,186,0,441,0
ICMP,298,48,1,581,0
TCP,1191,38,0,535,0
TCP,803,17,0,173,0
TCP,733,207,0,476,0
TCP,319,91,0,217,0
TCP,375,193,0,125,0
UDP,192,16,1,7,0
TCP,774,332,0,291,0
TCP,216,49,0,492,0
UDP,220,53,0,147,0
TCP,458,92,0,284,0
TCP,404,119,0,1160,0
TCP,1014,153,0,244,0
UDP,253,113,0,224,0
TCP,5757,115,8,896,1
TCP,475,141,1,535,0
UDP,666,96,0,1457,0
TCP,103,66,0,25,0
TCP,78,96,0,291,0
TCP,477,135,0,245,0
UDP,210,10,0,1112,0
UDP,490,135,0,1342,0
TCP,81,22,0,667,0
TCP,276,5,0,23,0
TCP,4780,157,2,357,1
UDP,273,111,0,367,0
TCP,30,21,0,293,0
UDP,454,54,0,1329,0
ICMP,5008,91,4,3595,1
TCP,29,19,0,138,0
TCP,133,33,0,201,0
TCP,3,84,0,339,0
UDP,280,33,0,207,0
TCP,9,195,1,566,0
TCP,343,237,0,299,0
UDP,222,152,1,375,0
TCP,461,248,0,706,0
TCP,744,68,0,387,0
TCP,393,23,1,271,0
UDP,292,63,0,193,0
TCP,360,112,0,235,0
TCP,319,51,0,20,0
ICMP,191,82,0,865,0
UDP,286,25,0,4,0
UDP,686,78,0,128,0
TCP,107,28,0,358,0
UDP,239,50,0,169,0
ICMP,2786,151,0,63,0
ICMP,42,121,0,605,0
ICMP,149,147,0,658,0
TCP,99,145,0,1416,0
ICMP,917,39,0,305,0
UDP,178,230,0,375,0
TCP,231,82,0,717,0
TCP,506,29,1,97,0
TCP,149,0,0,580,0
TCP,3431,214,0,51,0
TCP,63,23,0,27,0
UDP,1065,15,0,301,0
UDP,202,102,0,79,0
TCP,61,104,0,1914,0
TCP,183,85,0,784,0
TCP,5139,153,10,207,1
UDP,413,92,1,69,0
TCP,789,19,0,2,0
ICMP,382,275,0,216,0
TCP,353,42,0,85,0
TCP,2,67,0,795,0
TCP,719,144,0,937,0
ICMP,121,26,0,772,0
TCP,331,17,0,762,0
TCP,255,138,0,34,0
UDP,797,1,0,270,0
TCP,282,108,0,251,0
UDP,283,36,0,121,0
TCP,272,195,0,1355,0
UDP,99,52,0,748,0
TCP,137,39,0,169,0
UDP,265,140,0,883,0
TCP,722,88,0,51,0
ICMP,147,91,0,156,0
TCP,642,32,0,575,0
UDP,540,94,0,2066,0
TCP,34,36,0,20,0
TCP,126,137,0,242,0
ICMP,852,30,0,51,0
TCP,186,73,0,116,0
TCP,5657,23,0,5654,1
UDP,729,137,0,832,0
TCP,24,27,0,16,0
TCP,357,4,0,462,0
TCP,160,41,0,160,0
TCP,304,28,0,11,0
TCP,896,44,0,318,0
TCP,473,70,1,575,0
TCP,147,163,0,1479,0
TCP,134,46,0,136,0
TCP,80,198,0,343,0
UDP,542,47,0,308,0
TCP,200,4,0,406,0
TCP,158,380,0,793,0
UDP,665,30,0,180,0
TCP,1294,39,1,503,0
TCP,664,82,0,1264,0
TCP,1109,122,0,204,0
TCP,558,157,0,723,0
TCP,133,131,0,124,0
TCP,300,70,0,1938,0
TCP,26,386,0,581,0
TCP,135,12,0,8,0
TCP,463,409,0,605,0
ICMP,189,112,0,760,0
TCP,467,111,0,1095,0
TCP,223,200,0,228,0
UDP,55,45,0,2085,0
TCP,197,195,0,138,0
UDP,143,93,0,73,0
TCP,155,43,0,1149,0
TCP,662,140,0,191,0
UDP,719,166,0,298,0
TCP,1209,30,0,1257,0
ICMP,92,2,0,32,0
TCP,109,103,0,162,0
TCP,145,18,0,616,0
ICMP,169,149,0,581,0
TCP,1396,40,0,103,0
ICMP,110,95,0,617,0
TCP,167,8,0,1357,0
UDP,995,496,0,241,0
TCP,527,25,0,50,0
TCP,747,41,9,766,1
TCP,129,138,0,1211,0
TCP,4965,21,6,231,1
TCP,62,147,0,3399,0
TCP,151,18,0,84,0
ICMP,65,4,0,1005,0
TCP,221,138,0,144,0
TCP,168,49,0,454,0
TCP,95,25,1,254,0
UDP,447,82,0,989,0
TCP,1052,304,0,409,0
TCP,188,466,0,274,0
TCP,297,65,1,146,0
TCP,246,21,0,200,0
TCP,266,116,0,823,0
TCP,1107,58,0,1422,0
TCP,610,53,0,326,0
TCP,1735,6,0,749,0
TCP,213,112,0,264,0
TCP,244,23,0,114,0
TCP,58,7,0,707,0
TCP,124,93,0,555,0
TCP,104,197,0,35,0
TCP,62,320,0,747,0
TCP,368,233,0,97,0
TCP,2175,92,1,607,0
TCP,114,156,0,347,0
UDP,362,23,0,742,0
UDP,85,112,1,430,0
TCP,255,41,0,1285,0
TCP,349,84,7,446,1
UDP,532,237,0,489,0
TCP,193,82,0,106,0
TCP,182,62,0,103,0
TCP,275,174,0,493,0
ICMP,186,24,0,448,0
TCP,41,444,0,100,0
ICMP,193,14,0,213,0
TCP,201,51,0,335,0
TCP,1134,40,0,316,0
TCP,1370,32,0,868,0
TCP,232,90,0,383,0
UDP,423,33,0,197,0
TCP,112,65,0,15,0
TCP,1413,27,0,712,0
TCP,1474,172,0,478,0
ICMP,145,107,0,985,0
TCP,448,172,0,44,0
TCP,80,136,0,123,0
TCP,918,18,0,134,0
ICMP,332,56,1,1102,0
TCP,504,59,3,5807,1
TCP,562,121,0,330,0
ICMP,975,30,0,141,0
TCP,169,22,0,2048,0
ICMP,252,126,0,500,0
ICMP,1355,414,8,4981,1
TCP,830,73,0,148,0
UDP,476,13,0,1627,0
TCP,930,25,0,123,0
TCP,308,50,0,713,0
TCP,988,85,0,459,0
TCP,267,130,0,154,0
TCP,2045,110,1,22,0
UDP,441,219,1,104,0
TCP,1273,330,0,494,0
ICMP,398,3,1,199,0
TCP,427,141,0,402,0
TCP,139,4,0,1713,0
ICMP,224,28,0,254,0
TCP,154,135,0,66,1
TCP,491,64,1,103,0
TCP,605,238,0,391,0
ICMP,373,244,1,108,0
UDP,114,87,4,6854,1
TCP,289,123,1,1482,0
TCP,1156,81,0,736,0
TCP,604,53,0,143,0
TCP,455,241,0,896,0
TCP,167,36,0,415,0
TCP,982,91,1,114,0
TCP,627,186,0,221,0
UDP,161,122,0,46,0
TCP,203,129,0,965,0
TCP,877,21,0,8,0
TCP,432,162,0,24,0
TCP,1417,68,0,95,0
TCP,3,48,0,536,0
UDP,406,302,0,135,0
TCP,351,26,0,421,0
ICMP,676,186,1,154,0
TCP,595,195,0,285,0
TCP,305,69,0,560,0
TCP,178,55,0,5,0
TCP,488,5,0,445,0
UDP,338,140,0,2539,0
TCP,256,76,0,1750,0
TCP,1077,106,0,257,0
TCP,303,12,0,66,0
TCP,65,52,1,339,0
ICMP,64,117,0,71,0
TCP,1127,83,0,51,0
UDP,221,61,0,195,0
TCP,551,74,0,334,0
UDP,337,64,0,640,0
TCP,6322,31,6,6258,1
TCP,431,108,0,881,0
TCP,139,151,0,623,0
TCP,909,101,0,335,0
TCP,452,3,0,143,0
TCP,343,63,0,3,0
TCP,790,102,0,125,0
TCP,228,20,0,201,0
TCP,566,23,0,183,0
TCP,51,147,0,1162,0
TCP,275,42,0,437,0
UDP,759,48,0,968,0
TCP,241,118,0,1686,0
TCP,1093,139,1,1178,0
TCP,473,55,0,268,0
TCP,458,81,0,451,0
UDP,419,131,0,118,0
TCP,561,128,0,227,0
TCP,182,61,0,8,0
TCP,164,33,0,1618,0
TCP,32,37,0,412,0
UDP,397,174,0,1312,0
UDP,702,16,0,319,0
TCP,1010,29,0,691,0
TCP,99,358,0,45,0
TCP,1648,127,0,862,0
TCP,193,100,0,181,0
TCP,389,2,0,999,0
TCP,496,83,0,472,0
ICMP,649,129,0,641,0
UDP,255,74,0,181,0
TCP,458,35,0,225,0
TCP,25,254,1,1244,0
TCP,70,72,1,84,0
TCP,258,7,4,4884,1
UDP,93,125,0,697,0
TCP,571,17,1,180,0
TCP,461,27,0,675,0
TCP,598,97,0,1322,0
TCP,117,144,0,20,0
TCP,2343,105,0,170,0
TCP,119,6,0,52,0
TCP,372,317,0,708,0
TCP,180,331,0,449,0
TCP,318,14,0,499,0
TCP,3358,222,0,202,0
UDP,486,189,0,1551,0
TCP,109,59,1,649,0
TCP,110,58,1,116,0
UDP,401,34,0,1573,0
TCP,1851,223,0,443,0
ICMP,501,14,0,128,0
TCP,224,56,0,646,0
TCP,88,23,2,369,0
UDP,334,83,0,329,0
ICMP,2336,63,0,488,0
TCP,689,182,0,874,0
TCP,110,104,0,1084,0
UDP,202,342,0,268,0
UDP,36,127,0,52,0
TCP,11,550,0,127,0
TCP,147,43,0,248,0
TCP,63,7,1,122,0
TCP,371,38,0,111,0
TCP,35,73,0,244,0
UDP,1306,97,0,69,0
TCP,701,114,1,87,0
ICMP,639,140,2,85,0
TCP,260,226,0,245,0
TCP,407,18,0,104,0
TCP,51,16,0,824,0
TCP,70,105,1,898,0
TCP,461,180,1,317,0
TCP,450,4,0,483,0
TCP,34,85,0,1439,0
TCP,720,40,0,71,0
TCP,1468,16,0,5310,1
UDP,84,11,0,177,0
UDP,63,152,0,194,0
TCP,428,61,0,1246,0
ICMP,1616,68,0,900,0
TCP,1390,67,0,205,0
TCP,434,113,0,36,0
TCP,410,40,0,3,0
UDP,122,20,0,664,0
UDP,354,14,0,11,0
ICMP,1873,83,0,15,0
TCP,137,257,0,479,0
TCP,531,49,0,528,0
TCP,39,32,0,1461,0
UDP,326,18,0,67,0
UDP,72,43,0,166,0
TCP,799,115,0,641,0
TCP,338,14,0,262,0
TCP,129,329,0,425,0
TCP,2006,25,1,47,0
TCP,49,17,0,342,0
TCP,341,128,0,706,0
UDP,1682,23,1,1201,0
TCP,66,122,0,185,0
TCP,162,95,0,302,0
UDP,536,48,0,374,0
UDP,918,88,0,1044,0
TCP,223,61,1,596,0
TCP,1059,57,0,851,0
TCP,384,152,0,509,0
ICMP,422,59,0,6361,1
UDP,43,53,0,889,0
TCP,2802,71,0,1248,0
TCP,871,249,0,439,0
TCP,154,24,0,219,0
TCP,1417,15,0,333,0
TCP,801,14,0,287,0
TCP,117,27,0,193,0
TCP,58,141,1,373,0
TCP,39,4,0,325,0
TCP,853,88,0,233,0
TCP,252,137,6,263,1
TCP,989,53,0,530,0
ICMP,762,271,7,66,1
TCP,315,17,0,548,0
TCP,217,55,0,241,0
UDP,198,287,0,159,0
ICMP,226,6,0,244,0
TCP,601,42,0,431,0
UDP,518,135,1,1451,0
TCP,50,90,0,488,0
UDP,472,9,0,1015,0
TCP,70,57,0,102,0
TCP,2086,132,0,604,0
TCP,380,70,0,448,0
TCP,165,283,0,135,0
TCP,1178,2,0,665,0
TCP,6075,108,0,6380,1
TCP,113,7,0,180,0
TCP,177,23,0,174,0
UDP,248,17,1,1375,0
ICMP,10,303,0,2024,0
TCP,336,46,0,74,0
ICMP,685,21,0,1788,0
TCP,447,76,0,929,0
TCP,171,155,0,1448,0
ICMP,5752,81,3,4792,1
TCP,143,111,0,1164,0
TCP,90,78,0,85,0
UDP,4308,42,2,4276,1
UDP,209,76,0,319,0
TCP,303,320,0,797,0
TCP,27,219,1,508,0
TCP,1271,20,0,251,0
TCP,435,24,1,1467,0
TCP,1035,37,0,125,0
TCP,1035,46,1,894,0
TCP,450,153,0,1281,0
ICMP,465,108,0,148,0
TCP,122,50,0,650,0
TCP,384,96,0,17,0
UDP,605,119,0,468,0
TCP,231,260,0,418,0
UDP,817,4,0,5,0
TCP,53,260,0,188,0
TCP,1337,63,0,113,0
TCP,259,22,0,547,0
TCP,144,28,0,224,0
TCP,403,87,0,947,0
UDP,379,122,1,159,0
TCP,254,57,1,256,0
ICMP,120,45,0,59,0
TCP,638,19,0,254,0
UDP,831,3,0,638,0
TCP,29,61,0,105,0
TCP,540,72,0,833,0
TCP,1602,71,1,348,0
UDP,252,110,0,522,0
TCP,296,19,0,369,0
TCP,279,45,0,811,0
TCP,163,58,0,500,0
TCP,5349,207,0,241,1
TCP,993,0,0,20,0
UDP,127,8,0,697,0
TCP,330,28,0,769,0
TCP,669,42,0,121,0
TCP,760,10,0,29,0
ICMP,358,31,0,374,0
ICMP,564,2,0,1599,0
UDP,178,155,0,971,0
TCP,53,17,0,761,0
TCP,199,14,0,205,0
TCP,433,168,0,1189,0
TCP,779,20,0,994,0
TCP,44,187,0,29,0
TCP,302,67,0,501,0
TCP,274,6,0,248,0
TCP,302,34,0,1148,0
TCP,29,260,0,156,0
TCP,442,91,0,94,0
TCP,448,357,0,156,0
TCP,107,75,0,938,0
ICMP,40,17,0,798,0
TCP,805,248,0,304,0
UDP,239,236,0,432,0
TCP,31,133,1,521,0
UDP,901,12,1,195,0
TCP,42,7,0,1860,0
UDP,21,49,0,859,0
TCP,108,128,0,539,0
UDP,314,37,0,373,0
UDP,135,59,0,137,0
UDP,225,18,0,2264,0
ICMP,250,446,0,3053,0
UDP,1607,243,0,434,0
TCP,70,80,0,103,0
TCP,24,115,1,17,0
TCP,271,61,0,671,0
ICMP,5341,63,10,1534,1
TCP,548,318,0,372,0
TCP,227,104,0,811,0
TCP,393,4,0,269,0
TCP,167,199,0,274,0
TCP,319,139,0,265,0
TCP,69,95,1,525,0
TCP,5170,87,7,470,1
TCP,112,34,0,221,0
UDP,416,6,0,551,0
ICMP,975,12,0,690,0
TCP,114,51,0,455,0
TCP,567,183,0,620,0
TCP,253,16,0,833,0
TCP,487,38,0,1669,0
TCP,61,52,1,53,0
TCP,594,194,0,64,0
UDP,12,107,0,567,0
UDP,262,270,1,195,0
TCP,376,9,0,202,0
TCP,1311,22,0,292,0
TCP,1453,310,7,6222,1
UDP,102,8,0,1525,0
TCP,587,12,0,491,0
TCP,19,128,0,1360,0
TCP,238,58,0,203,0
TCP,899,44,0,118,0
TCP,14,79,0,34,0
TCP,1447,97,0,440,0
TCP,508,82,0,1422,0
TCP,12,185,0,859,0
TCP,266,7,0,369,0
TCP,482,119,0,420,0
UDP,454,7,0,274,0
TCP,50,84,0,1525,0
TCP,219,78,0,496,0
UDP,228,359,0,628,0
TCP,267,81,0,302,0
TCP,439,100,0,3773,0
TCP,763,93,0,18,0
TCP,72,95,0,1041,0
TCP,834,32,0,1258,0
TCP,582,418,0,110,0
TCP,143,61,0,304,0
TCP,1308,0,0,469,0
TCP,51,15,0,479,0
ICMP,764,44,0,336,0
TCP,99,119,0,324,0
TCP,511,169,0,5,0
TCP,1303,239,0,1062,0
TCP,1165,86,0,157,0
UDP,6321,63,3,6204,1
TCP,122,179,0,602,0
TCP,984,93,0,2071,0
TCP,589,57,0,428,0
ICMP,22,102,0,828,0
UDP,75,6,0,401,0
TCP,797,135,0,70,0
TCP,64,92,0,390,0
ICMP,1753,2,0,52,0
ICMP,463,156,0,784,0
TCP,2134,29,0,1090,0
TCP,424,14,0,1403,0
TCP,0,38,0,504,0
UDP,466,123,1,1065,0
TCP,5043,1,0,6915,1
TCP,1152,206,1,248,0
TCP,5251,72,4,5410,1
TCP,570,54,0,303,0
TCP,537,410,0,19,0
TCP,64,122,0,847,0
UDP,55,18,0,1032,0
TCP,353,246,0,13,0
TCP,350,130,0,517,0
TCP,1750,53,0,613,0
ICMP,1465,66,0,471,0
UDP,83,231,1,71,0
UDP,56,18,0,96,0
TCP,31,153,0,242,0
TCP,666,27,0,220,0
TCP,1264,105,0,512,0
TCP,166,217,0,364,0
TCP,916,7,1,969,0
UDP,508,74,0,954,0
TCP,342,266,0,179,0
TCP,36,43,0,677,0
TCP,814,272,0,933,0
TCP,423,27,0,173,0
ICMP,22,62,0,1552,0
UDP,677,75,0,834,0
TCP,384,72,0,147,0
UDP,111,220,0,489,0
TCP,705,59,0,134,0
TCP,8,67,0,299,0
TCP,326,215,0,130,0
UDP,647,219,0,123,0
TCP,181,70,0,223,0
ICMP,2418,56,0,132,0
TCP,788,46,0,34,0
TCP,457,228,0,349,0
UDP,469,215,1,940,0
TCP,212,42,0,124,0
TCP,66,22,0,652,0
UDP,253,78,0,497,0
TCP,524,122,1,1060,0
ICMP,430,88,1,417,0
ICMP,144,28,0,725,0
TCP,66,3,0,278,0
TCP,381,84,1,1203,0
TCP,593,34,0,335,0
TCP,252,141,1,44,0
ICMP,18,5,0,1271,0
TCP,205,279,0,304,0
TCP,925,7,1,378,0
UDP,331,36,0,65,0
ICMP,636,16,0,851,0
TCP,794,448,5,6794,1
TCP,262,1,0,1280,0
TCP,228,18,0,830,0
TCP,582,19,0,437,0
UDP,523,150,0,78,0
TCP,213,205,0,216,0
ICMP,31,308,0,375,0
TCP,270,11,0,1784,0
TCP,649,14,0,106,0
UDP,143,583,0,31,0
TCP,434,4,1,925,0
UDP,225,94,0,147,0
TCP,103,26,0,37,0
ICMP,125,181,0,319,0
TCP,80,1,0,609,0
TCP,325,15,1,355,0
UDP,2023,36,0,106,0
TCP,49,62,0,976,0
UDP,143,56,0,248,0
UDP,249,165,0,497,0
TCP,31,12,0,480,0
UDP,852,117,0,272,0
TCP,575,116,0,49,0
UDP,48,566,1,613,0
TCP,823,100,0,250,0
UDP,111,40,0,41,0
TCP,32,39,9,3646,1
UDP,1132,106,0,1200,0
TCP,42,100,0,434,0
TCP,1017,127,1,159,1
TCP,75,102,0,321,0
TCP,1007,20,0,82,0
TCP,893,59,0,161,0
TCP,861,26,0,208,0
UDP,718,114,0,135,0
TCP,47,140,1,322,0
TCP,164,76,0,890,0
TCP,308,167,1,1294,0
TCP,330,203,0,1508,0
UDP,4359,160,0,5926,1
TCP,521,112,0,644,0
TCP,241,34,0,232,0
TCP,1296,61,0,270,0
TCP,1346,218,0,286,0
ICMP,134,31,0,990,0
TCP,337,106,0,547,0
TCP,1238,189,0,20,0
UDP,440,381,0,555,0
UDP,413,61,0,40,0
TCP,159,192,0,42,0
TCP,295,21,0,4,0
TCP,912,88,0,286,0
TCP,1283,168,0,559,0
TCP,482,1,0,682,0
TCP,736,46,0,471,0
TCP,1075,128,0,14,0
TCP,1411,19,0,27,0
TCP,229,385,0,298,0
TCP,38,231,0,301,0
ICMP,791,101,0,1027,0
TCP,452,25,0,1671,0
TCP,14,104,0,387,0
TCP,986,104,0,37,0
TCP,263,107,0,181,0
TCP,183,30,0,174,0
TCP,152,78,0,406,0
TCP,353,23,0,682,0
UDP,149,15,0,498,0
ICMP,674,46,0,328,0
UDP,528,15,0,32,0
TCP,620,90,0,1131,0
TCP,1175,137,0,78,0
TCP,21,115,0,576,0
TCP,83,92,0,243,0
UDP,1179,87,0,256,0
TCP,1350,12,0,943,0
TCP,138,2,1,3,0
TCP,889,109,0,183,0
TCP,188,289,0,875,0
TCP,447,295,0,199,0
TCP,142,103,0,1831,0
TCP,510,60,0,870,0
TCP,966,104,0,40,0
TCP,142,14,0,1107,0
UDP,1406,7,2,1306,0
TCP,158,32,0,271,0
TCP,1232,380,0,449,0
TCP,876,160,0,294,0
TCP,39,45,0,1011,1
TCP,511,204,0,2,0
TCP,274,43,0,878,0
TCP,378,183,0,85,0
TCP,301,73,0,49,0
TCP,132,220,1,239,0
TCP,73,79,0,59,0
TCP,139,137,0,1032,0
TCP,42,51,0,187,0
TCP,531,94,0,708,0
UDP,285,41,0,79,0
TCP,332,58,0,163,0
TCP,400,21,0,42,0
TCP,84,36,0,435,0
ICMP,686,53,0,1479,0
TCP,160,354,0,12,0
TCP,44,14,0,206,0
TCP,30,63,0,1250,0
ICMP,118,65,0,155,0
TCP,366,58,0,570,0
ICMP,16,2,0,1632,0
TCP,40,284,0,490,0
TCP,1472,71,0,368,0
TCP,518,74,1,1423,0
TCP,464,12,0,1387,0
UDP,634,92,0,195,0
UDP,528,111,0,741,0
TCP,378,36,0,27,0
TCP,2399,95,0,357,0
TCP,70,20,0,302,0
TCP,30,73,0,374,0
UDP,87,17,0,1109,0
TCP,21,42,0,395,0
TCP,7,3,0,244,0
TCP,89,491,0,459,0
TCP,424,291,0,416,0
TCP,1103,1,1,85,0
ICMP,340,117,0,543,0
TCP,549,96,0,51,0
TCP,99,4,0,429,0
TCP,421,128,0,124,0
TCP,319,193,0,610,0
UDP,659,186,0,1163,0
TCP,364,109,0,187,0
ICMP,164,233,0,236,0
UDP,814,149,0,73,0
TCP,354,167,0,131,0
TCP,1040,121,0,1060,0
UDP,584,92,0,900,0
TCP,435,69,0,1042,0
UDP,110,32,0,65,0
TCP,136,225,0,1733,0
TCP,553,12,0,83,0
TCP,96,272,0,154,0
TCP,310,39,0,1214,0
UDP,122,132,0,11,0
TCP,4964,27,3,6544,1
TCP,837,3,0,231,0
TCP,335,90,0,1148,0
TCP,115,168,0,333,0
TCP,115,12,0,288,0
TCP,241,44,0,741,0
TCP,556,55,0,203,0
TCP,36,22,0,123,0
TCP,4,5,0,522,0
TCP,375,82,0,332,0
UDP,197,343,0,568,0
TCP,601,34,0,321,0
TCP,344,4,0,50,0
TCP,205,74,0,423,0
TCP,176,107,0,1370,0
TCP,4091,92,0,5500,1
UDP,179,53,0,163,0
TCP,110,45,0,1062,0
TCP,1019,27,1,6881,1
UDP,452,31,0,196,0
TCP,244,320,0,1780,0
TCP,2,3,0,238,0
TCP,837,9,0,219,0
TCP,159,3,0,118,0
TCP,1139,165,0,500,0
TCP,966,86,0,2644,0
UDP,95,45,0,249,0
ICMP,1003,20,0,37,0
UDP,217,171,0,15,0
ICMP,1550,63,10,151,1
TCP,54,33,1,808,0
UDP,306,259,0,251,0
TCP,279,1,0,1139,0
TCP,104,43,0,422,0
UDP,323,4,0,317,0
UDP,312,26,0,1042,0
TCP,206,281,1,803,0
UDP,646,60,0,122,0
TCP,1375,112,0,264,0
TCP,315,14,0,226,0
TCP,173,147,0,67,0
TCP,342,38,0,2053,0
TCP,23,7,0,2379,0
TCP,2,84,0,398,0
TCP,469,77,0,256,0
TCP,122,83,0,14,0
ICMP,185,34,0,1284,0
TCP,41,3,0,179,0
ICMP,474,252,0,370,0
TCP,304,88,0,301,0
TCP,933,98,0,297,0
TCP,39,1,0,507,0
TCP,937,210,0,247,0
TCP,211,184,0,687,0
UDP,311,295,0,219,0
TCP,678,185,0,369,0
TCP,47,226,0,554,0
TCP,545,12,0,287,0
UDP,329,193,0,250,0
UDP,234,290,0,150,0
TCP,1363,283,0,198,0
UDP,352,61,0,2,0
TCP,120,110,0,327,1
UDP,448,306,0,351,0
TCP,1662,48,0,439,0
TCP,146,53,0,539,0
ICMP,9,33,0,1356,0
UDP,140,90,0,750,0
TCP,223,10,0,1040,0
TCP,454,72,0,1330,0
UDP,44,11,0,98,0
ICMP,65,236,0,14,0
TCP,625,348,1,31,0
TCP,229,3,0,843,0
TCP,499,75,0,283,0
TCP,574,323,0,84,0
ICMP,1318,14,0,108,0
TCP,401,73,0,1753,0
TCP,1360,4,1,163,0
UDP,1109,29,0,52,0
TCP,144,65,0,693,0
TCP,1011,115,0,5,0
TCP,296,92,5,6584,1
TCP,56,24,0,125,0
UDP,724,9,0,515,0
TCP,54,29,1,1424,0
UDP,139,8,0,780,0
ICMP,870,115,0,34,0
TCP,59,1,0,1192,0
ICMP,969,49,0,742,0
TCP,994,210,0,475,0
TCP,1365,62,0,74,0
TCP,846,4,1,18,0
TCP,260,19,0,300,0
TCP,577,37,0,177,0
ICMP,661,124,0,41,0
TCP,995,60,0,179,0
TCP,430,211,1,732,0
TCP,280,5,0,348,0
ICMP,1729,4,0,113,0
ICMP,0,73,0,365,0
UDP,492,51,0,38,0
TCP,504,88,0,263,0
TCP,172,64,0,105,0
TCP,1020,87,1,334,0
TCP,47,29,0,642,0
TCP,19,131,0,16,0
TCP,6,137,0,2205,0
TCP,46,9,0,111,0
TCP,1271,53,0,476,0
UDP,149,96,0,225,0
TCP,199,226,0,582,0
UDP,412,89,0,310,0
TCP,152,235,0,1184,0
TCP,48,40,5,5387,1
TCP,164,76,0,151,0
TCP,146,23,0,316,0
UDP,762,44,0,204,0
UDP,844,106,0,176,0
UDP,68,54,1,2591,0
UDP,1706,65,0,496,0
TCP,1730,44,0,89,0
TCP,685,64,0,864,0
ICMP,1255,114,0,354,0
TCP,446,25,0,168,0
TCP,359,7,0,432,0
TCP,72,15,0,1002,0
TCP,5861,84,0,5112,1
TCP,296,31,0,662,0
TCP,53,23,0,106,0
UDP,523,151,0,10,0
UDP,241,31,0,942,0
TCP,319,36,9,5862,1
UDP,44,106,0,354,0
UDP,208,22,0,1155,0
TCP,288,80,1,955,0
TCP,694,19,0,445,0
UDP,188,69,0,171,0
TCP,954,39,0,68,0
TCP,706,94,0,72,0
UDP,631,145,0,99,0
TCP,772,14,0,136,0
TCP,459,36,0,1192,0
TCP,3267,93,0,304,0
UDP,660,35,0,603,0
TCP,349,96,0,424,0
TCP,1053,185,0,451,0
TCP,412,41,0,94,0
TCP,124,75,0,396,0
ICMP,366,34,0,1983,0
TCP,370,196,0,905,0
TCP,46,245,0,144,0
TCP,648,40,1,1235,0
TCP,169,49,0,14,0
TCP,17,30,0,27,0
TCP,3,22,0,374,0
TCP,226,49,0,176,0
TCP,333,13,0,88,0
TCP,498,80,0,158,0
TCP,893,36,0,1101,0
TCP,324,138,0,388,0
TCP,243,90,0,66,0
TCP,861,21,0,116,0
TCP,1309,58,0,20,0
UDP,1379,10,0,141,0
TCP,20,4,0,1062,0
TCP,862,74,0,396,0
TCP,23,73,0,199,0
UDP,225,17,0,471,0
TCP,1218,84,1,87,0
TCP,24,20,0,705,0
TCP,46,106,0,1180,0
TCP,455,94,0,94,0
TCP,1999,9,0,828,0
UDP,87,140,0,296,0
TCP,96,109,0,579,0
TCP,900,12,0,278,0
ICMP,633,66,0,430,0
UDP,1751,7,0,73,0
TCP,849,26,0,610,0
TCP,534,298,0,342,0
TCP,150,99,0,323,0
TCP,965,141,0,222,0
ICMP,669,90,0,39,0
TCP,133,91,0,1112,0
TCP,913,63,1,611,0
ICMP,860,151,0,199,0
TCP,125,137,0,562,0
TCP,45,224,0,30,0
ICMP,650,271,0,659,0
TCP,583,6,1,397,0
TCP,33,29,0,123,0
TCP,46,71,0,1216,0
ICMP,27,45,0,872,0
TCP,31,97,0,547,0
TCP,329,138,0,399,0
TCP,240,208,0,4435,1
UDP,794,22,0,1491,0
TCP,278,61,0,595,0
TCP,155,94,0,232,0
ICMP,757,287,1,32,0
TCP,21,17,0,126,0
TCP,121,5,0,131,0
ICMP,128,157,0,1508,0
TCP,653,139,0,74,0
TCP,469,44,0,70,0
TCP,516,60,0,372,0
TCP,94,4,0,1,0
UDP,77,118,0,1344,0
TCP,1281,118,0,846,0
TCP,1276,137,0,581,0
TCP,201,166,0,676,0
TCP,694,46,0,362,0
TCP,5,5,0,658,0
ICMP,342,190,0,53,0
UDP,80,37,0,43,0
TCP,194,7,0,220,0
TCP,861,138,0,201,0
TCP,544,12,1,241,0
UDP,981,48,0,265,0
TCP,6,164,0,178,0
UDP,17,16,0,564,0
TCP,78,180,0,1722,0
TCP,303,123,0,2436,0
TCP,32,66,1,1042,1
TCP,57,252,1,252,0
TCP,92,391,0,977,0
TCP,1289,67,0,216,0
TCP,5842,65,6,5049,1
ICMP,1292,284,0,348,0
TCP,889,97,0,91,0
TCP,26,77,0,131,0
TCP,108,96,0,233,0
TCP,540,31,1,577,0
ICMP,113,68,0,487,0
TCP,74,54,0,59,0
TCP,21,112,0,465,0
TCP,368,27,0,368,0
TCP,754,521,0,49,0
TCP,486,62,0,387,0
TCP,396,259,0,211,0
ICMP,8287,29,0,6106,1
TCP,2182,159,1,2366,0
TCP,72,220,0,67,0
TCP,825,232,0,7,0
UDP,154,108,1,537,0
TCP,345,168,0,5392,1
UDP,2077,24,0,784,0
TCP,4,81,0,334,0
TCP,130,151,0,770,0
TCP,552,26,0,8,0
ICMP,1066,51,0,102,0
UDP,242,262,1,670,0
TCP,773,6,0,84,0
ICMP,2,106,0,153,0
TCP,407,28,0,240,0
TCP,738,1,0,757,0
UDP,107,241,0,88,0
ICMP,212,143,0,66,0
UDP,628,106,0,1549,0
UDP,363,98,0,368,0
ICMP,470,337,0,624,0
TCP,1347,18,0,172,0
ICMP,938,28,1,558,0
TCP,1070,203,0,649,0
TCP,337,33,0,147,0
TCP,341,0,0,107,0
UDP,527,171,0,806,0
TCP,228,113,0,23,0
TCP,11,76,0,69,0
UDP,221,80,0,167,0
UDP,686,147,0,665,0
TCP,1818,109,0,704,0
TCP,572,30,0,8,0
UDP,699,121,0,1080,0
TCP,252,300,0,534,0
TCP,84,114,0,947,0
TCP,142,7,0,363,0
TCP,292,105,0,196,0
TCP,185,92,0,543,0
TCP,157,19,0,166,0
TCP,973,144,0,268,0
TCP,174,49,0,229,0
TCP,108,81,0,423,0
TCP,128,38,0,110,0
UDP,464,0,0,1283,0
TCP,688,42,0,220,0
UDP,33,21,0,368,0
TCP,876,18,0,39,0
TCP,425,268,0,576,0
TCP,1411,67,0,1426,0
UDP,141,87,0,418,0
TCP,157,14,0,298,0
TCP,5,44,0,304,0
TCP,97,355,0,357,0
UDP,568,159,0,775,0
TCP,1206,56,0,384,0
TCP,1015,69,0,295,0
TCP,517,24,0,341,0
TCP,639,96,0,29,0
UDP,532,60,0,256,0
TCP,198,107,0,387,0
UDP,338,22,0,1025,0
TCP,123,22,1,101,0
TCP,436,78,0,1282,0
ICMP,92,55,0,215,0
TCP,539,20,0,415,0
TCP,769,131,0,296,0
ICMP,499,260,0,74,0
ICMP,580,61,0,2198,0
TCP,824,113,0,10,0
ICMP,928,72,0,1725,0
TCP,105,44,0,76,0
TCP,275,9,0,449,0
TCP,5075,196,4,6388,1
TCP,438,34,0,379,0
ICMP,664,9,0,424,0
TCP,187,16,0,3,0
ICMP,459,103,0,436,0
TCP,189,18,0,264,0
TCP,563,16,0,34,0
UDP,92,12,0,216,0
TCP,349,11,0,680,0
TCP,581,91,0,654,0
TCP,734,100,1,1249,0
ICMP,271,20,0,486,0
UDP,95,7,0,767,0
TCP,1668,71,0,409,0
TCP,27,119,0,294,0
TCP,1540,34,0,1507,0
TCP,274,0,0,1461,0
ICMP,868,161,0,446,0
UDP,851,46,0,243,0
TCP,262,196,0,533,0
UDP,280,141,0,196,0
TCP,268,104,0,305,0
UDP,603,2,0,281,0
TCP,421,3,0,2659,0
TCP,297,63,0,0,0
TCP,340,70,1,395,0
TCP,26,36,0,212,0
TCP,58,144,0,474,0
TCP,550,76,1,264,0
TCP,72,87,0,112,0
TCP,104,116,0,61,0
ICMP,90,68,1,440,0
TCP,6075,3,4,6112,1
TCP,415,43,0,300,0
UDP,213,41,0,1733,0
ICMP,96,81,0,572,0
TCP,393,38,0,5,0
TCP,73,115,1,6284,1
TCP,230,142,0,1365,0
TCP,1948,394,0,15,0
TCP,774,110,0,302,0
UDP,559,107,0,586,0
ICMP,409,237,0,585,0
TCP,177,26,0,671,0
UDP,880,18,0,237,0
ICMP,182,85,1,947,0
TCP,865,136,1,75,0
TCP,352,18,0,208,0
TCP,375,131,0,267,0
UDP,965,248,0,614,0
TCP,5387,13,0,6231,1
TCP,136,32,0,238,0
UDP,391,59,0,91,0
TCP,1617,96,0,133,0
TCP,1409,205,0,296,0
UDP,358,100,0,216,0
ICMP,35,163,0,142,0
ICMP,181,21,0,1294,0
TCP,2272,68,1,128,0
TCP,138,61,0,872,0
ICMP,1350,76,9,119,1
TCP,458,45,1,393,0
TCP,136,1,0,514,0
TCP,220,9,0,502,0
UDP,2229,188,0,1044,0
TCP,182,79,0,120,0
ICMP,6716,99,0,4467,1
TCP,1401,46,0,22,0
TCP,701,30,0,72,0
TCP,19,59,0,871,0
TCP,182,90,0,193,0
TCP,247,0,0,701,0
TCP,509,115,0,94,0
TCP,1640,161,0,489,0
TCP,4247,48,4,6525,1
UDP,650,38,0,1009,0
TCP,780,66,0,808,0
TCP,306,18,0,54,0
TCP,641,73,1,353,0
UDP,30,66,0,1116,0
ICMP,827,31,0,206,0
TCP,1097,283,0,658,0
UDP,2879,118,1,1206,0
ICMP,710,17,0,621,0
ICMP,515,57,0,107,0
ICMP,122,106,0,596,0
TCP,17,197,0,743,0
TCP,397,14,1,341,0
UDP,845,60,0,287,0
UDP,380,165,0,850,0
TCP,227,22,0,126,0
TCP,612,222,0,239,0
TCP,32,141,1,10,0
UDP,504,56,0,2980,0
TCP,560,87,0,1550,0
TCP,1111,229,1,348,0
TCP,549,53,0,184,0
UDP,5720,5,8,236,1
UDP,46,53,0,336,0
TCP,8,64,0,470,0
TCP,916,190,0,371,0
TCP,8,56,0,19,0
ICMP,312,133,0,950,0
TCP,962,0,0,176,0
TCP,630,0,0,32,0
TCP,616,74,1,1432,0
TCP,835,52,0,845,0
TCP,4,65,0,194,0
UDP,144,13,0,607,0
ICMP,392,205,0,97,0
TCP,175,116,0,615,0
TCP,110,41,0,179,0
ICMP,107,111,0,506,0
UDP,142,42,0,514,0
TCP,23,26,1,13,0
UDP,830,12,0,4176,1
TCP,1092,118,0,676,0
UDP,1941,273,0,1344,0
UDP,1578,25,0,524,0
ICMP,817,406,1,5213,1
TCP,682,36,0,587,0
TCP,1226,81,0,3,0
TCP,799,75,0,93,0
TCP,987,165,0,878,0
TCP,281,140,0,1961,0
TCP,36,275,0,196,0
TCP,13,26,0,209,0
TCP,1405,107,1,300,0
UDP,375,200,0,644,0
TCP,1410,37,0,504,0
TCP,448,3,0,63,0
TCP,1039,9,0,1270,0
UDP,128,145,0,186,0
TCP,397,15,0,655,0
ICMP,3727,66,0,6358,1
TCP,359,57,0,453,0
TCP,109,34,0,755,0
TCP,188,67,0,871,0
TCP,748,86,0,621,0
TCP,258,158,0,362,0
ICMP,1130,190,0,917,0
TCP,304,231,0,139,0
TCP,1579,84,0,490,0
TCP,23,152,0,263,0
TCP,295,24,0,330,0
UDP,414,178,0,185,0
UDP,0,45,0,241,0
TCP,550,59,1,252,0
ICMP,46,119,0,5127,1
TCP,23,330,0,499,0
TCP,120,225,0,5076,1
UDP,1306,50,0,133,0
TCP,1037,116,0,1025,0
TCP,7376,83,1,3917,1
TCP,2223,36,0,505,0
ICMP,47,2,1,55,0
TCP,285,73,1,253,0
TCP,116,14,0,535,0
UDP,791,169,0,1244,0
TCP,410,32,0,79,0
TCP,452,148,0,694,0
ICMP,18,36,0,112,0
ICMP,245,6,0,535,0
UDP,281,40,0,134,0
TCP,1145,114,0,32,0
TCP,986,29,0,321,0
ICMP,3,4,0,538,0
TCP,713,15,0,131,0
TCP,1123,113,0,231,0
UDP,479,338,0,357,0
TCP,613,61,0,515,0
TCP,881,60,0,871,0
UDP,10,55,0,194,0
ICMP,791,115,0,160,0
TCP,782,318,0,32,0
TCP,118,57,0,171,0
TCP,207,14,0,442,0
TCP,764,123,0,123,0
TCP,15,118,0,433,0
TCP,171,3,0,131,0
UDP,1033,85,0,540,0
TCP,5255,24,0,4485,1
TCP,343,45,0,335,0
TCP,308,61,1,74,0
ICMP,329,385,7,6406,1
TCP,6549,303,0,65,1
UDP,25,45,0,39,0
TCP,72,6,0,1335,0
TCP,179,214,0,94,0
UDP,1101,26,0,768,0
TCP,1084,13,0,125,0
TCP,48,81,0,2514,0
TCP,213,154,0,28,0
ICMP,401,229,0,530,0
ICMP,393,138,0,706,0
UDP,7,314,0,192,0
UDP,849,76,0,98,0
TCP,465,225,0,659,0
TCP,383,53,0,4261,1
UDP,122,195,0,923,0
TCP,621,66,0,40,0
TCP,364,16,0,390,0
TCP,170,59,0,315,0
TCP,114,14,0,148,0
TCP,759,55,0,534,0
TCP,216,33,0,585,0
TCP,143,293,0,43,0
TCP,368,99,0,478,0
TCP,150,58,0,15,0
TCP,534,5,0,22,0
TCP,7208,198,0,252,1
TCP,151,121,0,1735,0
TCP,19,108,0,474,0
TCP,1486,142,0,531,0
TCP,1033,70,0,159,0
TCP,5,222,0,212,0
UDP,62,80,1,1044,0
TCP,3,32,0,569,0
TCP,401,85,0,968,0
ICMP,577,16,0,245,0
UDP,84,88,0,295,0
ICMP,145,60,0,408,0
TCP,222,234,0,884,0
TCP,28,104,0,410,0
TCP,1266,272,0,387,0
TCP,420,48,0,446,0
TCP,585,69,0,1818,0
UDP,176,102,5,4711,1
TCP,1217,51,0,641,0
UDP,175,247,0,208,0
TCP,161,35,0,166,0
TCP,1063,132,0,784,0
TCP,927,29,0,326,0
UDP,0,33,0,268,0
TCP,153,7,0,67,0
UDP,216,91,0,2831,0
UDP,294,528,0,224,0
TCP,211,60,0,7,0
UDP,517,27,0,431,0
TCP,42,8,0,117,0
TCP,2253,75,1,831,0
UDP,91,99,0,794,0
TCP,333,182,0,1939,0
TCP,585,239,0,223,0
TCP,20,328,0,730,0
TCP,207,188,0,260,0
ICMP,535,97,0,239,0
UDP,518,4,0,377,0
TCP,476,188,0,1038,0
TCP,760,181,0,121,0
TCP,412,47,0,742,0
TCP,403,122,1,199,0
TCP,97,6,1,81,0
TCP,1968,58,0,118,0
TCP,476,160,0,964,0
TCP,514,246,0,668,0
TCP,500,176,1,448,0
TCP,160,42,0,57,0
ICMP,466,53,0,4648,1
TCP,148,9,0,1223,0
TCP,47,234,0,668,0
TCP,1239,53,7,59,1
TCP,6097,119,7,5057,1
TCP,946,73,0,500,0
TCP,606,42,0,1106,0
TCP,169,305,1,167,0
TCP,1022,104,0,887,0
TCP,819,290,0,729,0
TCP,770,13,0,615,0
UDP,753,31,0,74,0
TCP,2803,7,0,1310,0
TCP,347,84,0,119,0
TCP,417,44,0,1508,0
TCP,1034,254,0,317,0
TCP,326,60,0,2344,0
UDP,549,203,0,257,0
TCP,736,42,0,39,0
TCP,201,3,0,210,0
TCP,94,220,0,74,0
TCP,757,76,0,237,0
TCP,52,91,0,305,0
TCP,94,60,0,819,0
TCP,550,122,1,1465,0
TCP,121,321,0,84,0
TCP,73,44,0,1199,0
UDP,802,14,0,177,0
TCP,779,31,0,10,0
UDP,443,23,0,917,0
TCP,573,37,0,236,0
TCP,338,116,0,206,0
TCP,230,103,0,580,0
TCP,3360,30,0,920,0
TCP,673,304,0,652,0
TCP,6624,68,8,5625,1
TCP,503,319,0,990,0
ICMP,811,0,0,190,0
TCP,6657,78,6,5254,1
TCP,1336,84,0,447,0
TCP,802,0,0,397,0
TCP,454,54,0,957,0
TCP,576,41,0,397,0
TCP,877,42,0,654,0
TCP,648,40,0,167,0
TCP,1059,8,0,221,0
TCP,296,80,0,73,0
TCP,673,80,0,772,0
TCP,65,512,0,228,0
TCP,571,269,0,549,0
TCP,1205,67,0,427,0
TCP,488,43,0,743,0
UDP,590,351,0,178,0
TCP,284,12,1,808,0
TCP,114,67,0,524,0
TCP,1646,31,0,43,0
UDP,457,39,1,874,0
TCP,1781,76,1,766,0
TCP,664,257,0,2021,0
TCP,1894,113,0,121,0
UDP,356,7,0,206,0
TCP,74,44,0,845,0
TCP,683,165,0,470,0
TCP,663,81,0,582,0
TCP,504,200,0,1551,0
TCP,165,102,0,400,0
TCP,362,121,0,247,0
TCP,643,44,0,616,0
TCP,121,10,0,102,0
TCP,325,203,1,1313,0
ICMP,214,114,0,14,0
TCP,41,65,0,1191,0
TCP,73,23,0,195,0
TCP,62,159,0,560,0
UDP,825,45,0,87,0
UDP,204,25,5,587,1
TCP,2345,132,0,1337,0
UDP,200,80,0,170,0
UDP,338,261,0,537,0
TCP,972,20,0,394,0
TCP,72,49,1,25,0
TCP,476,4,0,105,0
UDP,339,69,0,137,0
UDP,123,15,0,447,0
TCP,25,56,0,148,0
TCP,114,198,0,116,0
ICMP,69,41,0,881,0
TCP,401,148,0,1086,0
UDP,1466,363,0,34,0
TCP,95,246,0,32,0
TCP,1389,112,0,1347,0
TCP,220,13,0,260,0
TCP,4843,30,7,1089,1
TCP,751,45,1,520,0
ICMP,545,134,0,312,0
TCP,1550,148,0,34,0
TCP,223,288,0,170,0
UDP,324,33,0,1015,0
TCP,505,49,0,349,0
UDP,1184,80,0,247,0
ICMP,722,47,0,197,0
TCP,7949,29,9,687,1
TCP,112,216,0,1086,0
UDP,325,13,0,803,0
TCP,21,51,0,2,0
TCP,822,109,0,15,0
TCP,294,14,1,603,0
TCP,8,27,0,1404,0
UDP,47,317,0,7,0
TCP,484,197,0,60,0
TCP,308,213,0,80,0
TCP,365,207,0,883,0
UDP,304,61,0,1721,0
UDP,764,62,2,675,0
TCP,79,215,0,467,0
TCP,575,11,0,420,0
TCP,1584,14,1,605,0
TCP,1034,1,1,341,0
UDP,24,227,0,441,0
TCP,522,37,0,291,0
TCP,122,193,0,528,0
TCP,32,216,1,38,0
TCP,754,7,1,688,0
TCP,408,207,0,26,0
UDP,393,81,0,919,0
TCP,69,5,0,2615,0
UDP,1287,338,0,1115,0
TCP,47,4,0,152,0
TCP,1014,355,1,587,0
TCP,4981,216,0,106,1
TCP,91,45,0,40,0
ICMP,39,68,0,868,0
ICMP,80,238,0,327,0
TCP,340,87,0,560,0
UDP,349,59,0,802,0
TCP,689,158,1,874,0
TCP,76,2,0,535,0
UDP,415,310,0,67,0
TCP,1232,203,0,28,0
UDP,4864,188,3,6083,1
TCP,4,3,0,330,0
TCP,533,43,0,723,0
ICMP,1222,145,0,58,0
TCP,1300,170,0,1257,0
TCP,386,135,0,486,0
TCP,93,85,0,247,0
ICMP,693,56,0,21,0
ICMP,33,136,0,836,0
UDP,104,242,0,611,0
TCP,1140,147,0,394,0
TCP,193,118,0,23,0
TCP,616,22,1,246,0
TCP,1707,25,1,462,0
TCP,6186,42,2,502,1
TCP,6131,36,1,6268,1
UDP,376,31,0,171,0
TCP,432,28,0,1105,0
TCP,71,149,0,16,0
TCP,305,252,0,923,0
ICMP,139,68,0,1190,0
TCP,155,265,0,544,0
TCP,6,100,0,1442,0
UDP,978,209,1,478,0
UDP,12,4,0,778,0
TCP,130,155,0,85,0
UDP,82,109,0,74,0
TCP,223,102,0,476,0
TCP,263,110,0,67,0
ICMP,80,101,0,990,0
UDP,740,60,0,466,0
TCP,740,21,0,572,0
TCP,4860,11,8,185,1
TCP,113,7,0,613,0
TCP,550,4,0,111,0
TCP,1022,46,7,1217,1
TCP,359,29,0,172,0
TCP,239,3,0,583,0
TCP,1705,76,0,1303,0
TCP,127,111,0,1574,0
TCP,2497,80,0,823,0
TCP,117,65,0,213,0
TCP,1165,100,0,405,0
TCP,142,12,0,36,0
TCP,563,307,0,915,0
TCP,1046,49,1,1830,0
TCP,82,671,0,274,0
TCP,861,38,0,189,0
TCP,684,85,0,549,0
UDP,695,139,0,116,0
TCP,1250,94,0,329,0
TCP,265,75,0,229,0
TCP,233,162,0,270,0
TCP,636,144,0,13,0
UDP,91,35,0,97,0
TCP,36,52,0,199,0
TCP,972,55,0,114,0
UDP,70,74,0,272,0
UDP,982,50,0,131,0
ICMP,403,52,0,27,0
TCP,119,112,0,891,0
TCP,36,12,0,821,0
TCP,1149,122,0,2155,0
TCP,295,46,0,1278,0
TCP,1026,242,0,912,0
TCP,130,39,0,321,0
TCP,363,47,1,967,0
TCP,636,32,0,132,0
TCP,492,223,0,115,0
TCP,151,4,0,1239,0
TCP,148,66,0,700,0
TCP,29,12,0,18,0
TCP,33,28,0,286,0
TCP,142,190,0,536,0
TCP,101,183,0,141,0
UDP,271,396,0,352,0
UDP,1328,101,0,314,0
TCP,1013,34,0,1541,0
TCP,1533,18,0,59,0
TCP,454,198,0,217,0
TCP,1237,10,0,515,0
TCP,77,154,0,17,0
UDP,267,29,0,76,0
TCP,403,68,0,39,0
TCP,442,27,0,857,0
TCP,359,33,0,11,0
TCP,47,0,0,10,0
UDP,7,32,0,1272,0
UDP,2011,200,0,927,0
TCP,46,180,1,50,0
TCP,1250,41,1,77,0
UDP,1155,57,0,290,0
UDP,951,36,0,117,0
TCP,138,437,0,1135,0
TCP,685,197,0,248,0
TCP,45,157,0,103,0
TCP,114,192,0,24,0
UDP,162,1,0,14,0
TCP,44,71,0,857,0
TCP,294,1,0,2214,0
TCP,108,156,0,1313,0
ICMP,365,35,0,1179,0
UDP,145,92,0,717,0
ICMP,413,24,1,94,0
ICMP,59,9,0,284,0
TCP,261,32,0,16,0
TCP,43,162,0,122,0
TCP,438,6,0,213,0
UDP,52,2,0,89,0
TCP,107,212,1,189,0
TCP,86,27,0,115,0
UDP,314,13,0,55,0
TCP,562,147,0,8,0
UDP,176,102,0,97,0
TCP,97,225,0,198,0
TCP,245,192,0,224,0
TCP,96,100,0,367,0
TCP,1162,38,0,561,0
ICMP,823,4,0,846,0
TCP,1287,23,0,1506,0
UDP,115,6,0,1375,0
UDP,288,1,0,195,0
TCP,334,44,0,283,0
UDP,6934,26,8,5942,1
ICMP,772,151,0,795,0
UDP,110,106,0,175,0
UDP,416,4,0,989,0
UDP,926,41,0,265,0
ICMP,61,52,0,791,0
TCP,475,48,0,118,0
TCP,63,37,1,481,0
TCP,171,18,0,1170,0
TCP,62,214,0,431,0
UDP,2208,36,0,1601,0
TCP,4,11,0,140,0
TCP,358,19,0,3731,1
TCP,175,106,0,419,0
TCP,173,21,0,240,0
TCP,647,28,0,1751,0
TCP,40,11,0,137,0
ICMP,1842,35,1,1001,0
TCP,1687,19,0,1158,0
TCP,242,219,1,1499,0
TCP,517,116,1,2060,0
TCP,1181,126,0,481,0
TCP,1887,63,1,77,0
TCP,146,21,0,2368,0
TCP,23,20,0,532,0
ICMP,325,105,0,192,0
TCP,6,49,0,1510,0
TCP,132,12,0,479,0
ICMP,142,93,0,102,0
UDP,698,78,0,377,0
UDP,912,155,0,6,0
TCP,33,161,0,53,0
TCP,716,110,0,440,0
UDP,327,126,0,102,0
TCP,83,159,0,216,0
TCP,976,176,0,48,0
TCP,150,165,0,1641,0
TCP,18,76,0,1428,0
TCP,396,181,0,987,0
TCP,347,23,0,348,0
TCP,252,20,0,900,0
ICMP,791,110,1,209,0
TCP,2258,9,0,393,0
TCP,37,68,0,589,0
TCP,1371,173,0,37,0
UDP,672,31,0,319,0
TCP,718,38,0,615,0
TCP,312,18,0,821,0
TCP,6187,35,3,107,1
UDP,207,18,0,321,0
UDP,352,70,3,6026,1
TCP,490,40,0,135,0
TCP,1888,5,0,173,0
TCP,551,15,0,522,0
UDP,1040,184,0,261,0
TCP,732,60,0,50,0
UDP,984,70,0,959,0
UDP,53,142,0,510,0
TCP,1489,10,0,78,0
UDP,529,86,1,54,0
UDP,234,59,0,154,0
TCP,944,81,0,279,0
TCP,117,8,0,445,0
TCP,431,4,0,855,0
ICMP,371,73,0,250,0
TCP,416,231,0,205,0
UDP,116,256,0,1797,0
UDP,163,60,0,305,0
TCP,29,139,0,123,0
TCP,45,12,0,86,0
TCP,477,37,0,78,0
UDP,382,19,0,653,0
TCP,468,24,0,589,0
UDP,452,24,0,699,0
UDP,1292,24,0,69,0
UDP,248,9,0,992,0
UDP,271,15,0,26,0
TCP,721,67,0,399,0
TCP,829,36,0,1117,0
TCP,30,57,0,563,0
TCP,1378,14,0,122,0
TCP,474,13,0,631,0
TCP,279,18,0,49,0
TCP,176,3,0,541,0
TCP,1168,59,0,13,0
UDP,814,119,0,847,0
TCP,1861,69,0,82,0
TCP,38,73,1,1249,0
ICMP,216,4,0,249,0
TCP,102,59,0,79,0
UDP,2130,23,0,28,0
TCP,172,29,0,40,0
TCP,4888,80,13,5506,1
UDP,250,41,0,144,0
TCP,1171,76,0,356,0
TCP,229,140,0,120,0
TCP,5543,6,8,7091,1
TCP,845,7,1,429,0
TCP,190,80,1,1447,0
TCP,432,122,0,84,0
TCP,819,8,0,101,0
ICMP,399,146,0,490,0
TCP,6753,11,6,3832,1
TCP,109,100,0,175,0
TCP,105,57,0,75,0
TCP,346,507,0,169,0
TCP,439,62,0,1155,0
TCP,445,27,0,552,0
ICMP,347,216,0,763,0
UDP,419,159,0,730,0
UDP,57,156,0,552,0
TCP,168,31,0,745,0
TCP,199,15,0,261,0
TCP,7581,15,7,5843,1
TCP,108,52,0,285,0
TCP,3775,1,5,1574,1
UDP,1117,31,0,1085,0
UDP,8,109,0,583,0
TCP,148,57,0,285,0
TCP,229,71,0,234,0
TCP,4,72,1,3029,0
TCP,908,199,0,57,0
TCP,189,134,0,601,0
TCP,434,296,0,189,0
UDP,87,14,1,236,0
ICMP,363,5,0,787,0
TCP,295,18,1,229,0
TCP,19,114,0,2070,0
UDP,375,13,1,401,0
TCP,691,4,0,226,0
TCP,435,123,2,58,0
TCP,1385,294,0,468,0
TCP,49,40,0,200,0
TCP,736,381,0,101,0
TCP,566,17,0,1189,0
TCP,132,84,0,574,0
TCP,71,286,0,227,0
TCP,733,60,0,720,0
TCP,448,177,0,437,0
UDP,1306,331,0,372,0
TCP,2722,5,0,640,0
TCP,6,281,0,275,0
UDP,804,43,0,2907,0
TCP,524,86,0,14,0
TCP,642,120,0,463,0
TCP,399,323,0,169,0
TCP,541,112,0,1046,0
TCP,406,49,0,1077,0
ICMP,722,642,0,499,0
UDP,17,156,0,474,0
TCP,1112,24,0,263,0
TCP,1135,66,0,467,0
TCP,217,24,0,97,0
TCP,146,327,0,5,0
TCP,64,27,1,137,0
TCP,342,149,0,133,0
TCP,537,21,0,33,0
ICMP,435,40,0,25,0
TCP,80,31,0,573,0
TCP,235,197,0,293,0
TCP,803,97,0,20,0
TCP,27,58,0,309,0
UDP,91,60,0,459,0
UDP,516,108,0,1107,0
TCP,5,60,0,35,0
ICMP,218,24,0,266,0
UDP,1580,53,0,636,0
TCP,236,28,0,235,0
TCP,1125,156,0,750,0
TCP,272,117,0,26,0
TCP,422,232,0,149,0
UDP,4975,52,4,60,1
TCP,296,12,0,159,0
TCP,754,52,0,95,0
ICMP,4840,173,0,5693,1
TCP,333,68,0,84,0
TCP,666,287,1,1486,0
TCP,1307,10,1,288,0
UDP,87,57,0,180,0
TCP,267,55,0,88,0
TCP,167,77,0,721,0
TCP,1574,97,0,310,0
TCP,1061,296,0,644,0
TCP,617,48,0,383,0
UDP,925,18,0,993,0
UDP,162,15,0,25,0
TCP,603,136,1,177,0
TCP,304,94,1,131,0
TCP,471,22,0,695,0
UDP,78,116,0,267,0
TCP,859,42,0,516,0
UDP,178,174,0,10,0
TCP,47,105,0,1501,0
TCP,653,188,1,394,0
UDP,247,9,0,122,0
TCP,373,65,0,1818,0
TCP,582,23,1,17,0
UDP,43,20,0,214,0
ICMP,455,130,0,343,0
TCP,682,9,0,139,0
TCP,164,276,0,335,0
TCP,267,45,1,609,0
TCP,257,145,2,564,0
TCP,5937,88,6,4403,1
ICMP,26,212,0,3,0
TCP,43,90,0,834,0
TCP,688,95,0,469,0
TCP,512,21,1,779,0
TCP,69,121,0,495,0
UDP,74,236,0,428,0
UDP,1057,338,0,238,0
TCP,345,38,0,70,0
TCP,275,249,0,1355,0
UDP,916,197,1,1784,0
UDP,1622,264,0,70,0
TCP,129,179,0,547,0
UDP,32,155,0,952,0
TCP,273,16,0,18,0
TCP,226,258,0,112,0
TCP,836,137,0,74,0
ICMP,448,161,0,635,0
TCP,736,413,1,223,0
TCP,347,144,0,375,0
TCP,677,42,0,63,0
TCP,103,199,0,293,0
TCP,887,95,0,179,0
TCP,296,22,1,978,0
TCP,291,98,0,25,0
TCP,590,7,0,262,0
UDP,26,90,1,170,0
TCP,12,30,0,367,0
TCP,12,60,0,1201,0
UDP,181,177,0,107,0
TCP,43,90,0,513,0
UDP,888,101,0,38,0
TCP,291,14,0,1034,0
TCP,287,548,0,71,0
UDP,284,55,0,457,0
TCP,718,275,0,194,0
TCP,4869,70,2,224,1
TCP,772,386,0,532,0
TCP,2671,93,1,179,0
TCP,76,37,0,225,0
UDP,834,65,0,487,0
TCP,592,14,1,1131,0
TCP,736,247,0,266,0
TCP,379,40,0,120,0
TCP,247,27,0,167,0
TCP,1,168,0,459,0
TCP,293,119,0,1060,0
TCP,119,68,0,27,0
ICMP,154,2,0,49,0
TCP,126,14,0,244,0
TCP,619,24,0,666,0
TCP,119,63,0,54,0
UDP,4212,25,8,5194,1
TCP,242,69,0,316,0
TCP,366,59,0,328,0
TCP,51,35,0,37,0
TCP,4,103,0,152,0
TCP,97,143,0,307,0
UDP,1174,55,0,191,0
UDP,428,40,0,518,0
TCP,141,76,0,113,0
UDP,48,4,0,577,0
ICMP,250,253,0,325,0
TCP,5253,95,6,6267,1
TCP,59,3,0,1479,0
UDP,277,78,1,358,0
TCP,856,25,1,1042,0
TCP,136,103,0,61,0
TCP,254,75,1,37,0
TCP,1475,26,0,183,0
TCP,30,107,0,169,0
TCP,193,255,0,1016,0
TCP,66,72,0,260,0
TCP,21,101,0,58,0
UDP,305,141,0,366,0
TCP,313,41,0,847,0
TCP,249,192,0,91,0
TCP,94,6,0,161,0
UDP,491,66,0,381,0
UDP,481,458,0,420,0
TCP,1314,57,0,221,0
TCP,906,108,1,506,0
TCP,688,95,1,514,0
TCP,114,69,0,1033,0
UDP,50,211,0,566,0
UDP,362,330,0,786,0
TCP,259,98,0,1658,0
TCP,1604,6,0,208,0
UDP,1310,85,0,690,0
TCP,165,103,0,423,0
TCP,491,25,0,208,0
TCP,167,210,0,607,0
UDP,466,29,0,47,0
TCP,1182,94,0,69,0
TCP,242,44,0,484,0
TCP,1207,135,0,430,0
TCP,1470,55,0,76,0
TCP,71,50,1,369,0
TCP,345,206,1,36,0
TCP,47,46,0,244,0
TCP,178,74,0,240,0
TCP,85,48,0,6,0
UDP,5080,36,0,6982,1
TCP,93,6,0,108,0
TCP,206,37,0,1512,0
ICMP,217,71,0,673,0
UDP,163,53,1,882,0
TCP,277,2,0,463,0
UDP,218,14,0,898,0
UDP,211,32,0,915,0
UDP,132,22,0,815,0
TCP,225,111,0,1142,0
UDP,414,225,0,311,0
TCP,929,91,0,538,0
TCP,586,11,0,879,0
TCP,291,14,0,874,0
TCP,112,17,1,44,0
TCP,451,126,0,107,0
TCP,7125,21,0,64,1
UDP,2102,298,0,1137,0
TCP,206,63,0,61,0
TCP,458,35,0,622,0
TCP,822,38,0,426,0
UDP,180,234,1,104,0
TCP,183,5,0,126,0
TCP,190,117,0,1508,0
TCP,152,68,0,1547,0
UDP,310,21,0,712,0
TCP,1672,69,0,380,0
TCP,111,10,0,653,0
UDP,354,110,0,1027,0
UDP,20,54,0,363,0
UDP,799,31,0,259,0
TCP,191,136,0,1420,0
TCP,1305,101,0,1434,0
TCP,828,35,0,227,0
TCP,2266,119,0,303,0
UDP,2516,24,0,174,0
TCP,966,501,0,189,0
TCP,175,24,0,294,0
TCP,221,181,0,388,0
TCP,58,139,0,51,0
ICMP,238,39,0,65,0
TCP,457,38,0,738,0
TCP,46,322,0,635,0
TCP,121,22,0,1191,0
TCP,623,63,0,29,0
TCP,113,62,0,804,0
TCP,10,270,0,416,0
UDP,100,86,0,72,0
TCP,37,18,0,912,0
TCP,8096,47,0,5991,1
TCP,193,5,0,191,0
UDP,78,18,0,357,0
TCP,72,137,0,943,0
TCP,680,51,0,845,0
TCP,176,165,0,205,0
TCP,787,173,0,1250,0
ICMP,724,32,0,494,0
UDP,396,169,0,258,0
TCP,558,83,0,718,0
TCP,664,41,0,424,0
UDP,94,22,0,299,0
TCP,1873,40,0,453,0
TCP,6,354,0,338,0
TCP,222,71,0,72,0
TCP,1248,93,0,154,0
TCP,51,109,0,86,0
TCP,224,10,0,101,0
TCP,1982,288,0,303,0
TCP,29,5,0,372,0
TCP,121,45,0,381,0
TCP,56,173,0,377,0
UDP,949,41,0,103,0
UDP,835,44,0,134,0
TCP,228,7,0,977,0
TCP,346,22,0,54,0
TCP,151,107,0,348,0
UDP,616,5,1,1051,0
TCP,55,94,0,522,0
ICMP,67,4,1,5,0
UDP,4790,110,0,5,1
UDP,944,399,0,126,0
TCP,556,87,0,343,0
TCP,256,121,0,287,0
TCP,502,89,0,65,0
TCP,6,217,1,1300,0
TCP,1127,109,0,1531,0
TCP,527,80,0,682,0
TCP,96,45,0,992,0
TCP,401,107,0,242,0
TCP,146,193,0,192,0
TCP,1200,20,0,12,0
TCP,68,66,0,274,0
UDP,782,72,0,320,0
UDP,1814,65,0,52,0
TCP,63,128,0,226,0
TCP,554,135,0,219,0
UDP,119,94,0,380,0
TCP,295,33,0,1238,0
TCP,577,36,0,134,0
TCP,75,114,0,623,0
ICMP,68,7,0,1303,0
TCP,208,52,1,37,0
TCP,321,40,0,549,0
UDP,378,98,0,282,0
TCP,142,115,0,98,0
TCP,211,165,0,160,0
TCP,84,75,0,243,0
TCP,366,33,0,185,0
TCP,197,212,0,161,0
TCP,566,167,0,4355,0
TCP,1737,128,0,172,0
UDP,355,80,0,456,0
TCP,203,55,0,672,0
TCP,365,76,0,20,0
UDP,345,355,0,788,0
TCP,8,56,1,132,0
TCP,236,72,0,122,0
TCP,557,322,0,322,0
TCP,14,164,0,45,0
ICMP,401,13,0,1108,0
TCP,199,12,0,1126,0
TCP,17,32,0,40,0
TCP,280,95,0,491,0
TCP,351,29,1,844,0
TCP,156,177,0,183,0
ICMP,618,207,0,173,0
TCP,193,112,0,8,0
TCP,213,233,0,537,0
TCP,205,221,0,226,0
TCP,5,43,0,5,0
TCP,1120,2,0,310,0
TCP,569,123,0,171,0
TCP,998,157,0,402,0
TCP,601,127,0,773,0
ICMP,141,16,0,1743,0
TCP,318,84,1,795,0
ICMP,38,19,6,3572,1
TCP,17,86,0,830,0
UDP,4948,37,4,5564,1
TCP,353,138,0,17,0
TCP,143,28,0,404,0
ICMP,254,56,1,340,0
TCP,58,174,0,461,0
UDP,225,17,0,327,0
TCP,67,53,1,258,0
TCP,319,44,0,136,0
TCP,159,6,0,951,0
ICMP,149,6,0,153,0
UDP,575,100,0,401,0
TCP,866,32,0,164,0
TCP,369,31,0,265,0
TCP,1258,32,0,913,0
TCP,178,25,0,5493,1
TCP,117,45,0,32,0
TCP,100,164,0,683,0
TCP,73,50,0,120,0
TCP,770,51,0,1616,0
TCP,1192,4,0,602,0
TCP,161,1,0,1216,0
TCP,39,78,0,496,0
TCP,385,75,0,628,0
UDP,499,15,0,99,0
ICMP,758,74,0,540,0
ICMP,125,2,0,335,0
TCP,178,59,0,918,0
TCP,43,61,0,439,0
TCP,407,126,0,583,0
ICMP,704,123,0,105,0
TCP,97,487,0,794,0
TCP,531,142,0,185,0
UDP,624,133,0,95,0
ICMP,168,80,4,204,1
TCP,735,19,0,1295,0
TCP,12,28,0,668,0
TCP,32,5,0,1023,0
TCP,330,128,1,658,0
TCP,623,31,0,607,0
ICMP,557,58,0,566,0
ICMP,758,98,0,90,0
ICMP,338,35,0,198,0
TCP,608,177,0,302,0
TCP,470,281,0,86,0
TCP,174,47,0,188,0
TCP,431,44,0,1216,0
TCP,124,63,0,457,0
TCP,339,79,0,257,0
UDP,1016,45,0,112,0
UDP,160,97,0,493,0
UDP,510,66,0,66,0
TCP,959,124,0,209,0
TCP,475,63,0,1696,0
ICMP,774,144,0,420,0
TCP,711,22,0,1204,0
TCP,495,34,0,565,0
ICMP,421,89,0,476,0
TCP,233,25,0,723,0
TCP,441,47,0,748,0
TCP,28,171,1,165,0
ICMP,421,189,0,345,0
TCP,378,4,0,782,0
TCP,407,90,0,539,0
TCP,129,113,0,2752,0
TCP,391,63,0,17,0
TCP,372,99,0,946,0
UDP,205,184,0,127,0
TCP,399,0,0,880,0
TCP,110,66,7,4841,1
TCP,535,199,0,775,0
UDP,437,104,1,475,0
UDP,806,7,1,715,0
TCP,472,11,0,242,0
TCP,498,253,0,597,0
TCP,2194,52,1,791,0
TCP,468,216,0,970,0
TCP,1517,81,0,320,0
TCP,522,66,0,114,0
TCP,554,116,0,249,0
TCP,1105,7,0,684,0
TCP,1240,107,0,360,0
TCP,422,307,0,446,0
UDP,147,96,0,1030,0
TCP,73,181,0,180,0
TCP,614,1,0,1946,0
UDP,367,238,0,180,0
TCP,307,38,0,242,0
TCP,516,4,0,1431,0
TCP,595,117,0,99,0
UDP,51,30,0,295,0
TCP,131,206,8,899,1
ICMP,6607,371,0,447,1
UDP,53,88,0,138,0
ICMP,1096,117,1,543,0
TCP,274,1,0,181,0
TCP,108,142,0,844,0
TCP,61,7,0,430,0
TCP,5,4,1,1444,0
TCP,250,22,0,580,0
TCP,22,50,0,623,0
TCP,1104,180,0,25,0
TCP,56,167,0,500,0
TCP,16,16,1,407,0
TCP,310,40,0,611,0
TCP,113,9,0,49,0
TCP,182,154,0,241,0
TCP,17,5,0,588,0
TCP,416,94,1,130,0
TCP,1350,167,0,449,0
TCP,1069,30,1,56,0
TCP,227,248,0,691,0
TCP,540,93,0,350,0
TCP,862,62,1,323,0
TCP,79,171,0,102,0
TCP,481,109,0,563,0
TCP,508,191,0,331,0
UDP,318,155,0,424,0
TCP,248,7,0,151,0
TCP,386,213,0,114,0
TCP,1,10,0,101,0
TCP,200,159,0,1466,0
TCP,666,27,0,32,0
ICMP,237,63,1,513,0
TCP,163,417,0,389,0
TCP,498,120,0,314,0
TCP,1009,148,0,965,0
UDP,189,28,1,213,0
TCP,9,187,0,333,0
TCP,70,12,1,427,0
TCP,280,44,0,27,0
TCP,466,97,0,340,0
TCP,21,319,0,1813,0
UDP,329,127,1,75,0
TCP,116,170,0,186,0
UDP,828,44,0,763,0
TCP,391,54,0,529,0
TCP,308,70,0,43,0
ICMP,440,5,0,144,0
UDP,76,113,0,1061,0
UDP,293,83,0,106,0
UDP,413,8,0,235,0
TCP,260,108,0,221,0
UDP,928,38,0,905,0
TCP,64,91,0,655,0
UDP,4159,0,1,3711,1
TCP,1947,6,0,149,0
TCP,1004,9,0,638,0
UDP,2144,164,0,502,0
TCP,1576,29,0,168,0
TCP,335,39,0,251,0
TCP,1005,169,0,1881,0
TCP,575,265,0,8,0
UDP,58,271,0,982,0
UDP,625,153,0,50,0
TCP,524,25,0,19,0
UDP,10,111,0,708,0
TCP,334,130,0,1145,0
TCP,193,135,1,325,0
ICMP,453,46,0,187,0
TCP,69,58,0,226,0
TCP,149,100,0,339,0
TCP,138,562,0,330,0
TCP,200,79,0,245,0
TCP,313,6,0,7,0
TCP,546,49,0,36,0
TCP,168,207,0,257,0
TCP,1031,29,0,270,0
TCP,708,237,0,400,0
UDP,81,174,0,369,0
TCP,1134,26,0,186,0
ICMP,520,118,0,297,0
TCP,382,95,0,610,0
TCP,153,28,1,33,0
TCP,548,99,0,26,0
UDP,195,27,0,113,0
TCP,421,114,0,735,0
ICMP,432,96,0,63,0
TCP,402,114,0,198,0
UDP,371,68,0,428,0
UDP,1031,208,0,361,0
TCP,154,226,0,764,0
TCP,865,174,0,251,0
TCP,78,46,0,652,0
TCP,60,135,0,194,0
TCP,288,58,0,207,0
UDP,992,100,0,78,0
TCP,82,22,0,587,0
TCP,1231,48,0,1432,0
TCP,109,20,0,371,0
UDP,403,123,0,231,0
TCP,48,153,0,578,0
TCP,2866,32,0,68,0
TCP,7051,44,4,6558,1
TCP,5052,74,0,4449,1
UDP,255,0,1,800,0
TCP,295,6,0,534,0
TCP,1156,64,0,19,0
UDP,311,61,0,43,0
TCP,899,32,0,177,0
TCP,91,138,0,295,0
TCP,719,68,0,133,0
UDP,429,136,0,1055,0
TCP,390,394,0,28,0
UDP,392,100,0,1603,0
UDP,481,111,0,551,0
TCP,254,84,0,814,0
UDP,1069,22,0,22,0
UDP,4402,57,6,636,1
TCP,407,141,0,350,0
UDP,878,6,0,693,0
UDP,271,9,0,620,0
ICMP,460,30,0,934,0
TCP,366,95,1,163,0
TCP,541,116,0,574,0
UDP,34,46,0,1178,0
UDP,714,7,0,314,0
TCP,321,77,0,875,0
UDP,5,158,1,357,0
TCP,428,41,0,965,0
TCP,39,4,0,397,0
TCP,570,168,0,122,0
UDP,390,192,0,344,0
TCP,37,58,0,1158,0
UDP,157,43,0,86,0
TCP,307,85,0,103,0
UDP,222,7,0,1179,0
TCP,766,86,0,38,0
ICMP,817,37,0,1640,0
TCP,949,135,0,418,0
TCP,90,5,0,11,0
TCP,582,103,0,876,0
TCP,255,213,0,889,0
TCP,266,269,1,1053,0
UDP,1273,98,0,333,0
TCP,789,17,0,13,0
TCP,1055,137,0,366,0
TCP,172,22,0,51,0
TCP,729,24,0,315,0
TCP,650,8,0,301,0
TCP,1016,284,0,380,0
UDP,215,14,0,166,0
UDP,89,85,0,767,0
TCP,598,1,2,31,0
TCP,275,221,0,570,0
ICMP,503,10,0,632,0
TCP,52,28,1,6,0
UDP,412,1,0,286,0
UDP,111,46,0,722,0
UDP,22,33,0,590,0
UDP,243,50,0,903,0
TCP,102,26,0,1286,0
TCP,162,77,0,433,0
UDP,590,103,1,128,0
TCP,242,21,0,1685,0
TCP,333,38,1,60,0
UDP,667,20,0,64,0
UDP,1198,94,0,134,0
ICMP,4869,111,0,4683,1
TCP,199,5,0,126,0
TCP,452,9,0,230,0
UDP,184,97,0,13,0
TCP,488,205,0,1064,0
TCP,353,22,0,526,0
ICMP,322,59,0,1468,0
UDP,8,17,0,286,0
TCP,555,47,0,146,0
TCP,520,206,1,128,0
ICMP,173,41,0,291,0
UDP,602,40,1,390,0
UDP,398,35,0,400,0
TCP,1276,31,0,780,0
TCP,577,130,0,929,0
UDP,420,249,0,388,0
UDP,434,85,0,1159,0
ICMP,777,447,1,61,0
TCP,9,40,0,2750,0
TCP,446,68,0,6,0
TCP,98,24,0,105,0
UDP,208,144,3,20,1
TCP,65,192,0,88,0
TCP,825,8,0,431,0
ICMP,509,7,1,131,0
TCP,251,47,0,261,0
TCP,281,8,0,689,0
TCP,824,152,1,26,0
UDP,1449,57,0,558,0
TCP,638,48,0,154,0
UDP,184,38,0,1447,0
TCP,139,77,1,1040,0
TCP,309,184,0,590,0
TCP,69,102,0,316,0
UDP,11,255,0,1651,0
TCP,292,101,0,1226,0
TCP,85,334,0,75,0
TCP,2210,199,0,108,0
TCP,1808,30,0,543,0
UDP,2,103,0,562,0
UDP,470,8,0,48,0
UDP,213,226,0,122,0
ICMP,4901,197,1,225,1
ICMP,22,39,0,900,0
UDP,1116,13,0,671,0
TCP,57,242,0,473,0
TCP,93,11,0,440,0
TCP,313,6,0,196,0
UDP,244,126,0,513,0
TCP,98,207,0,798,0
TCP,212,96,0,1066,0
ICMP,483,77,0,756,0
TCP,239,65,0,519,0
TCP,705,94,0,268,0
UDP,149,43,0,232,0
UDP,848,137,0,117,0
ICMP,127,131,0,246,0
TCP,1843,42,1,116,0
TCP,159,175,0,415,0
TCP,398,3,0,160,0
TCP,663,51,0,122,0
TCP,31,240,0,268,0
TCP,158,102,0,112,0
TCP,1288,35,0,53,0
TCP,491,501,1,986,0
TCP,796,62,0,166,0
TCP,237,34,0,1728,0
TCP,178,28,0,565,0
TCP,188,19,0,453,0
TCP,1668,227,0,384,0
TCP,1393,25,0,31,0
TCP,7,118,0,633,0
UDP,98,201,0,20,0
TCP,840,90,0,26,0
UDP,1244,165,0,151,0
TCP,671,113,1,625,0
TCP,587,80,1,150,0
ICMP,188,244,1,120,0
TCP,1832,125,0,75,0
UDP,636,73,1,347,0
TCP,1052,201,0,804,0
TCP,73,1,9,5055,1
TCP,234,265,0,401,0
TCP,710,228,0,738,0
TCP,700,205,0,578,0
TCP,310,19,0,34,0
TCP,306,19,0,356,0
UDP,315,76,0,249,0
TCP,991,37,0,151,0
TCP,85,62,0,41,0
UDP,752,11,0,1195,0
UDP,749,46,0,434,0
UDP,919,29,0,547,0
TCP,1441,113,0,992,0
UDP,527,219,1,956,0
TCP,229,28,8,5016,1
TCP,304,82,0,624,0
TCP,295,41,0,124,0
TCP,133,3,1,66,0
UDP,545,10,1,320,0
TCP,376,39,0,109,0
TCP,853,31,0,994,0
UDP,34,48,0,1534,0
UDP,660,99,11,5248,1
TCP,589,403,0,161,0
TCP,359,53,0,243,0
TCP,85,33,0,198,0
TCP,79,220,1,449,0
TCP,535,18,0,65,0
TCP,870,9,0,59,0
UDP,117,129,0,1758,0
TCP,63,2,0,176,0
TCP,118,8,0,651,0
TCP,280,307,0,1120,0
TCP,14,59,1,45,0
TCP,832,1,0,380,0
TCP,241,51,0,105,0
TCP,349,46,0,536,0
TCP,123,83,0,770,0
ICMP,3466,3,1,84,0
TCP,504,227,0,35,0
UDP,964,102,0,833,0
TCP,100,112,0,189,0
TCP,125,299,0,350,0
UDP,1146,44,1,443,0
TCP,236,99,0,1437,0
TCP,457,183,0,94,0
TCP,463,53,0,46,0
UDP,260,2,0,130,0
UDP,290,54,1,1033,0
TCP,280,25,0,1506,0
UDP,194,59,0,980,0
TCP,1435,20,0,29,0
TCP,276,129,0,599,0
TCP,1246,122,0,1439,0
TCP,760,26,0,47,0
TCP,4786,118,5,4349,1
TCP,3791,111,9,5708,1
ICMP,702,142,0,338,0
UDP,317,150,0,538,0
TCP,17,68,0,922,0
ICMP,536,96,1,1070,0
TCP,703,50,0,56,0
TCP,23,97,0,54,0
TCP,157,257,0,624,0
TCP,84,185,0,12,0
TCP,1652,5,0,348,0
TCP,145,12,0,199,0
TCP,322,74,0,354,0
TCP,1818,5,0,576,0
TCP,128,37,0,47,0
UDP,117,76,0,1084,0
TCP,392,35,0,107,0
TCP,930,66,0,789,0
TCP,316,67,0,44,0
ICMP,23,54,0,178,0
TCP,476,116,0,274,0
TCP,89,41,0,52,0
TCP,36,17,0,1147,0
ICMP,954,215,0,467,0
TCP,550,6,0,464,0
TCP,180,80,0,45,0
TCP,1265,38,0,1003,0
TCP,843,194,0,845,0
UDP,1122,4,0,24,0
UDP,182,309,7,706,1
TCP,721,8,0,253,0
TCP,17,82,0,565,0
ICMP,632,38,0,1083,0
TCP,918,74,0,265,0
ICMP,147,16,1,293,0
TCP,10,102,0,4,0
UDP,1050,578,0,115,0
UDP,6,78,0,145,0
TCP,90,94,0,275,0
UDP,580,87,0,762,0
TCP,100,51,1,323,0
TCP,941,8,0,80,0
UDP,1308,73,0,342,0
TCP,329,76,0,158,0
UDP,81,50,0,843,0
TCP,245,139,0,55,0
ICMP,227,125,0,580,0
TCP,49,428,0,5,0
TCP,181,486,0,621,0
UDP,482,156,0,696,0
TCP,57,298,0,144,0
TCP,259,142,0,964,0
TCP,589,48,0,890,0
UDP,1373,163,0,765,0
ICMP,77,115,0,234,0
ICMP,162,388,0,240,0
TCP,227,122,0,2030,0
UDP,725,108,0,391,0
TCP,340,7,0,17,0
TCP,350,34,0,865,0
TCP,385,53,0,520,0
TCP,220,4,0,260,0
TCP,1996,293,0,321,0
TCP,988,271,0,55,0
ICMP,239,83,0,1020,0
TCP,314,2,1,208,0
TCP,39,0,0,1500,0
TCP,546,18,0,484,0
TCP,897,2,0,1215,0
TCP,684,197,1,16,0
TCP,244,350,0,271,0
TCP,672,101,1,335,0
TCP,934,22,0,21,0
UDP,712,14,0,606,0
ICMP,746,204,1,291,0
TCP,913,19,0,616,0
UDP,111,301,0,305,0
TCP,534,25,0,320,0
ICMP,767,153,0,606,0
UDP,518,612,0,362,0
UDP,27,10,0,157,0
UDP,1600,118,0,68,0
TCP,420,11,0,1042,0
TCP,270,122,0,2363,0
TCP,292,50,0,51,0
UDP,377,82,0,512,0
ICMP,54,77,0,271,0
TCP,268,48,0,38,0
TCP,1330,112,0,312,0
TCP,83,26,0,38,0
UDP,5450,2,5,5923,1
TCP,707,75,0,452,0
TCP,107,49,0,224,0
UDP,280,251,0,795,0
UDP,637,96,0,830,0
TCP,56,1,0,36,0
TCP,284,27,0,413,0
TCP,831,216,1,975,0
TCP,825,75,0,238,0
UDP,619,262,0,81,0
TCP,584,21,0,1020,0
TCP,490,1,0,99,0
UDP,98,19,0,5,0
ICMP,92,50,0,613,0
TCP,42,36,0,181,0
ICMP,188,72,0,115,0
TCP,153,35,0,112,0
ICMP,855,161,0,269,0
TCP,562,326,1,224,0
TCP,518,30,0,29,0
TCP,351,58,0,364,0
TCP,365,87,0,344,0
ICMP,58,22,0,503,0
TCP,691,30,0,474,0
TCP,103,101,1,205,0
TCP,390,43,0,135,0
TCP,345,33,0,1054,0
TCP,369,10,9,531,1
TCP,157,9,0,56,0
ICMP,817,43,0,798,0
TCP,1734,69,0,83,0
UDP,242,46,0,823,0
TCP,685,32,0,1074,0
ICMP,467,46,0,141,0
TCP,91,342,0,159,0
TCP,127,190,0,405,0
TCP,97,102,0,599,0
TCP,469,68,0,541,0
TCP,424,162,0,4,0
TCP,415,6,1,68,0
TCP,417,16,0,728,0
TCP,438,99,0,109,0
TCP,206,12,0,349,0
TCP,238,23,0,46,0
ICMP,154,72,0,39,0
UDP,239,258,0,861,0
ICMP,185,31,0,173,0
TCP,387,396,0,217,0
ICMP,1981,11,0,162,0
TCP,152,92,0,181,0
TCP,401,12,0,1258,0
TCP,865,11,0,1162,0
TCP,249,62,0,328,0
TCP,12,72,0,224,0
TCP,98,2,0,917,0
TCP,394,1,0,165,0
TCP,597,78,0,501,0
TCP,247,9,0,1150,0
UDP,1624,37,0,791,0
TCP,622,147,0,374,0
TCP,209,182,0,903,0
TCP,752,110,0,18,0
TCP,307,188,0,609,0
TCP,605,106,0,302,0
TCP,184,52,0,317,0
TCP,254,129,1,187,0
TCP,579,41,0,422,0
ICMP,1754,28,0,179,0
TCP,214,61,0,836,0
TCP,57,167,0,609,0
ICMP,125,28,1,567,0
TCP,508,100,0,2,0
TCP,196,58,1,1468,0
TCP,171,194,0,1225,0
TCP,1487,15,0,187,0
UDP,414,612,6,5285,1
TCP,179,85,0,1015,0
ICMP,341,475,0,707,0
TCP,661,123,0,563,0
ICMP,630,227,0,103,0
ICMP,666,29,1,319,0
TCP,3,34,0,222,0
TCP,760,140,0,235,0
TCP,244,35,0,201,0
TCP,114,187,0,623,0
TCP,216,12,0,37,0
UDP,103,24,0,555,0
TCP,969,172,0,83,0
ICMP,277,128,0,31,0
TCP,1562,241,0,129,0
TCP,638,16,0,300,0
TCP,379,31,0,126,0
TCP,2151,53,1,501,0
TCP,4170,54,7,1573,1
TCP,90,126,0,118,0
TCP,1077,17,0,1034,0
TCP,392,18,0,64,0
TCP,267,222,0,1517,0
TCP,6614,7,6,145,1
TCP,759,12,0,43,0
TCP,923,17,0,92,0
TCP,340,231,0,345,0
UDP,629,6,0,889,0
TCP,1335,85,0,1028,0
TCP,543,79,0,102,0
TCP,115,0,9,823,1
TCP,200,83,0,532,0
TCP,48,196,0,44,0
UDP,364,22,0,66,0
TCP,49,60,0,172,0
TCP,60,119,0,229,0
TCP,1250,122,0,311,0
TCP,385,72,1,11,0
UDP,827,21,0,273,0
UDP,608,52,0,406,0
TCP,502,322,0,482,0
TCP,75,126,0,193,0
ICMP,682,85,0,946,0
TCP,4924,85,4,3808,1
TCP,19,298,0,862,0
UDP,1513,224,0,169,0
TCP,610,3,0,613,0
ICMP,2184,265,0,776,0
TCP,464,12,0,1867,0
TCP,1743,73,0,127,0
TCP,352,33,0,601,0
TCP,774,297,0,1942,0
TCP,35,87,0,371,0
TCP,811,225,0,143,0
UDP,796,7,0,52,0
TCP,4535,79,11,4401,1
TCP,409,286,0,876,0
UDP,94,16,0,427,0
TCP,408,69,0,218,0
TCP,236,53,0,159,0
TCP,123,67,0,18,0
UDP,551,8,0,803,0
ICMP,458,33,0,8,0
TCP,483,59,0,385,0
ICMP,840,143,0,1648,0
ICMP,1540,104,7,1668,1
TCP,321,6,0,444,0
TCP,6831,128,4,633,1
TCP,433,202,0,298,0
TCP,428,38,0,240,0
TCP,24,79,0,386,0
TCP,672,67,0,769,0
ICMP,742,51,0,505,0
ICMP,21,48,0,651,0
UDP,1509,194,0,483,0
TCP,1030,0,0,645,0
UDP,5091,11,0,5134,1
UDP,306,16,0,342,0
TCP,175,20,0,346,0
TCP,308,134,1,546,0
UDP,747,27,0,352,0
TCP,373,41,0,82,0
UDP,480,31,0,1408,0
TCP,122,252,1,222,0
TCP,14,3,0,832,0
TCP,570,163,0,498,0
UDP,301,145,0,447,0
TCP,570,10,1,751,0
TCP,1677,27,0,1736,0
ICMP,4,37,0,498,0
UDP,211,131,0,251,0
TCP,379,87,1,368,0
UDP,1007,191,0,164,0
TCP,478,13,1,47,0
TCP,722,115,0,476,0
TCP,157,9,0,1230,0
TCP,412,91,0,151,0
TCP,1053,21,0,2106,0
TCP,355,21,0,565,0
TCP,393,6,0,853,0
TCP,244,130,0,220,0
TCP,229,231,0,732,0
TCP,375,168,0,0,0
TCP,780,60,1,963,0
TCP,269,9,0,14,0
UDP,292,310,0,5,0
TCP,610,98,0,800,0
TCP,416,30,0,205,0
TCP,782,88,0,95,0
TCP,256,273,1,34,0
TCP,320,33,0,627,0
TCP,193,51,1,734,0
TCP,655,45,0,192,0
UDP,918,77,0,245,0
TCP,585,78,0,392,0
UDP,243,20,0,3,0
TCP,17,94,0,189,0
TCP,42,8,0,1261,0
TCP,1897,80,0,140,0
TCP,766,20,0,119,0
TCP,426,49,0,354,0
UDP,314,4,0,10,0
TCP,308,109,0,270,0
ICMP,1211,362,0,753,0
TCP,3814,11,0,7284,1
TCP,321,44,0,174,0
TCP,124,56,0,471,0
TCP,5,26,0,209,0
TCP,532,185,0,261,0
UDP,279,70,0,2668,0
TCP,43,322,2,75,0
ICMP,3,68,0,106,0
UDP,156,179,0,1014,0
UDP,1628,275,0,159,0
TCP,538,6,0,41,0
UDP,285,254,0,508,0
TCP,173,50,0,728,0
TCP,426,3,1,368,0
UDP,293,42,0,247,0
TCP,1313,89,0,2238,0
TCP,212,317,0,376,0
TCP,235,62,0,620,0
UDP,766,119,0,937,0
TCP,922,24,0,432,0
TCP,995,62,0,124,0
TCP,1016,75,0,466,0
TCP,395,28,0,17,0
TCP,5025,52,4,3115,1
TCP,120,126,0,428,0
TCP,6193,71,3,4813,1
TCP,907,134,0,84,0
TCP,332,70,1,1790,0
TCP,944,57,0,927,0
TCP,294,35,0,236,0
TCP,154,14,0,467,0
TCP,307,22,0,356,0
TCP,863,49,1,629,0
UDP,27,75,0,246,0
UDP,136,277,0,1149,0
UDP,98,193,0,698,0
TCP,179,64,0,289,0
TCP,184,25,0,222,0
TCP,6897,228,0,5720,1
TCP,237,125,0,586,0
UDP,2020,0,0,1016,0
TCP,543,319,0,147,0
TCP,665,47,0,1327,0
ICMP,1590,18,0,498,0
TCP,260,23,0,121,0
TCP,603,23,0,326,0
TCP,1176,1,0,43,0
TCP,22,8,0,607,0
TCP,1065,24,0,242,0
TCP,41,284,0,366,0
ICMP,109,108,0,73,0
TCP,1585,127,0,330,0
ICMP,826,343,0,432,0
UDP,103,17,0,357,0
UDP,690,191,0,333,0
TCP,296,1,0,363,0
TCP,243,97,0,74,0
UDP,39,42,0,688,0
TCP,425,16,0,254,0
TCP,62,168,0,53,0
TCP,135,135,0,12,0
ICMP,6,53,0,828,0
UDP,167,157,0,175,0
UDP,267,58,0,342,0
TCP,149,80,0,110,0
TCP,737,23,0,122,0
TCP,501,47,0,98,0
TCP,376,255,0,79,0
UDP,130,21,0,454,0
UDP,492,164,0,531,0
TCP,682,106,0,75,0
UDP,131,45,0,51,0
TCP,31,170,0,84,0
TCP,110,14,0,184,0
TCP,264,156,0,591,0
TCP,8,7,0,7,0
TCP,588,207,0,131,0
TCP,211,37,0,104,0
TCP,620,181,0,285,0
UDP,40,40,0,342,0
ICMP,42,5,0,142,0
TCP,15,50,0,274,0
TCP,134,180,0,1071,0
TCP,717,213,0,563,0
TCP,428,276,0,37,0
TCP,848,144,1,68,0
TCP,171,53,0,121,0
UDP,63,12,0,1213,0
TCP,2822,23,0,732,0
TCP,43,20,0,1501,0
UDP,485,82,0,293,0
UDP,247,200,1,36,0
UDP,242,38,0,283,0
ICMP,726,170,0,177,0
TCP,20,77,0,83,0
TCP,477,95,0,218,0
TCP,128,5,0,73,0
TCP,307,27,0,129,0
ICMP,605,44,1,336,0
TCP,984,34,0,787,0
TCP,1891,30,0,347,0
TCP,1966,498,1,195,0
UDP,94,109,0,2118,0
UDP,296,20,0,220,0
TCP,170,28,0,176,0
UDP,377,381,0,1126,0
TCP,1495,67,0,231,0
TCP,28,399,0,6,0
ICMP,108,0,0,145,0
TCP,165,91,0,12,0
TCP,1230,97,1,231,0
TCP,70,252,0,38,0
TCP,409,45,0,361,0
TCP,319,17,0,420,0
UDP,805,57,0,103,0
UDP,65,86,0,53,0
UDP,691,4,0,55,0
TCP,830,39,0,3,0
TCP,1546,182,1,136,0
TCP,8,193,0,33,0
UDP,159,296,0,52,0
TCP,209,137,1,693,0
TCP,374,20,0,148,0
TCP,26,95,0,725,0
ICMP,117,75,1,1834,0
TCP,11,34,0,642,0
TCP,800,19,0,155,0
UDP,9,100,0,498,0
UDP,335,123,0,389,0
TCP,27,313,0,456,0
TCP,599,11,0,57,0
UDP,402,128,0,32,0
TCP,266,426,0,68,0
TCP,729,383,0,1230,0
UDP,918,40,0,162,0
TCP,1228,16,0,570,0
UDP,4969,118,5,697,1
TCP,1940,18,0,284,0
TCP,342,5,0,45,0
ICMP,165,12,0,426,0
UDP,690,194,0,300,0
TCP,170,22,0,101,0
TCP,3004,92,9,151,1
TCP,483,214,3,7224,1
TCP,165,202,1,1559,0
TCP,443,120,5,5669,1
TCP,1113,144,0,1022,0
TCP,907,11,0,514,0
UDP,38,23,0,722,0
UDP,266,28,0,318,0
TCP,214,430,0,86,0
ICMP,888,76,1,410,0
TCP,1222,20,0,289,0
TCP,1272,43,0,26,0
TCP,785,45,1,307,0
ICMP,583,41,0,195,0
TCP,446,111,1,440,0
TCP,51,41,0,57,0
TCP,479,12,0,1188,0
TCP,369,1,0,793,0
UDP,116,212,0,317,0
TCP,724,76,0,605,0
UDP,356,229,0,440,0
TCP,402,136,0,926,0
TCP,112,41,0,512,0
ICMP,36,42,0,297,0
TCP,443,172,0,23,0
UDP,578,99,0,360,0
ICMP,569,78,0,112,0
TCP,360,287,0,706,0
TCP,322,285,0,186,0
TCP,289,9,1,775,0
TCP,260,141,0,974,0
UDP,614,5,0,34,0
TCP,440,107,0,272,0
TCP,233,3,0,1503,0
TCP,73,37,0,384,0
TCP,57,17,0,52,0
TCP,54,41,0,493,0
TCP,430,127,1,514,0
TCP,656,72,0,85,0
TCP,3,12,0,448,0
TCP,184,26,0,110,0
UDP,531,30,0,476,0
TCP,232,72,1,228,0
ICMP,213,101,0,251,0
TCP,299,15,0,1838,0
TCP,760,149,1,695,0
TCP,18,130,0,818,0
UDP,39,296,0,293,0
TCP,787,10,0,18,0
TCP,319,169,0,320,0
TCP,1389,9,0,1147,0
TCP,465,68,0,182,0
TCP,242,225,0,28,0
TCP,1891,24,0,778,0
TCP,214,39,0,160,0
TCP,467,52,0,369,0
TCP,26,18,0,959,0
TCP,128,67,0,117,0
TCP,827,53,0,761,0
TCP,425,70,0,685,0
TCP,1,133,0,101,0
ICMP,405,216,0,286,0
UDP,287,284,0,264,0
TCP,711,57,0,123,0
TCP,235,62,0,39,0
TCP,183,60,0,465,0
ICMP,1060,53,0,250,0
TCP,67,21,0,1004,0
TCP,240,65,0,11,0
TCP,655,42,0,440,0
ICMP,277,26,0,192,0
UDP,504,94,2,1096,0
TCP,557,100,0,27,0
TCP,33,77,1,240,0
TCP,414,42,0,6,0
UDP,52,93,0,316,0
TCP,5310,155,0,373,1
TCP,1354,199,0,884,0
UDP,231,148,0,188,0
TCP,623,81,0,486,0
TCP,778,19,0,138,0
ICMP,509,36,0,175,0
UDP,445,28,0,364,0
ICMP,329,345,0,30,0
UDP,858,54,0,537,0
TCP,728,3,0,797,0
TCP,89,88,0,444,0
TCP,118,30,0,3,0
ICMP,5683,15,8,6662,1
UDP,2130,20,1,744,0
TCP,54,57,0,404,0
TCP,818,81,0,1490,0
TCP,25,14,0,771,0
TCP,155,82,5,6814,1
UDP,194,4,0,981,0
TCP,12,82,0,310,0
TCP,121,18,0,477,0
TCP,441,46,0,804,0
TCP,635,348,0,766,0
TCP,273,134,1,606,0
ICMP,129,278,0,360,0
TCP,420,67,0,626,0
TCP,132,9,0,873,0
TCP,560,91,0,533,0
TCP,192,3,0,314,0
TCP,68,52,0,31,0
UDP,6803,146,0,145,1
TCP,18,27,0,498,0
ICMP,1009,101,0,356,0
TCP,388,64,0,349,0
TCP,47,4,0,24,0
ICMP,704,40,0,270,0
TCP,374,135,0,608,0
UDP,152,2,0,77,0
ICMP,135,139,0,235,1
ICMP,684,319,1,241,0
TCP,136,95,0,693,0
TCP,798,34,1,91,0
ICMP,1392,413,0,214,0
TCP,243,180,0,53,0
UDP,11,7,0,1296,0
TCP,1188,316,0,44,0
TCP,213,313,0,519,0
TCP,241,317,0,278,0
TCP,1151,9,0,300,0
ICMP,416,22,0,818,0
TCP,539,196,0,245,0
TCP,1064,60,0,338,0
UDP,226,18,0,1236,0
TCP,298,12,0,60,0
TCP,557,32,0,112,0
ICMP,1734,83,0,470,0
TCP,205,608,0,637,0
TCP,134,17,0,1667,0
TCP,279,15,0,775,0
ICMP,316,9,0,70,0
UDP,709,3,0,23,0
TCP,1488,79,0,343,0
ICMP,121,168,0,81,0
TCP,359,117,0,152,0
TCP,153,11,1,124,0
ICMP,1,25,1,104,0
TCP,29,24,0,14,0
TCP,39,58,0,91,0
TCP,223,20,1,696,0
UDP,168,22,0,186,0
TCP,316,41,0,2162,0
TCP,236,171,0,1377,0
ICMP,267,94,1,504,0
TCP,125,2,0,123,0
UDP,7,17,0,1384,0
TCP,364,197,0,534,0
TCP,4,155,0,83,0
UDP,788,39,0,1663,0
TCP,325,37,0,260,0
TCP,73,31,0,534,0
TCP,272,26,0,95,0
TCP,106,218,1,763,0
TCP,109,127,0,668,0
TCP,32,171,0,13,0
TCP,228,82,0,254,0
UDP,1467,148,0,503,0
TCP,755,62,0,354,0
TCP,426,28,1,125,0
ICMP,391,81,0,1000,0
TCP,6,45,1,217,0
UDP,219,41,0,94,0
TCP,754,2,0,476,0
TCP,205,76,0,1481,0
TCP,863,182,0,850,0
ICMP,3002,145,4,5966,1
UDP,123,83,0,497,0
TCP,237,207,0,165,0
UDP,268,257,0,433,0
UDP,53,24,0,40,0
TCP,80,299,0,800,0
TCP,312,46,0,340,0
UDP,601,43,0,142,0
ICMP,352,57,0,193,0
ICMP,234,358,0,374,0
TCP,739,66,0,911,0
TCP,428,467,0,501,0
TCP,408,278,0,133,0
TCP,241,25,0,197,0
TCP,3829,256,6,7076,1
UDP,1705,98,0,87,0
TCP,51,93,1,5291,1
TCP,262,27,0,242,0
TCP,864,277,0,189,0
TCP,871,59,0,472,0
UDP,1606,99,0,572,0
TCP,433,99,0,542,0
UDP,87,83,1,668,0
TCP,1021,86,0,561,0
UDP,99,165,0,624,0
UDP,97,132,0,220,0
UDP,1092,26,0,199,0
TCP,800,81,0,194,0
TCP,79,50,0,135,0
TCP,465,75,0,74,0
TCP,95,240,0,508,0
ICMP,71,128,0,245,0
UDP,715,262,0,81,0
UDP,518,46,0,5090,1
TCP,784,19,1,1058,0
TCP,37,82,0,176,0
TCP,522,21,0,258,0
TCP,664,51,0,596,0
ICMP,307,195,0,825,0
TCP,350,70,0,516,0
TCP,142,324,0,291,0
TCP,120,30,0,51,0
TCP,91,97,1,673,0
TCP,950,51,0,1181,0
TCP,190,35,0,1593,0
TCP,441,137,0,15,0
UDP,132,96,0,685,0
TCP,150,23,1,634,0
UDP,560,47,0,428,0
UDP,138,135,0,69,0
UDP,415,62,0,306,0
TCP,771,117,0,581,0
TCP,500,383,0,103,0
TCP,34,37,0,1188,0
TCP,3,24,0,890,0
ICMP,1835,91,0,265,0
TCP,31,146,0,1789,0
TCP,503,122,0,839,0
TCP,691,71,0,384,0
UDP,335,88,0,114,0
UDP,1428,71,0,434,0
TCP,483,120,0,904,0
UDP,224,42,0,592,0
TCP,2747,26,1,91,0
TCP,651,220,0,2327,0
TCP,441,78,0,223,0
TCP,878,71,0,429,0
TCP,614,47,0,153,0
UDP,1585,108,0,1533,0
UDP,3,5,0,161,1
ICMP,588,43,0,159,0
TCP,811,71,0,220,0
UDP,867,118,0,927,0
TCP,29,93,0,491,0
TCP,75,48,0,1259,0
TCP,1447,45,0,1423,0
TCP,1198,63,0,791,0
TCP,1110,7,0,479,0
UDP,337,36,0,834,0
ICMP,206,39,0,547,0
UDP,87,258,0,40,0
TCP,295,83,0,297,0
TCP,744,70,0,704,0
TCP,33,141,0,29,0
UDP,166,38,0,164,0
ICMP,1106,189,0,530,0
ICMP,344,5,0,251,0
TCP,42,105,0,205,0
TCP,261,136,0,24,0
TCP,325,123,0,1021,0
TCP,457,36,0,338,0
ICMP,168,23,0,304,0
TCP,820,105,0,239,0
TCP,1230,31,0,238,0
TCP,165,40,0,602,0
TCP,65,67,1,635,0
TCP,549,559,0,1364,0
TCP,526,113,0,606,0
TCP,1344,18,0,132,0
TCP,169,104,5,784,1
TCP,223,107,0,19,0
TCP,201,108,0,657,0
UDP,7,48,0,880,0
TCP,84,193,0,1633,0
TCP,55,13,0,357,0
TCP,737,95,0,202,0
UDP,447,49,0,934,0
UDP,49,73,0,141,0
ICMP,249,75,0,178,0
ICMP,779,140,0,228,0
UDP,7836,87,7,5812,1
TCP,541,10,0,464,0
TCP,386,39,0,253,0
ICMP,415,60,0,436,0
UDP,334,3,0,69,0
TCP,36,17,0,110,0
TCP,9,163,0,100,0
TCP,1119,240,0,197,0
TCP,102,14,0,771,0
UDP,22,23,0,954,0
TCP,1271,1,0,101,0
TCP,1478,82,0,366,0
UDP,602,168,0,86,0
TCP,120,167,0,294,0
UDP,295,300,0,352,0
TCP,568,67,0,583,0
ICMP,393,36,0,410,0
TCP,202,14,0,57,0
UDP,257,51,0,600,0
TCP,60,28,0,708,0
TCP,51,50,0,215,0
UDP,109,30,0,1447,0
ICMP,801,112,1,1351,0
UDP,956,44,0,513,0
TCP,366,43,0,762,0
UDP,3706,9,0,14,0
TCP,793,51,0,1807,0
TCP,1089,270,0,42,0
TCP,866,22,1,116,0
ICMP,26,167,0,0,0
ICMP,992,297,0,115,0
TCP,287,98,0,396,0
TCP,144,20,0,417,0
TCP,1438,77,0,1646,0
TCP,368,36,0,768,0
TCP,97,104,0,499,0
ICMP,772,16,0,550,0
TCP,46,155,0,819,0
TCP,302,75,0,1818,0
ICMP,169,88,0,229,0
UDP,3,18,0,361,0
TCP,845,13,0,770,0
TCP,382,81,0,462,0
ICMP,51,162,0,390,0
TCP,377,66,0,40,0
TCP,343,7,0,159,0
TCP,229,16,0,232,0
UDP,1473,33,2,5281,1
TCP,761,235,0,188,0
TCP,604,120,0,70,0
ICMP,1014,59,1,568,0
TCP,718,97,0,301,0
ICMP,323,68,0,364,0
TCP,469,43,0,508,0
TCP,300,22,0,656,0
UDP,292,4,0,264,0
TCP,454,94,0,125,0
UDP,519,124,0,384,0
TCP,35,431,0,41,0
TCP,19,9,1,47,0
TCP,586,6,0,183,0
TCP,4267,49,0,5715,1
TCP,950,16,0,1070,0
TCP,3,304,0,539,0
TCP,251,23,0,241,0
TCP,266,98,0,413,0
UDP,595,27,0,267,0
UDP,53,169,0,334,0
TCP,5,51,0,69,0
TCP,866,10,0,410,0
UDP,348,16,0,279,0
UDP,734,140,0,282,0
TCP,164,46,0,1319,0
TCP,275,55,0,1089,0
TCP,570,6,0,300,0
TCP,545,113,0,238,0
TCP,1023,39,0,627,0
TCP,817,5,0,894,0
TCP,1059,143,1,314,0
TCP,281,136,0,82,0
TCP,1733,22,0,14,0
TCP,1440,215,0,9,0
ICMP,669,201,0,688,1
TCP,114,7,0,43,0
ICMP,222,51,0,1837,0
TCP,230,129,0,1161,0
TCP,878,233,0,194,0
UDP,715,138,0,41,0
TCP,45,148,0,28,0
UDP,940,28,0,49,0
UDP,808,39,0,128,0
TCP,313,0,0,477,0
TCP,6,6,2,5407,1
TCP,620,34,0,190,0
TCP,236,50,0,449,0
TCP,213,170,0,856,0
TCP,295,449,0,2020,0
TCP,7800,58,0,5611,1
TCP,51,45,0,494,0
UDP,269,130,0,810,0
TCP,1091,11,0,133,0
TCP,573,55,0,89,0
UDP,1205,94,0,317,0
TCP,153,562,0,122,0
UDP,781,106,0,222,0
TCP,822,128,0,1481,0
TCP,426,48,0,487,0
TCP,441,30,0,471,0
TCP,1118,67,0,1894,0
UDP,146,118,0,38,0
TCP,583,61,0,348,0
TCP,144,29,0,274,0
TCP,210,22,0,165,0
TCP,103,5,0,66,0
TCP,229,50,0,69,0
TCP,296,418,0,156,0
TCP,449,51,0,21,0
TCP,136,36,0,1108,0
TCP,39,90,0,787,0
TCP,1266,179,0,1170,0
ICMP,545,19,0,496,0
TCP,417,21,1,429,0
TCP,164,83,0,645,0
TCP,311,196,0,1800,0
TCP,738,103,0,843,0
TCP,109,16,0,119,0
TCP,254,8,0,287,0
TCP,414,8,0,477,0
UDP,356,2,0,773,0
TCP,263,73,0,45,0
TCP,326,98,0,985,0
UDP,462,6,8,746,1
TCP,835,61,0,466,0
TCP,6594,33,9,5170,1
TCP,93,34,0,65,0
TCP,419,200,0,254,0
UDP,103,3,0,376,0
TCP,618,40,0,25,0
TCP,217,259,0,254,0
TCP,680,76,0,673,0
TCP,153,273,0,474,0
TCP,1379,12,0,1063,0
ICMP,454,47,1,237,0
TCP,640,88,0,112,0
TCP,857,229,0,407,0
TCP,87,104,0,448,0
TCP,267,149,0,1529,0
UDP,45,72,0,313,0
UDP,159,56,0,283,0
UDP,678,84,0,714,0
TCP,869,16,1,579,0
TCP,539,210,0,445,0
TCP,681,163,0,795,0
TCP,44,0,0,141,0
TCP,17,95,0,1241,0
TCP,468,227,0,79,0
UDP,490,54,0,834,0
UDP,2679,26,0,23,0
UDP,805,13,0,141,0
TCP,225,142,0,355,1
TCP,69,2,0,1586,0
TCP,240,153,0,729,0
TCP,32,181,0,740,0
UDP,52,3,0,150,0
TCP,582,135,0,152,0
TCP,1380,280,0,223,0
TCP,71,105,0,1391,0
TCP,957,37,0,100,0
TCP,173,87,0,197,0
TCP,482,2,0,1261,0
ICMP,242,11,0,169,0
TCP,377,175,0,342,0
TCP,531,154,0,336,0
UDP,467,312,0,12,0
TCP,389,34,0,4911,1
TCP,292,84,0,239,0
UDP,2,143,0,806,0
TCP,357,280,0,205,0
TCP,116,120,0,613,0
TCP,257,29,0,36,0
TCP,56,13,0,678,0
TCP,448,53,0,1082,0
ICMP,1957,45,0,52,0
TCP,316,219,0,448,0
TCP,382,84,0,179,0
ICMP,1170,64,1,215,0
UDP,326,50,0,164,0
UDP,15,41,0,149,0
TCP,130,15,0,355,0
TCP,194,54,0,675,0
TCP,397,158,0,796,0
UDP,658,248,0,191,0
ICMP,1090,7,0,384,0
UDP,407,101,0,10,0
TCP,521,87,0,618,0
TCP,892,169,0,517,0
TCP,575,258,0,381,0
TCP,868,14,0,1273,0
TCP,1007,73,0,772,0
TCP,214,147,0,1006,0
TCP,372,49,0,195,0
ICMP,289,59,0,160,0
TCP,685,71,0,5,0
ICMP,83,69,1,91,0
UDP,516,28,0,416,0
UDP,247,61,0,758,0
UDP,220,151,0,291,0
TCP,243,230,0,565,0
TCP,686,148,1,124,0
TCP,141,62,0,1323,0
ICMP,839,95,0,1979,0
TCP,319,385,0,525,0
TCP,1248,75,0,516,0
TCP,751,7,0,351,0
TCP,1102,82,0,1069,0
UDP,352,21,0,81,0
TCP,59,44,0,20,0
TCP,1133,68,0,251,0
TCP,355,45,0,869,0
TCP,2022,0,0,47,0
UDP,363,22,0,450,0
TCP,81,39,0,146,0
UDP,364,118,0,657,0
UDP,182,12,0,66,0
UDP,232,58,0,66,0
TCP,359,177,0,583,0
TCP,337,287,0,427,0
UDP,386,52,1,658,0
TCP,323,30,0,95,0
UDP,220,216,0,1065,0
TCP,301,210,1,856,0
TCP,111,70,0,435,0
ICMP,343,115,0,397,0
TCP,459,123,0,96,0
TCP,12,216,0,116,0
TCP,3519,163,0,162,0
TCP,62,157,1,470,0
ICMP,232,45,0,242,0
ICMP,443,106,0,19,0
UDP,978,266,0,321,0
TCP,166,162,0,152,0
TCP,946,123,0,1559,0
TCP,7,139,0,116,0
TCP,60,149,0,1451,0
TCP,332,112,0,797,0
UDP,542,18,0,2701,0
ICMP,6057,6,7,5261,1
UDP,34,12,0,62,0
TCP,582,4,0,2045,0
TCP,566,167,0,1561,0
ICMP,397,39,0,78,0
TCP,5569,162,0,2655,1
UDP,2211,186,0,271,0
TCP,234,351,1,378,0
ICMP,171,48,0,286,0
TCP,120,71,0,869,0
UDP,2189,9,0,213,1
TCP,45,131,0,1106,0
TCP,929,30,0,2352,0
TCP,2472,35,0,258,0
TCP,134,54,0,841,0
TCP,825,133,0,469,0
TCP,275,126,1,691,0
TCP,45,62,0,1284,0
TCP,63,420,0,166,0
TCP,663,54,0,1252,0
TCP,250,12,0,635,0
TCP,88,82,0,122,0
TCP,969,77,0,849,0
TCP,36,20,1,69,0
TCP,591,2,0,188,0
TCP,1562,236,10,66,1
TCP,87,102,0,327,0
TCP,166,101,0,1451,0
TCP,516,33,0,1260,0
TCP,60,413,0,583,0
TCP,1132,42,0,371,0
TCP,167,363,0,627,0
UDP,331,155,0,2048,0
TCP,76,12,0,3,0
UDP,215,39,7,4584,1
UDP,888,462,0,14,0
TCP,184,200,0,69,0
UDP,83,30,0,1,0
TCP,647,63,0,588,0
TCP,354,62,0,604,0
TCP,1355,30,0,112,0
UDP,276,42,0,1082,0
TCP,53,4,0,266,0
TCP,847,163,0,13,0
TCP,735,15,0,401,0
UDP,295,185,0,11,0
UDP,1092,55,0,312,0
TCP,550,200,0,335,0
ICMP,841,275,0,39,0
UDP,291,242,0,935,0
TCP,383,228,0,239,0
UDP,487,21,0,909,0
TCP,935,126,0,94,0
TCP,221,50,0,396,0
TCP,170,169,0,70,0
TCP,712,259,0,21,0
TCP,640,61,0,369,0
ICMP,706,102,0,261,0
TCP,460,23,0,942,0
TCP,895,94,1,307,0
UDP,1470,11,0,83,0
TCP,1630,65,0,1126,0
TCP,208,19,0,231,0
TCP,395,74,1,340,0
UDP,61,182,0,97,0
TCP,435,110,0,787,0
TCP,230,428,0,180,0
TCP,3543,209,0,226,0
ICMP,63,42,1,996,0
TCP,920,29,0,448,0
TCP,3,87,0,111,0
TCP,382,237,0,1342,0
TCP,273,100,0,58,0
TCP,500,123,0,472,0
UDP,228,34,0,497,0
TCP,263,39,0,1228,0
TCP,40,50,0,72,0
TCP,192,57,0,39,0
UDP,440,108,0,516,0
TCP,1098,15,0,393,0
TCP,348,55,0,306,0
TCP,159,287,0,1467,0
TCP,252,128,0,437,0
TCP,192,24,0,394,0
ICMP,282,15,0,1306,0
UDP,126,39,0,39,0
TCP,797,86,0,363,0
TCP,621,2,0,1299,0
UDP,72,88,0,439,0
TCP,28,194,0,197,0
TCP,27,111,0,76,0
UDP,722,80,0,187,0
TCP,453,144,0,253,0
TCP,6408,64,7,6145,1
TCP,714,13,0,389,0
TCP,272,312,0,694,0
TCP,1150,74,1,142,0
TCP,278,58,0,935,0
UDP,241,211,0,40,0
UDP,754,14,0,286,0
TCP,2622,65,0,221,0
TCP,41,18,0,707,0
TCP,613,75,0,671,0
UDP,728,48,0,59,0
ICMP,526,36,0,152,0
TCP,380,43,0,342,0
TCP,72,254,1,743,0
TCP,283,54,1,88,0
TCP,7,51,0,657,0
TCP,72,19,0,1149,0
TCP,11,123,0,165,0
TCP,516,52,0,208,0
TCP,115,2,0,74,0
TCP,503,68,0,127,0
TCP,223,106,0,130,0
TCP,782,42,0,445,0
TCP,3151,49,0,132,0
TCP,1192,1,0,88,0
TCP,81,431,0,258,0
UDP,5,407,0,116,0
TCP,81,52,1,32,0
TCP,346,190,0,77,0
TCP,26,123,0,315,0
UDP,21,98,0,297,0
TCP,16,200,1,1522,0
TCP,74,123,0,37,0
TCP,210,34,0,561,0
UDP,835,168,0,359,0
TCP,825,221,0,792,0
ICMP,117,51,0,366,0
TCP,420,155,1,104,0
TCP,42,214,0,43,0
TCP,181,11,0,147,0
ICMP,98,497,0,85,0
TCP,23,99,1,568,0
ICMP,295,34,0,1393,0
TCP,1722,266,0,289,0
TCP,547,91,0,521,0
TCP,58,248,0,344,0
TCP,76,189,0,75,0
TCP,407,90,0,77,0
TCP,48,147,0,433,0
TCP,846,402,0,244,0
TCP,3398,73,0,159,0
UDP,782,8,0,365,0
UDP,105,99,1,27,0
TCP,626,58,0,1131,0
ICMP,420,0,0,877,0
TCP,348,47,0,469,0
TCP,2208,80,0,962,0
UDP,414,47,0,676,0
ICMP,303,64,0,110,0
TCP,5349,84,0,145,1
TCP,1237,165,0,165,0
ICMP,2,158,0,1187,0
TCP,773,321,0,33,0
TCP,28,12,0,40,0
TCP,199,40,0,47,0
TCP,590,163,0,93,0
ICMP,797,77,0,25,0
UDP,269,400,1,218,0
TCP,165,124,0,145,0
TCP,626,15,0,303,0
TCP,26,110,0,188,0
ICMP,461,83,0,858,0
TCP,335,8,0,180,0
TCP,243,180,0,169,0
TCP,9,224,0,20,0
TCP,520,48,0,65,0
TCP,265,98,0,488,0
UDP,1723,142,0,80,0
TCP,639,133,0,35,0
UDP,483,102,0,289,0
ICMP,266,75,0,238,0
TCP,269,29,0,651,0
TCP,392,373,0,317,0
UDP,1474,244,0,173,0
TCP,67,19,0,381,0
TCP,51,37,0,170,0
TCP,120,8,0,155,0
TCP,466,151,0,37,0
TCP,186,18,0,408,0
TCP,82,11,0,394,0
TCP,342,60,1,374,0
TCP,90,124,0,12,0
TCP,1362,22,0,547,0
TCP,158,100,0,256,0
UDP,825,81,0,102,0
UDP,299,152,0,84,0
TCP,109,61,0,35,0
UDP,264,123,1,96,0
TCP,46,148,0,64,0
TCP,280,28,0,350,0
TCP,101,7,0,109,0
ICMP,1296,131,0,399,0
TCP,606,189,0,145,0
TCP,752,53,0,507,0
TCP,347,34,1,409,0
TCP,712,89,0,72,0
TCP,6846,112,7,5285,1
ICMP,470,84,0,85,0
TCP,95,20,0,3,0
TCP,54,376,0,389,0
UDP,2090,2,0,335,0
TCP,148,71,0,7132,1
UDP,749,12,0,69,0
TCP,269,44,0,1162,0
TCP,0,108,0,1363,0
TCP,60,13,0,1241,0
TCP,185,306,0,1632,0
UDP,616,9,0,556,0
TCP,199,48,0,2077,0
TCP,238,58,0,938,0
TCP,655,45,0,426,0
TCP,62,156,0,154,0
TCP,863,215,0,168,0
TCP,443,49,0,129,0
UDP,12,66,0,314,0
TCP,290,55,0,210,0
TCP,1684,92,0,632,0
TCP,230,16,1,370,0
UDP,180,22,0,225,0
UDP,764,69,0,202,0
ICMP,5543,18,7,4876,1
TCP,1280,217,0,896,0
ICMP,87,63,1,461,0
ICMP,2368,64,0,399,0
TCP,1348,267,0,1070,0
UDP,231,25,0,758,0
UDP,143,150,0,1298,0
ICMP,835,236,0,223,0
TCP,111,87,0,1310,0
TCP,106,13,0,255,0
UDP,358,395,0,196,0
TCP,106,99,0,846,0
TCP,355,40,0,1512,0
ICMP,1102,27,0,471,0
TCP,562,45,0,42,0
TCP,264,135,0,432,0
TCP,121,53,0,959,0
UDP,198,44,0,710,0
UDP,383,14,1,1257,0
UDP,681,35,0,215,0
TCP,823,13,0,705,0
TCP,300,262,0,295,0
TCP,1957,289,0,39,0
TCP,879,8,0,134,0
UDP,234,7,0,830,0
TCP,346,322,0,357,0
TCP,4,14,1,1081,0
UDP,46,46,0,20,0
TCP,93,142,0,442,0
UDP,388,212,0,244,0
TCP,225,105,1,831,0
TCP,71,90,0,588,0
UDP,1033,159,0,348,0
TCP,143,493,0,34,0
UDP,341,3,0,50,0
TCP,9,115,0,708,0
TCP,120,43,0,452,0
TCP,949,19,0,29,0
TCP,69,77,0,1034,0
TCP,954,5,0,143,0
UDP,311,11,0,1799,0
UDP,124,83,0,390,0
UDP,1826,41,0,70,0
TCP,51,130,0,183,0
UDP,613,35,0,514,0
UDP,18,243,0,693,0
TCP,53,9,1,192,0
TCP,636,97,0,179,0
UDP,9,115,0,8,0
TCP,462,209,0,44,0
UDP,41,288,0,404,0
TCP,278,60,0,1015,0
TCP,1102,3,1,270,0
TCP,1573,62,0,338,0
TCP,588,45,0,413,0
ICMP,1453,34,0,144,0
TCP,229,82,1,618,0
UDP,512,42,1,373,0
TCP,321,22,6,186,1
TCP,50,105,0,987,0
ICMP,388,89,0,607,0
TCP,968,4,0,506,0
TCP,476,63,0,100,0
TCP,233,34,0,992,0
TCP,626,61,0,190,0
TCP,705,44,0,343,0
ICMP,66,75,0,111,0
TCP,419,49,0,227,0
TCP,426,28,0,421,0
TCP,164,1,0,482,0
TCP,130,173,0,265,0
TCP,780,142,0,1157,0
TCP,596,110,0,649,0
TCP,1145,14,1,387,0
UDP,126,124,0,1044,0
TCP,939,113,0,826,0
TCP,686,78,0,184,0
TCP,1462,33,0,53,0
TCP,785,112,0,368,0
TCP,1485,250,0,1112,0
ICMP,1123,101,0,250,0
ICMP,1221,8,0,18,0
UDP,96,17,0,269,0
TCP,31,59,0,1011,0
UDP,15,213,0,1755,0
UDP,738,21,0,1312,0
TCP,203,104,0,381,0
TCP,630,41,0,235,0
TCP,459,11,0,163,0
UDP,20,58,0,208,0
TCP,16,7,0,1714,0
TCP,689,79,0,16,0
TCP,770,412,0,24,0
TCP,593,54,0,6,0
ICMP,41,63,0,619,0
ICMP,120,19,0,594,0
UDP,1413,115,0,233,0
UDP,152,259,0,1234,0
UDP,117,70,0,506,0
TCP,206,100,0,344,0
TCP,159,268,0,94,0
TCP,97,14,0,129,0
TCP,405,211,0,300,0
TCP,15,29,6,282,1
UDP,4364,21,0,6025,1
TCP,369,163,0,274,0
TCP,229,96,0,1385,0
TCP,103,80,1,42,0
ICMP,112,62,0,95,0
ICMP,463,59,0,34,0
TCP,353,9,0,815,0
TCP,118,172,0,19,0
TCP,46,12,0,1356,0
TCP,1836,14,0,82,0
UDP,303,54,0,83,0
TCP,1120,299,0,314,0
TCP,3163,12,0,802,0
TCP,3054,145,0,9,0
TCP,224,85,0,38,0
UDP,652,234,0,674,0
TCP,568,38,0,655,0
UDP,553,118,0,211,0
TCP,405,121,0,1738,0
ICMP,2,37,1,122,0
TCP,65,27,0,404,0
TCP,440,122,0,552,0
TCP,878,4,0,296,0
ICMP,151,21,1,583,0
TCP,101,63,0,118,0
UDP,366,4,0,44,0
TCP,1126,55,1,105,0
TCP,122,31,0,160,0
TCP,347,5,0,424,0
ICMP,479,28,0,144,0
TCP,62,72,0,16,0
TCP,425,14,0,38,0
TCP,4712,73,5,6168,1
TCP,568,20,1,404,0
TCP,523,18,0,4,0
TCP,1292,104,0,416,0
TCP,615,14,0,99,0
UDP,984,7,0,98,0
ICMP,137,45,0,953,0
TCP,233,200,0,910,0
ICMP,327,4,0,1202,0
TCP,640,162,0,129,0
ICMP,417,44,0,161,0
TCP,63,10,0,132,0
UDP,423,16,1,395,0
TCP,27,37,0,23,0
UDP,681,49,0,135,0
UDP,565,94,0,1979,0
TCP,664,130,0,168,0
ICMP,56,66,0,527,0
ICMP,1218,63,0,1150,0
TCP,3260,116,0,154,0
ICMP,445,13,0,200,0
UDP,24,157,0,487,0
TCP,318,0,1,18,0
TCP,456,20,0,95,0
TCP,814,53,0,394,0
UDP,503,64,0,422,0
TCP,837,4,0,32,0
TCP,776,70,0,292,0
ICMP,96,131,0,313,0
TCP,1250,15,0,28,0
TCP,24,25,0,279,0
TCP,164,154,0,65,0
TCP,1146,268,0,665,0
TCP,2019,22,0,218,0
TCP,3507,34,3,5262,1
UDP,16,43,0,238,0
TCP,96,44,0,46,0
TCP,369,57,0,2876,0
TCP,479,3,0,817,0
UDP,633,148,0,1052,0
TCP,186,28,0,98,0
TCP,128,170,0,132,0
TCP,103,2,0,3131,0
UDP,142,508,0,896,0
TCP,121,59,0,364,0
TCP,70,83,1,1752,0
TCP,113,5,0,84,0
TCP,416,49,0,594,0
TCP,1027,13,0,610,0
TCP,153,142,0,1078,0
UDP,702,604,0,283,0
TCP,705,27,0,356,0
TCP,453,5,0,7,0
ICMP,32,2,0,34,0
ICMP,361,43,0,363,0
ICMP,535,96,0,596,0
ICMP,976,111,0,1369,0
TCP,427,113,0,10,0
TCP,885,246,0,391,0
ICMP,50,57,0,44,0
TCP,95,52,1,298,0
TCP,1105,73,0,384,0
TCP,341,449,0,241,0
TCP,441,109,0,409,0
UDP,106,122,0,167,0
TCP,172,48,0,163,0
TCP,109,359,0,262,0
UDP,716,195,0,23,0
TCP,1134,62,0,669,0
TCP,249,237,0,668,0
TCP,87,51,0,319,0
TCP,194,66,1,240,0
TCP,1239,105,0,344,0
TCP,158,97,5,5322,1
TCP,230,51,0,11,0
TCP,399,69,0,256,0
UDP,354,159,0,8,0
TCP,273,82,1,350,0
TCP,96,140,0,17,0
TCP,475,47,1,714,0
UDP,912,67,0,446,0
TCP,29,75,0,437,0
TCP,439,14,0,262,0
TCP,27,42,0,607,0
UDP,971,204,0,253,0
TCP,110,153,0,549,0
TCP,294,180,0,1084,0
TCP,2285,288,0,20,0
ICMP,421,167,0,345,0
TCP,88,53,0,1672,0
TCP,5,47,1,518,0
TCP,950,17,0,308,1
UDP,771,214,0,461,0
TCP,538,188,0,98,0
UDP,105,23,0,87,0
ICMP,74,130,0,601,0
TCP,1358,251,0,651,0
TCP,170,147,0,1149,0
UDP,121,9,1,739,0
UDP,313,175,2,2139,0
TCP,295,65,0,51,0
TCP,133,235,0,185,0
TCP,354,11,0,122,0
UDP,187,23,0,229,0
TCP,274,286,0,256,0
UDP,16,51,1,50,0
TCP,872,21,0,172,0
ICMP,284,140,0,278,0
UDP,370,114,0,762,0
TCP,34,155,2,50,0
TCP,200,83,0,320,0
UDP,13,11,0,1918,0
UDP,586,250,0,128,0
TCP,179,46,0,11,0
UDP,68,163,0,466,0
TCP,226,29,0,489,0
TCP,215,42,0,649,0
ICMP,93,162,0,1884,0
TCP,159,66,0,664,0
TCP,132,157,0,1264,0
ICMP,570,205,0,39,0
UDP,1100,30,0,556,0
TCP,722,8,0,493,0
UDP,424,236,0,1217,0
TCP,48,252,0,288,0
UDP,164,36,0,526,0
TCP,671,17,0,860,0
TCP,737,51,0,1527,0
UDP,419,21,0,16,0
TCP,1580,28,4,1895,1
TCP,360,24,0,517,0
UDP,197,25,0,153,0
TCP,97,29,0,678,0
TCP,303,125,0,64,0
UDP,1086,152,0,403,0
TCP,19,287,0,262,0
TCP,1983,305,1,622,0
TCP,660,136,0,414,0
UDP,575,126,0,90,0
TCP,6369,6,0,5223,1
ICMP,890,12,0,50,0
TCP,599,86,0,512,0
TCP,693,77,0,1278,0
TCP,123,58,0,2056,0
TCP,445,36,0,26,0
UDP,415,2,0,839,0
TCP,643,17,1,757,0
TCP,370,427,0,2223,0
TCP,600,172,0,511,0
TCP,1073,69,4,3436,1
TCP,77,23,0,63,0
TCP,648,33,0,171,0
TCP,137,16,1,779,0
TCP,59,236,0,67,0
TCP,294,381,0,23,0
UDP,93,38,0,2562,0
TCP,46,7,0,248,0
UDP,126,8,1,27,0
TCP,24,442,0,761,0
UDP,869,77,0,372,0
TCP,1372,96,0,66,0
ICMP,585,11,0,507,0
TCP,264,133,0,729,0
TCP,4206,35,9,369,1
TCP,39,17,0,228,0
TCP,604,146,1,440,0
TCP,343,189,0,636,0
TCP,30,83,0,341,0
TCP,787,72,1,774,0
TCP,4887,12,8,7299,1
TCP,2220,21,0,3,0
TCP,21,143,0,192,0
TCP,157,48,0,753,0
TCP,0,90,0,575,0
TCP,896,113,0,730,0
TCP,220,55,0,578,0
TCP,233,209,0,574,0
TCP,100,5,0,2499,0
TCP,57,261,0,177,0
TCP,168,32,0,130,0
TCP,59,58,0,106,0
UDP,61,3,0,349,0
TCP,66,123,0,1522,0
UDP,175,42,0,16,0
UDP,667,175,1,86,0
TCP,138,151,0,190,0
TCP,1340,366,0,842,0
TCP,568,92,0,1421,0
UDP,2209,101,0,491,0
TCP,555,104,0,35,0
TCP,176,178,1,194,0
TCP,304,136,0,238,0
ICMP,85,151,0,24,0
TCP,976,370,0,509,0
UDP,760,82,0,630,0
TCP,1066,89,0,26,0
TCP,781,21,0,1201,0
UDP,169,15,0,702,0
TCP,241,158,0,468,0
ICMP,1620,245,0,1114,0
TCP,236,213,0,111,0
TCP,384,70,0,1034,0
UDP,164,105,1,191,0
TCP,283,29,0,15,0
TCP,300,19,0,556,0
TCP,169,286,0,259,0
TCP,297,18,0,266,0
TCP,347,18,0,252,0
UDP,159,142,0,490,0
TCP,727,214,0,37,0
UDP,47,81,0,659,0
TCP,277,398,0,905,0
ICMP,688,114,0,565,0
TCP,312,298,0,319,0
UDP,317,8,0,223,0
TCP,874,45,0,267,0
TCP,4101,86,10,8641,1
TCP,195,14,0,1996,0
TCP,246,25,0,648,0
TCP,434,98,0,726,0
TCP,626,144,1,1003,0
ICMP,354,23,0,65,0
TCP,56,88,1,167,0
TCP,114,15,0,389,0
TCP,327,23,0,15,0
UDP,151,94,0,180,0
TCP,582,56,0,251,0
ICMP,947,331,0,4521,0
TCP,1462,114,2,329,0
UDP,24,58,0,1109,0
TCP,725,489,0,18,0
TCP,273,151,0,108,0
TCP,125,1,0,92,0
UDP,209,19,0,408,0
TCP,443,8,0,1110,0
TCP,6,18,0,1015,0
TCP,181,17,0,380,0
UDP,5433,14,0,4249,1
TCP,1006,5,0,1422,0
TCP,996,76,0,26,0
TCP,521,108,0,819,0
UDP,525,69,0,307,0
TCP,286,85,0,657,0
TCP,838,71,0,68,0
TCP,510,86,0,429,0
TCP,288,136,0,282,0
TCP,1299,186,0,739,0
TCP,481,43,0,197,0
TCP,617,43,0,509,0
TCP,75,54,0,475,0
ICMP,231,139,0,711,0
UDP,790,36,0,180,0
TCP,599,61,0,74,0
TCP,2023,198,0,483,0
TCP,857,111,0,89,0
TCP,609,21,9,4787,1
TCP,468,155,0,20,0
TCP,388,152,0,872,0
TCP,2050,21,0,343,0
UDP,1044,135,0,469,0
TCP,247,9,0,84,0
UDP,301,21,0,185,0
TCP,1200,260,0,154,0
TCP,341,30,0,46,0
UDP,374,255,0,120,0
TCP,272,16,0,859,0
TCP,536,28,0,1222,0
UDP,1086,128,1,162,0
TCP,815,33,0,129,0
TCP,244,50,0,1203,0
TCP,280,49,0,52,0
TCP,58,197,0,455,0
TCP,283,120,0,887,0
TCP,315,371,0,977,0
TCP,1095,101,0,393,0
TCP,962,42,0,87,0
TCP,1498,144,0,577,0
TCP,433,5,0,214,0
TCP,112,203,1,16,0
TCP,10,153,0,34,0
TCP,342,139,0,200,0
ICMP,222,86,0,47,0
UDP,304,148,1,1762,0
TCP,921,26,1,258,0
UDP,599,56,0,58,0
ICMP,352,120,0,1718,0
TCP,247,39,0,370,0
TCP,753,16,0,2637,0
TCP,40,45,0,30,0
TCP,428,47,0,808,0
TCP,282,42,0,141,0
TCP,767,30,1,7,0
TCP,379,11,0,998,0
UDP,188,17,0,457,0
UDP,146,9,0,1033,0
TCP,350,85,0,867,0
TCP,1088,287,0,511,0
TCP,1369,122,0,506,0
TCP,562,33,0,197,0
TCP,180,47,0,268,0
TCP,2753,338,0,511,0
UDP,258,2,0,207,0
TCP,194,20,0,337,0
TCP,289,105,0,718,0
TCP,791,59,1,927,0
ICMP,544,51,0,788,0
TCP,29,97,0,9,0
TCP,126,130,0,1823,0
TCP,420,30,0,421,0
TCP,1603,45,0,1849,0
TCP,23,79,0,201,0
TCP,50,12,0,177,0
TCP,18,105,0,656,0
TCP,3,70,0,1478,0
TCP,1805,20,0,71,0
TCP,343,208,0,2110,0
TCP,967,215,0,119,0
TCP,82,127,1,105,0
TCP,732,121,0,671,0
TCP,8,64,0,1144,0
TCP,93,24,0,442,0
UDP,80,62,0,172,0
ICMP,321,1,0,438,0
TCP,668,150,0,151,0
TCP,286,40,0,57,0
UDP,1509,99,0,802,0
TCP,918,119,1,487,0
TCP,2,29,1,184,0
UDP,326,33,0,58,0
TCP,250,78,0,391,0
ICMP,159,53,0,1702,0
TCP,305,135,0,1596,0
TCP,476,65,0,1153,0
TCP,993,11,0,359,0
TCP,647,147,0,308,0
TCP,132,9,0,8,0
TCP,104,16,0,390,0
ICMP,376,77,0,196,0
TCP,1345,61,0,471,0
TCP,657,1,0,975,0
TCP,65,91,0,244,0
TCP,4,12,0,447,0
UDP,948,53,0,45,0
TCP,949,61,0,57,0
TCP,226,80,0,55,0
TCP,664,6,1,774,0
TCP,2458,16,0,195,0
TCP,194,1,0,529,0
UDP,186,58,1,603,0
TCP,116,76,0,2263,0
TCP,780,201,0,1057,0
TCP,246,79,0,2937,0
ICMP,607,35,0,487,0
TCP,287,52,0,311,0
ICMP,139,81,0,789,0
TCP,29,190,0,141,0
UDP,524,73,1,67,0
UDP,845,80,0,1833,0
TCP,1103,194,1,83,0
ICMP,5237,37,0,5440,1
UDP,212,30,0,232,0
TCP,1151,61,0,399,0
TCP,1795,5,0,703,0
TCP,1095,348,0,237,0
TCP,776,5,0,613,0
UDP,106,132,0,422,0
TCP,23,26,0,913,0
TCP,481,30,0,11,0
UDP,317,16,0,304,0
UDP,429,118,0,61,0
UDP,603,92,0,36,0
TCP,226,11,0,1386,0
TCP,223,150,1,701,0
UDP,620,311,0,161,0
TCP,36,157,1,46,0
TCP,1565,48,0,1514,0
TCP,51,81,0,1390,0
TCP,700,15,0,90,0
TCP,198,13,0,864,0
UDP,259,135,0,1220,0
UDP,1140,131,0,440,0
TCP,499,131,0,243,0
TCP,331,63,0,798,0
TCP,385,55,0,221,0
TCP,313,139,0,4,0
TCP,546,100,0,485,0
TCP,278,96,1,903,0
TCP,11,98,0,1451,0
TCP,302,67,0,621,0
TCP,146,101,0,392,0
TCP,1353,68,0,5,0
UDP,570,98,0,159,0
TCP,1172,5,0,285,0
TCP,630,63,1,1721,0
TCP,69,54,1,69,0
TCP,38,219,0,19,0
TCP,7471,80,9,5250,1
TCP,1211,58,0,271,0
ICMP,845,202,0,569,0
TCP,545,42,0,157,0
ICMP,7652,101,0,4929,1
TCP,191,149,0,194,0
TCP,234,105,0,751,0
TCP,726,196,0,2198,0
UDP,224,127,0,1039,0
TCP,1220,35,0,190,0
TCP,46,126,0,16,0
TCP,1276,50,0,545,0
TCP,290,157,0,6498,1
TCP,43,34,0,45,0
ICMP,126,42,0,185,0
TCP,1774,265,0,1955,0
TCP,1282,325,0,17,0
TCP,65,145,1,821,0
TCP,144,241,0,157,0
TCP,407,53,0,445,0
TCP,804,61,1,580,0
TCP,11,5,0,455,0
TCP,1723,47,0,547,0
TCP,624,67,0,26,0
TCP,178,42,0,286,0
TCP,369,79,1,253,0
TCP,1566,26,0,674,0
TCP,453,33,0,1635,0
TCP,163,176,0,63,0
TCP,851,26,0,90,0
TCP,98,174,0,83,0
TCP,328,132,0,2333,0
UDP,248,61,0,957,0
TCP,808,34,0,426,0
TCP,111,135,0,353,0
TCP,5,19,0,293,0
ICMP,488,8,0,103,0
TCP,246,14,0,28,0
TCP,205,10,0,128,0
TCP,894,420,0,392,0
ICMP,530,1,0,129,0
UDP,741,111,0,454,0
TCP,370,68,0,1941,0
TCP,489,4,0,156,0
UDP,601,24,0,798,0
TCP,492,12,0,170,0
UDP,727,39,0,103,0
TCP,315,11,0,258,0
TCP,255,14,0,349,0
TCP,148,9,0,371,0
TCP,3,150,0,10,0
TCP,760,212,0,359,0
UDP,225,199,0,422,0
TCP,45,6,0,1220,0
UDP,294,180,0,35,0
TCP,1173,253,0,525,0
TCP,270,6,0,305,0
TCP,975,63,0,1566,0
TCP,100,41,0,105,0
TCP,1960,14,0,190,0
UDP,343,50,0,1628,0
UDP,151,237,0,7,0
UDP,1008,97,0,796,0
TCP,2533,73,0,561,0
UDP,155,25,0,443,0
TCP,156,48,0,394,0
TCP,1703,9,0,594,0
TCP,604,37,0,779,0
ICMP,381,41,0,0,0
TCP,251,45,0,20,0
ICMP,134,199,0,175,0
TCP,811,161,1,138,0
TCP,418,10,0,115,0
TCP,75,33,0,169,0
TCP,378,58,0,189,0
UDP,197,1,0,126,0
TCP,975,84,0,183,0
UDP,400,72,0,297,0
TCP,336,15,0,532,0
UDP,551,77,0,1135,0
UDP,1121,29,0,1526,0
TCP,757,36,0,213,0
TCP,106,157,0,47,0
UDP,315,16,0,602,0
TCP,227,51,0,335,0
TCP,1567,90,0,1815,0
ICMP,258,39,0,795,0
UDP,348,187,0,148,0
UDP,435,40,0,752,0
ICMP,148,23,0,63,0
TCP,347,34,0,987,0
TCP,66,48,1,404,0
TCP,252,32,0,103,0
UDP,2607,150,0,650,0
UDP,419,91,0,63,0
TCP,505,24,0,25,0
TCP,443,26,0,301,0
TCP,22,355,0,300,0
ICMP,840,292,1,306,0
UDP,142,29,0,955,0
TCP,71,151,0,263,0
TCP,7779,115,5,5258,1
UDP,666,112,0,176,0
UDP,1194,41,0,489,0
TCP,225,8,0,316,0
TCP,301,291,0,265,0
TCP,267,58,0,196,0
TCP,384,157,0,303,0
ICMP,1245,45,0,169,0
TCP,207,8,0,403,0
TCP,1668,5,0,486,0
TCP,72,49,0,287,0
TCP,657,103,0,242,0
TCP,1260,215,0,160,0
TCP,493,67,0,872,0
TCP,139,93,0,1491,0
ICMP,204,30,0,131,0
TCP,260,60,0,2634,0
TCP,485,152,0,935,0
TCP,1330,11,0,429,0
TCP,88,392,0,454,0
TCP,780,41,0,899,0
TCP,342,50,0,228,0
TCP,57,7,0,55,0
TCP,617,3,0,12,0
UDP,79,27,0,177,0
UDP,3769,315,0,5410,1
TCP,32,252,0,1119,0
UDP,329,125,0,459,0
TCP,5684,23,5,3636,1
ICMP,1082,44,0,363,0
TCP,454,13,1,112,0
TCP,118,73,0,789,0
ICMP,720,15,0,708,0
TCP,181,46,0,265,0
TCP,221,11,0,1314,0
TCP,1447,36,0,168,0
TCP,294,99,0,691,0
TCP,109,25,1,149,0
UDP,76,73,0,217,0
TCP,233,67,0,50,0
UDP,349,354,0,1176,0
TCP,1236,26,0,296,0
ICMP,115,147,0,23,0
TCP,332,97,0,308,0
TCP,1304,17,0,21,0
TCP,582,16,1,339,0
UDP,70,96,0,34,0
UDP,336,87,0,1222,0
TCP,105,104,0,186,0
TCP,484,96,0,422,0
TCP,504,2,0,2083,0
TCP,391,187,0,159,0
UDP,93,6,0,713,0
TCP,572,15,0,94,0
TCP,608,124,0,165,0
TCP,206,187,0,801,0
TCP,406,13,0,35,0
ICMP,31,98,0,107,0
TCP,685,15,0,2476,0
TCP,213,115,0,160,0
UDP,323,130,0,172,0
TCP,208,26,0,373,0
UDP,1403,72,0,282,0
TCP,303,209,0,304,0
TCP,362,266,0,1077,0
UDP,4755,217,6,6242,1
TCP,602,50,0,760,0
UDP,457,11,0,193,0
TCP,481,149,0,1425,0
TCP,152,80,0,1325,0
UDP,834,43,0,330,0
TCP,30,50,0,954,0
UDP,1161,49,0,88,0
UDP,69,176,0,184,0
TCP,57,26,0,286,0
TCP,1147,43,0,139,0
TCP,571,143,0,146,0
TCP,199,334,0,99,0
UDP,271,99,0,293,0
TCP,277,2,0,2105,0
TCP,3,86,0,254,0
TCP,123,46,1,409,0
TCP,67,92,0,535,0
TCP,95,67,0,29,0
UDP,233,46,0,333,0
TCP,244,9,0,680,0
TCP,458,326,0,53,0
TCP,2970,14,0,552,0
TCP,887,106,0,33,0
TCP,179,69,0,210,0
TCP,317,48,0,30,0
TCP,382,1,0,154,0
UDP,7507,147,6,4865,1
TCP,277,70,0,461,0
ICMP,910,12,0,75,0
TCP,741,157,0,144,0
UDP,755,75,0,419,0
TCP,285,255,0,598,0
TCP,1134,122,0,847,0
TCP,6756,115,1,374,1
UDP,112,37,0,705,0
TCP,282,162,0,860,0
TCP,329,197,0,768,0
TCP,59,18,0,342,0
TCP,204,100,0,728,0
TCP,1402,451,0,2336,0
ICMP,973,211,0,250,0
TCP,60,96,0,151,0
TCP,1299,11,0,919,0
UDP,190,15,0,184,0
UDP,345,42,0,133,0
TCP,4,121,0,433,0
UDP,625,62,0,229,0
TCP,1258,108,0,207,0
TCP,684,62,0,1324,0
TCP,476,210,0,277,0
TCP,324,130,0,714,0
TCP,889,7,0,1212,0
ICMP,501,41,1,715,0
TCP,1147,27,0,255,0
TCP,138,6,0,203,0
TCP,330,12,0,49,0
TCP,337,338,0,238,0
TCP,652,165,0,49,0
UDP,446,17,0,86,0
TCP,1011,493,0,234,0
TCP,1704,5,0,178,0
TCP,2897,169,0,419,0
TCP,858,284,0,109,0
TCP,359,38,1,235,0
TCP,573,240,0,97,0
TCP,1431,68,0,562,0
TCP,827,117,0,290,0
TCP,556,87,0,208,0
TCP,430,282,0,10,0
TCP,64,21,1,1233,0
TCP,189,294,0,14,0
TCP,334,12,1,751,0
ICMP,32,64,0,51,0
TCP,596,213,0,30,0
TCP,49,12,0,488,0
TCP,499,161,0,133,0
TCP,1274,54,0,73,0
UDP,150,90,0,1149,0
TCP,29,47,1,478,0
TCP,205,19,0,303,0
ICMP,542,11,0,372,0
TCP,912,57,0,961,0
ICMP,1854,101,0,919,0
UDP,394,11,1,142,0
TCP,106,86,0,156,0
TCP,751,501,0,313,0
ICMP,192,22,0,491,0
TCP,129,189,0,781,0
TCP,246,106,0,1031,0
TCP,268,91,0,273,0
TCP,819,130,0,208,0
UDP,150,31,2,97,0
TCP,833,56,0,891,0
TCP,1,18,0,273,0
ICMP,608,28,0,35,0
ICMP,232,3,0,784,0
UDP,18,302,0,705,0
TCP,417,165,0,416,0
TCP,580,20,1,309,0
TCP,25,70,0,91,0
TCP,250,19,0,1296,0
UDP,486,40,0,95,0
TCP,75,128,0,90,0
ICMP,1884,41,0,248,0
TCP,649,70,0,304,0
TCP,2029,24,0,771,0
ICMP,978,69,0,570,0
TCP,605,28,0,239,0
TCP,112,111,0,138,0
TCP,286,44,0,451,0
TCP,1525,72,0,191,0
ICMP,939,46,0,68,0
TCP,530,34,0,199,0
TCP,309,63,0,1291,0
TCP,287,213,0,580,0
TCP,278,48,0,559,0
TCP,105,42,0,116,0
TCP,303,48,0,915,0
UDP,13,87,0,191,0
ICMP,438,28,0,92,0
TCP,903,192,0,582,0
TCP,833,145,0,173,0
TCP,539,4,0,689,0
TCP,1653,17,0,87,0
TCP,101,94,0,149,0
TCP,143,47,0,574,0
TCP,0,62,1,151,0
TCP,78,57,0,205,0
TCP,274,125,0,144,0
TCP,236,28,1,166,0
TCP,87,107,0,0,0
TCP,91,247,0,353,0
TCP,1243,94,0,577,0
TCP,2308,54,0,332,0
UDP,2993,7,0,240,0
TCP,767,6,0,204,0
TCP,1746,121,1,189,0
TCP,171,16,0,819,0
UDP,741,36,0,352,0
TCP,344,64,0,504,0
TCP,745,0,1,97,0
ICMP,172,13,0,275,0
TCP,213,65,0,257,0
UDP,1837,16,0,509,0
TCP,404,95,0,860,0
TCP,578,302,0,1721,0
UDP,576,8,0,128,0
TCP,116,37,0,28,0
TCP,451,20,0,404,0
ICMP,176,182,0,748,0
TCP,105,153,0,2829,0
TCP,378,6,2,139,0
TCP,543,73,0,631,0
TCP,33,56,0,247,0
UDP,149,4,0,541,0
UDP,854,16,0,463,0
ICMP,492,53,0,140,0
TCP,69,42,0,449,0
TCP,521,34,10,2345,1
TCP,36,8,0,915,0
UDP,649,211,0,551,0
TCP,5478,42,0,99,1
TCP,40,61,0,725,0
TCP,103,60,0,9,0
TCP,505,5,0,562,0
UDP,306,58,0,394,0
TCP,364,66,0,398,0
TCP,643,40,0,294,0
TCP,35,116,0,236,0
TCP,459,228,0,538,0
ICMP,370,16,0,73,0
TCP,170,229,0,1361,0
TCP,65,52,0,234,1
TCP,34,4,0,384,0
TCP,186,75,0,1076,0
TCP,411,67,0,378,0
ICMP,675,259,0,535,0
TCP,85,45,0,67,0
TCP,1970,37,0,136,0
TCP,104,128,0,39,0
UDP,541,52,0,860,0
TCP,126,256,0,428,0
TCP,214,392,0,103,0
TCP,74,11,0,454,0
UDP,246,37,0,119,0
TCP,266,3,0,40,0
ICMP,162,93,0,195,0
TCP,438,75,0,136,0
UDP,62,23,0,1286,0
TCP,232,43,0,47,0
TCP,210,14,0,438,0
TCP,148,16,0,2173,0
TCP,765,67,0,988,0
TCP,35,212,0,1105,0
UDP,443,69,1,188,0
TCP,658,27,0,44,0
ICMP,364,154,4,219,1
TCP,62,165,0,16,0
UDP,699,125,0,390,0
TCP,769,33,0,309,0
UDP,319,75,0,64,0
ICMP,299,25,0,69,0
TCP,220,256,0,466,0
TCP,192,25,0,105,0
TCP,4,28,0,127,0
TCP,81,41,1,286,0
TCP,795,129,0,97,0
TCP,203,99,0,24,0
TCP,217,30,0,52,0
TCP,94,24,0,331,0
TCP,4,49,0,723,0
UDP,647,11,0,501,0
UDP,1684,105,0,473,0
TCP,102,103,0,803,0
TCP,52,8,0,815,0
TCP,1157,40,0,232,0
TCP,1158,239,0,94,0
TCP,149,1,0,477,0
TCP,44,312,0,2592,0
ICMP,42,11,0,9,0
ICMP,93,51,0,389,0
TCP,374,26,0,1375,0
TCP,704,121,0,672,0
TCP,137,102,0,40,0
TCP,853,178,0,118,0
TCP,103,108,1,369,0
TCP,146,234,0,698,0
UDP,1517,34,0,277,0
TCP,860,33,0,899,0
TCP,267,144,0,357,0
ICMP,928,165,0,296,0
UDP,269,33,0,416,0
TCP,5992,97,3,4152,1
TCP,1641,21,0,299,0
TCP,523,405,0,1107,0
UDP,836,39,0,641,0
TCP,193,175,0,280,0
ICMP,515,120,0,261,0
ICMP,212,4,0,205,0
ICMP,183,504,0,662,0
TCP,32,61,0,871,0
TCP,41,13,1,149,0
TCP,111,110,0,64,0
TCP,512,43,0,195,0
ICMP,156,66,0,198,0
TCP,306,49,0,867,0
TCP,581,15,0,1128,0
TCP,1874,93,0,115,0
UDP,91,65,0,526,0
TCP,190,35,0,563,0
TCP,845,51,0,1336,0
TCP,292,3,0,86,0
TCP,94,225,0,297,0
TCP,98,148,0,421,0
TCP,309,1,0,512,0
UDP,215,25,0,183,0
UDP,327,208,0,445,0
UDP,193,61,0,818,0
UDP,264,40,0,234,0
TCP,94,147,0,663,0
TCP,183,4,0,717,0
TCP,37,237,0,476,0
TCP,583,0,0,218,0
TCP,524,511,0,1761,0
TCP,7166,312,0,3880,1
UDP,767,38,1,312,0
TCP,318,61,0,108,0
TCP,901,23,0,1153,0
TCP,274,273,0,25,0
TCP,18,15,0,120,0
ICMP,93,54,0,21,0
TCP,5384,64,4,5929,1
TCP,557,182,0,546,0
UDP,251,75,0,447,0
TCP,1041,85,0,806,0
UDP,486,280,0,123,0
UDP,109,13,0,593,0
TCP,51,29,0,515,0
TCP,1617,144,0,963,0
TCP,623,261,0,221,0
UDP,40,87,0,430,0
TCP,266,140,0,1959,0
TCP,20,76,1,225,0
TCP,97,219,0,360,0
UDP,759,96,0,345,0
TCP,319,22,0,229,0
TCP,603,18,0,72,0
ICMP,9,17,0,25,0
TCP,122,59,0,5,0
TCP,15,98,0,13,0
UDP,191,30,0,1148,0
UDP,244,96,0,240,0
TCP,350,172,0,174,0
TCP,128,145,1,618,0
UDP,3,159,4,4058,1
TCP,443,31,0,630,0
TCP,1145,79,0,117,0
UDP,89,37,0,1050,0
TCP,6894,154,6,217,1
TCP,1894,74,0,329,0
UDP,291,232,1,1879,0
TCP,716,20,0,956,0
TCP,374,107,0,19,0
TCP,192,156,0,263,0
TCP,227,9,0,8,0
TCP,935,328,0,96,0
UDP,1575,199,0,793,0
TCP,347,187,0,157,0
TCP,122,55,0,200,0
UDP,479,11,0,1098,0
TCP,31,17,0,371,0
UDP,35,139,0,1595,0
TCP,134,93,1,144,0
TCP,6785,22,0,5719,1
UDP,206,105,0,184,0
TCP,6,75,0,447,0
TCP,1115,251,0,703,0
TCP,224,67,0,872,0
TCP,201,33,0,212,0
TCP,371,15,0,1005,0
TCP,296,144,0,2096,0
TCP,455,83,0,692,0
UDP,453,6,1,577,0
TCP,134,68,0,1544,0
ICMP,587,108,0,1011,0
TCP,82,122,0,121,0
TCP,202,18,0,312,0
TCP,284,100,0,477,0
TCP,1534,27,0,408,0
TCP,508,6,0,333,0
TCP,547,285,0,1982,0
TCP,220,338,0,38,0
UDP,217,23,0,455,0
TCP,842,19,0,204,0
UDP,328,32,0,1428,0
TCP,392,7,0,720,0
TCP,27,27,0,61,0
TCP,1442,16,0,182,0
TCP,78,157,0,847,0
TCP,60,27,1,280,0
TCP,202,82,0,19,0
TCP,203,39,0,399,0
ICMP,200,73,0,442,0
TCP,312,100,0,386,0
UDP,890,202,0,303,0
TCP,1186,37,0,376,0
TCP,324,106,0,1543,0
TCP,129,66,0,70,0
TCP,754,150,0,544,0
UDP,235,123,0,6235,1
TCP,137,61,0,21,0
UDP,7462,111,0,5381,1
TCP,663,3,0,569,0
TCP,204,45,0,409,0
TCP,322,14,0,24,0
TCP,414,72,0,194,0
TCP,922,142,0,832,0
TCP,168,164,0,1346,0
TCP,140,145,0,771,0
TCP,1192,79,0,185,0
UDP,88,20,0,202,0
TCP,48,164,0,21,0
TCP,707,121,0,441,0
TCP,1723,34,0,84,0
TCP,425,51,0,314,0
TCP,207,339,0,238,0
TCP,602,49,0,83,0
ICMP,593,5,8,6374,1
TCP,344,237,0,227,0
TCP,51,86,1,87,0
TCP,13,338,0,280,0
TCP,167,19,0,970,0
UDP,217,77,0,161,0
TCP,493,146,0,449,0
TCP,673,39,0,281,0
TCP,978,268,0,47,0
TCP,296,18,0,77,0
TCP,532,59,0,328,0
UDP,954,0,0,900,0
TCP,1138,35,7,27,1
TCP,1031,318,0,998,0
UDP,1614,23,0,678,0
TCP,32,14,0,235,0
TCP,446,22,0,5,0
ICMP,421,146,0,98,0
UDP,1021,29,1,130,0
UDP,115,67,0,170,0
TCP,181,96,2,290,0
TCP,363,223,0,347,0
UDP,146,324,0,0,0
UDP,637,45,0,1432,0
TCP,758,179,0,844,0
TCP,1429,42,0,534,0
TCP,2345,160,0,276,0
UDP,1527,43,0,404,0
ICMP,153,231,0,347,0
UDP,177,54,0,483,0
ICMP,232,611,0,135,0
TCP,80,4,0,97,0
TCP,5,107,0,90,0
TCP,70,210,0,2233,0
TCP,193,145,0,1870,0
TCP,288,155,0,900,0
UDP,172,11,0,467,0
ICMP,755,6,0,713,0
ICMP,833,325,0,386,0
ICMP,2242,107,0,539,0
TCP,117,48,1,666,0
TCP,235,18,0,883,0
TCP,184,66,0,251,0
UDP,283,27,0,1648,0
UDP,1596,168,0,196,0
TCP,325,139,0,567,0
UDP,67,272,0,32,0
TCP,6,217,5,6375,1
ICMP,170,51,0,215,0
UDP,40,77,0,733,0
TCP,110,87,0,1451,0
TCP,5536,60,0,30,1
TCP,657,104,1,33,0
TCP,169,8,0,698,0
TCP,514,115,0,192,0
TCP,58,5,0,784,0
TCP,233,339,0,6790,1
TCP,1349,99,0,46,0
TCP,1686,105,0,407,0
TCP,727,46,0,295,0
TCP,10,16,0,193,0
TCP,5543,212,9,3414,1
UDP,74,25,0,559,0
TCP,208,121,0,428,0
TCP,6007,155,7,544,1
TCP,1248,21,0,889,0
TCP,127,457,0,795,0
TCP,38,87,0,85,0
TCP,892,70,0,1743,0
TCP,477,13,2,3326,1
TCP,518,34,1,211,0
ICMP,462,68,0,1115,0
UDP,1752,140,0,1071,0
UDP,70,44,0,86,0
TCP,4344,158,5,6368,1
TCP,457,246,7,47,1
TCP,15,32,0,568,0
TCP,126,104,0,491,0
UDP,937,24,0,467,0
TCP,614,17,0,113,0
UDP,48,96,0,888,0
ICMP,99,54,0,889,0
UDP,1229,55,0,186,0
TCP,573,43,0,193,0
TCP,1003,349,0,84,0
TCP,434,46,0,892,0
TCP,218,261,0,271,0
TCP,258,16,0,281,0
TCP,439,40,1,602,0
UDP,84,109,0,621,0
TCP,947,16,2,332,0
TCP,475,16,0,286,0
TCP,412,232,0,906,0
TCP,276,35,0,268,0
TCP,213,17,0,495,0
TCP,253,20,0,838,0
ICMP,2474,83,0,759,0
TCP,344,41,1,1702,0
TCP,350,112,0,1140,0
ICMP,149,30,1,12,0
TCP,321,196,0,31,0
TCP,966,58,0,933,0
TCP,150,129,0,49,0
TCP,1585,2,0,104,0
UDP,471,1,0,124,0
TCP,6259,158,5,5816,1
UDP,229,48,0,1357,0
TCP,353,51,0,694,0
TCP,630,66,0,1064,0
TCP,670,82,0,24,0
TCP,104,78,1,146,0
TCP,234,96,0,810,0
TCP,695,128,0,1013,0
TCP,122,142,1,311,0
TCP,177,307,0,638,0
ICMP,1193,112,0,1221,0
UDP,72,111,0,1,0
TCP,149,69,0,106,0
TCP,183,217,1,142,0
UDP,624,16,0,108,0
TCP,456,115,0,28,0
UDP,268,111,0,6,0
TCP,577,84,0,603,0
TCP,201,60,0,568,0
TCP,1448,60,0,329,0
TCP,1452,38,0,184,0
TCP,444,14,0,845,0
UDP,512,36,0,350,0
TCP,185,40,0,376,0
ICMP,222,104,0,5582,1
TCP,28,251,1,893,0
TCP,920,38,0,145,0
TCP,140,26,0,767,0
TCP,1229,99,0,752,0
TCP,290,313,0,1716,0
TCP,1357,158,0,914,0
TCP,956,22,0,21,0
TCP,454,50,0,893,0
TCP,1025,25,0,144,0
TCP,6172,67,1,60,1
ICMP,412,27,0,82,0
TCP,2339,4,0,57,0
TCP,6876,11,0,4439,1
TCP,158,22,0,657,0
TCP,87,21,0,197,0
TCP,291,16,0,854,0
TCP,346,9,0,410,0
TCP,76,217,2,306,0
TCP,83,29,1,142,0
UDP,31,8,0,676,0
TCP,12,185,0,322,0
TCP,679,43,0,137,0
TCP,267,75,0,139,0
UDP,832,55,0,322,0
TCP,291,84,0,296,0
TCP,931,5,0,1433,0
TCP,599,19,0,411,0
TCP,76,163,1,100,0
TCP,123,9,0,919,0
UDP,20,5,0,145,0
UDP,365,76,0,48,0
TCP,487,8,0,1078,0
UDP,86,68,0,442,0
TCP,389,8,0,178,0
TCP,993,242,1,357,0
TCP,1078,26,0,182,0
TCP,118,123,0,293,0
TCP,218,55,0,1139,0
TCP,163,116,1,39,0
TCP,615,204,0,90,0
UDP,135,56,0,553,0
TCP,227,30,0,90,0
TCP,484,108,0,7,0
TCP,108,50,0,36,0
ICMP,212,92,0,525,0
TCP,1045,64,0,816,0
UDP,76,89,0,183,0
TCP,207,15,0,1244,0
UDP,547,1,0,807,0
TCP,452,188,0,84,0
TCP,63,258,0,87,0
TCP,199,35,0,169,0
TCP,43,93,0,678,0
TCP,75,41,0,36,0
TCP,22,34,0,690,0
ICMP,1110,94,0,638,0
TCP,175,116,0,148,0
UDP,195,478,0,181,0
UDP,508,46,1,65,0
TCP,74,90,0,1475,0
TCP,667,93,0,638,0
TCP,46,79,0,1774,0
TCP,571,69,0,22,0
TCP,237,255,0,228,0
ICMP,245,55,0,149,0
TCP,1658,96,1,665,0
TCP,2006,7,0,672,0
TCP,797,9,0,184,0
TCP,58,161,0,812,0
UDP,399,32,0,644,0
TCP,442,34,0,557,0
TCP,1117,2,0,343,0
UDP,753,21,0,1530,0
TCP,503,2,0,322,0
TCP,139,113,0,278,0
TCP,156,5,0,352,0
UDP,68,92,0,14,0
TCP,1491,222,0,486,0
TCP,691,22,0,157,0
TCP,100,1,0,301,0
TCP,754,69,0,155,0
TCP,181,29,0,896,0
TCP,458,82,0,709,0
TCP,197,268,0,97,0
UDP,1211,55,0,662,0
ICMP,222,80,0,506,0
ICMP,1637,36,0,140,0
TCP,47,137,0,791,0
TCP,1082,22,0,915,0
TCP,99,17,0,878,0
ICMP,737,41,0,571,0
UDP,74,41,0,430,0
TCP,651,44,0,480,0
UDP,136,30,1,262,0
TCP,21,24,0,219,0
TCP,87,43,0,225,0
ICMP,848,303,0,3,0
TCP,712,4,0,276,0
TCP,430,153,0,973,0
TCP,383,22,0,227,0
UDP,24,10,0,23,0
UDP,218,21,0,586,0
TCP,1167,90,0,223,0
TCP,265,11,0,378,0
TCP,534,2,2,134,0
UDP,397,37,0,138,0
TCP,1217,51,0,184,0
TCP,44,36,0,810,0
TCP,298,106,0,37,0
TCP,111,146,0,530,0
TCP,447,188,0,36,0
TCP,246,144,0,763,0
UDP,488,55,0,696,0
UDP,37,316,1,169,0
TCP,7,393,0,651,0
ICMP,193,91,1,806,0
TCP,90,63,0,478,0
ICMP,68,18,0,104,0
TCP,701,15,0,1001,0
TCP,2113,9,0,798,0
ICMP,200,12,0,270,0
TCP,1099,52,0,66,0
ICMP,262,59,0,123,0
TCP,1261,76,0,159,0
TCP,7,111,0,672,0
UDP,488,59,0,282,0
TCP,430,79,0,1872,0
TCP,642,18,0,399,0
ICMP,36,58,0,365,0
UDP,108,86,1,562,0
TCP,485,12,0,407,0
TCP,143,140,0,943,0
TCP,730,9,0,1146,0
TCP,1115,35,0,960,0
UDP,856,16,0,151,0
UDP,576,153,0,482,0
UDP,312,133,0,355,0
UDP,842,40,0,466,0
TCP,1152,222,0,1312,0
TCP,1494,156,0,97,0
UDP,1079,107,0,275,0
TCP,33,21,0,1103,0
TCP,85,16,8,5745,1
UDP,764,36,0,602,0
TCP,238,119,1,711,0
TCP,160,44,0,522,0
TCP,175,57,0,990,0
TCP,3,41,0,1423,0
TCP,715,16,0,2394,0
TCP,135,15,0,205,0
TCP,208,86,0,868,0
TCP,96,26,0,46,0
UDP,59,31,0,228,0
TCP,1497,34,0,1242,0
TCP,1938,100,0,92,0
TCP,341,222,0,116,0
UDP,16,173,0,304,0
TCP,25,51,1,472,0
TCP,1026,41,0,668,0
TCP,386,9,0,1169,0
TCP,1321,272,0,304,0
ICMP,534,27,0,294,0
TCP,1149,26,0,126,0
UDP,241,71,0,11,0
TCP,52,15,0,1161,0
TCP,133,10,0,694,0
TCP,290,55,0,97,0
UDP,127,43,0,534,0
TCP,850,92,0,384,0
UDP,540,339,0,965,0
TCP,893,70,1,233,0
TCP,840,92,0,956,0
TCP,810,22,0,297,0
TCP,469,38,0,316,0
TCP,336,482,0,178,0
TCP,1905,96,0,596,0
TCP,16,48,0,103,0
UDP,159,216,0,136,0
TCP,757,109,1,139,0
TCP,855,10,1,256,0
TCP,137,342,0,495,0
ICMP,726,119,1,451,0
TCP,633,50,0,296,0
TCP,834,19,0,12,0
UDP,495,83,0,51,0
TCP,960,93,1,733,0
UDP,650,20,0,986,0
UDP,738,231,0,92,0
TCP,48,77,0,311,0
TCP,380,191,0,56,0
TCP,509,152,0,340,0
UDP,192,138,0,740,0
TCP,64,135,0,191,0
TCP,73,108,1,551,0
UDP,46,2,0,329,0
TCP,380,66,1,1036,0
TCP,59,28,0,3470,0
UDP,303,152,0,132,0
TCP,1353,116,0,182,0
UDP,2471,277,0,30,0
TCP,9906,98,0,6605,1
UDP,284,1,1,1624,0
UDP,1094,7,0,847,0
UDP,579,28,0,50,0
TCP,129,163,0,185,0
TCP,816,40,0,285,0
UDP,183,96,0,7,0
TCP,464,204,0,526,0
ICMP,75,121,0,118,0
UDP,334,67,0,46,0
TCP,1780,70,0,32,0
ICMP,178,120,0,376,0
ICMP,1630,77,0,649,0
ICMP,2,57,0,289,0
TCP,2165,58,0,1150,0
TCP,28,183,7,6580,1
ICMP,458,16,0,489,0
TCP,1873,163,0,79,0
TCP,0,126,0,1025,0
ICMP,252,62,1,509,0
TCP,1119,34,0,759,0
TCP,539,331,0,1135,1
TCP,328,203,0,231,0
TCP,188,3,0,1180,0
TCP,127,328,0,96,0
TCP,52,40,0,90,0
TCP,496,7,0,493,0
ICMP,192,60,0,97,0
TCP,7745,22,4,49,1
TCP,360,39,0,77,0
TCP,258,388,1,1343,0
TCP,528,45,0,664,0
TCP,162,19,0,785,0
TCP,575,41,0,461,0
UDP,193,72,0,45,0
TCP,254,131,1,256,0
TCP,216,232,1,61,0
TCP,516,76,0,70,0
TCP,140,325,0,84,0
TCP,162,154,0,1186,0
ICMP,628,61,0,938,0
TCP,773,45,0,2035,0
TCP,809,159,0,385,0
TCP,272,146,1,2097,0
TCP,71,233,0,25,0
TCP,95,33,1,48,0
UDP,955,41,0,561,0
TCP,23,183,0,172,0
TCP,504,159,0,294,0
ICMP,948,187,0,11,0
TCP,1235,20,0,228,0
TCP,326,50,0,98,0
TCP,1226,4,0,492,0
TCP,5222,26,10,4911,1
TCP,37,277,0,1,0
TCP,176,165,0,413,0
TCP,2001,34,0,16,0
TCP,750,176,0,841,0
UDP,498,173,0,227,0
TCP,861,38,0,1021,0
TCP,220,258,0,21,0
TCP,167,161,0,349,0
TCP,4,49,0,1027,0
TCP,44,214,0,1100,0
TCP,625,130,0,64,0
TCP,2167,49,0,241,0
UDP,463,26,0,799,0
UDP,2,91,0,328,0
TCP,512,151,0,663,0
TCP,15,24,0,117,0
TCP,143,119,0,301,0
TCP,181,23,0,39,0
TCP,186,30,0,672,0
UDP,63,204,0,599,0
UDP,698,149,0,174,0
TCP,134,84,0,1397,0
UDP,55,12,0,287,0
UDP,142,102,0,955,0
TCP,1552,59,0,10,0
TCP,1425,3,0,364,0
TCP,464,74,0,266,0
TCP,459,195,0,892,0
UDP,286,20,0,87,0
TCP,867,211,0,419,0
TCP,221,31,0,1156,0
TCP,821,240,0,248,0
TCP,572,89,0,195,0
ICMP,126,9,0,210,0
UDP,956,166,0,133,0
TCP,499,129,0,5,0
ICMP,490,132,0,294,0
TCP,2059,24,0,601,0
UDP,1752,17,0,323,0
TCP,497,94,0,25,0
TCP,1051,153,0,656,0
TCP,128,23,0,481,0
UDP,323,253,0,799,0
TCP,482,119,0,201,0
TCP,230,97,0,771,0
UDP,683,194,0,248,0
TCP,264,34,0,635,0
TCP,603,82,0,127,0
TCP,367,153,0,14,0
TCP,117,86,0,90,0
TCP,1530,120,0,956,0
TCP,190,78,0,591,0
TCP,47,18,0,166,0
TCP,26,138,0,16,0
TCP,2291,5,0,268,0
ICMP,281,32,0,192,0
ICMP,238,13,0,519,0
TCP,800,35,0,41,0
TCP,1242,314,0,369,0
TCP,897,36,0,113,0
UDP,551,116,0,3,0
UDP,18,170,0,994,0
TCP,94,177,0,322,0
TCP,201,92,0,135,0
TCP,36,24,0,128,0
UDP,80,183,0,44,0
TCP,1153,104,0,213,0
TCP,863,65,0,83,0
UDP,2301,61,1,390,0
TCP,426,33,0,674,0
UDP,256,0,0,532,0
TCP,75,177,0,63,0
TCP,178,164,1,45,0
TCP,79,215,0,1685,0
UDP,554,156,0,275,0
TCP,505,60,0,245,0
TCP,400,44,0,373,0
TCP,92,85,0,407,0
TCP,499,137,0,92,0
TCP,400,43,0,450,0
TCP,947,17,0,958,0
TCP,351,100,0,312,0
ICMP,619,303,0,4027,1
TCP,139,281,1,204,0
TCP,2,14,0,1524,0
UDP,430,101,0,531,0
TCP,1536,72,0,215,0
UDP,167,36,0,1838,0
TCP,887,466,0,403,0
UDP,475,77,0,768,0
TCP,368,2,0,1229,0
TCP,7959,31,8,3989,1
ICMP,326,257,0,197,0
UDP,149,28,0,171,0
TCP,366,334,0,1479,0
TCP,524,2,0,1095,0
TCP,499,31,0,120,0
TCP,6909,57,5,6800,1
TCP,1039,290,7,6155,1
UDP,894,202,0,430,0
UDP,1853,55,0,1110,0
TCP,264,130,0,174,0
UDP,536,48,0,72,0
ICMP,389,128,0,361,0
UDP,415,32,1,5050,1
TCP,949,61,0,1419,0
TCP,138,30,0,39,0
UDP,399,32,0,537,0
TCP,91,359,0,86,0
TCP,98,281,0,398,0
TCP,189,6,0,654,0
TCP,614,34,0,197,0
UDP,330,24,0,37,0
TCP,263,6,0,469,0
ICMP,589,32,0,503,0
UDP,353,26,0,11,0
TCP,89,279,0,77,0
TCP,117,31,0,186,0
ICMP,394,61,0,160,0
UDP,233,84,0,670,0
ICMP,742,62,0,230,0
UDP,50,178,1,14,0
TCP,7031,186,4,6526,1
TCP,264,100,0,143,0
TCP,396,11,0,638,0
TCP,6463,25,6,8,1
TCP,166,42,0,750,0
TCP,75,32,0,420,0
TCP,223,263,1,157,0
TCP,170,83,0,702,0
TCP,788,12,1,223,0
TCP,552,88,0,422,0
TCP,190,232,0,1060,0
UDP,2,135,0,157,0
TCP,1014,230,0,758,0
TCP,422,102,0,163,0
TCP,752,104,0,105,0
ICMP,144,24,0,224,0
ICMP,328,64,0,31,0
UDP,1384,29,0,519,0
UDP,304,133,0,11,0
TCP,771,68,1,1394,0
UDP,420,49,1,632,0
TCP,732,196,0,795,0
ICMP,83,4,0,173,0
ICMP,1184,44,0,150,0
TCP,23,142,0,82,0
TCP,495,34,0,18,0
TCP,295,289,0,849,0
TCP,2125,70,1,339,0
TCP,7273,35,5,5501,1
TCP,1102,92,0,137,0
TCP,651,139,0,938,0
TCP,460,33,0,668,0
TCP,733,15,0,155,0
UDP,376,198,1,346,0
TCP,79,42,0,457,0
UDP,1655,64,0,379,0
TCP,92,68,0,237,0
TCP,712,23,1,896,0
TCP,112,104,0,189,0
TCP,1024,23,0,885,0
UDP,1392,2,0,2275,0
TCP,81,65,0,79,0
TCP,232,12,0,412,0
UDP,1276,1,0,86,0
TCP,286,353,0,1418,0
ICMP,800,46,0,693,0
TCP,39,21,0,388,0
TCP,190,16,0,255,0
UDP,650,50,0,239,0
TCP,5685,175,5,1244,1
UDP,1078,399,0,322,0
TCP,536,5,1,521,0
TCP,692,58,0,65,0
UDP,6178,18,5,78,1
TCP,131,41,0,82,0
UDP,48,3,0,419,0
ICMP,689,38,0,71,0
TCP,158,119,0,284,0
TCP,289,44,0,341,0
TCP,430,1,0,682,0
TCP,87,53,0,82,0
TCP,631,22,0,2784,0
TCP,342,171,0,112,0
TCP,865,238,0,852,0
TCP,553,49,0,320,0
TCP,1350,114,1,308,0
TCP,1400,10,0,59,0
TCP,588,142,0,813,0
TCP,3,33,0,1519,0
TCP,26,44,0,253,0
TCP,926,67,0,380,0
TCP,854,86,0,723,0
TCP,74,230,0,298,0
TCP,212,37,0,1010,0
TCP,1149,443,0,464,0
TCP,500,196,0,282,0
TCP,666,2,1,97,0
TCP,175,43,0,290,0
TCP,328,443,1,419,0
TCP,89,64,0,524,0
TCP,4859,81,9,6172,1
TCP,1158,222,0,221,0
TCP,1021,9,0,546,0
TCP,16,20,0,465,0
TCP,552,292,0,547,0
UDP,202,18,0,483,0
TCP,102,74,0,976,0
TCP,337,5,1,53,0
TCP,1221,15,0,429,0
UDP,160,72,0,564,0
TCP,95,11,0,14,0
TCP,731,33,0,1730,0
TCP,944,114,1,32,0
TCP,135,3,0,368,0
ICMP,411,179,0,287,0
UDP,403,107,0,8,0
TCP,77,338,0,996,0
UDP,148,71,0,51,0
TCP,558,22,0,568,0
TCP,464,67,0,390,0
TCP,456,89,0,1187,0
TCP,1362,31,0,172,0
UDP,1008,23,0,363,0
TCP,133,314,0,945,0
TCP,195,21,0,524,0
TCP,89,11,0,87,0
TCP,163,123,0,717,0
TCP,1427,285,0,1403,0
TCP,991,309,0,1344,0
ICMP,413,24,0,180,0
TCP,53,159,0,81,0
TCP,222,133,0,696,0
TCP,12,48,0,257,0
TCP,27,72,1,120,0
TCP,21,26,0,265,0
TCP,277,39,0,362,0
TCP,771,208,0,236,0
TCP,86,201,0,83,0
TCP,70,37,0,246,0
TCP,39,104,0,402,0
UDP,448,74,1,476,0
ICMP,644,55,0,140,0
TCP,294,26,0,266,0
TCP,1793,291,0,887,0
TCP,1106,24,0,403,0
TCP,382,76,1,213,1
TCP,196,6,0,880,0
TCP,805,56,0,4,0
TCP,690,137,0,59,1
TCP,1065,26,0,106,0
UDP,1328,65,0,826,0
TCP,113,40,0,178,0
TCP,16,93,0,356,0
ICMP,304,23,0,221,0
TCP,479,5,0,30,0
TCP,287,35,0,1768,0
ICMP,143,59,0,153,0
TCP,214,112,0,1075,0
TCP,919,33,0,376,0
TCP,135,75,0,507,0
ICMP,189,25,0,140,0
ICMP,110,17,0,860,0
TCP,4542,10,0,5124,1
ICMP,673,57,0,163,0
TCP,6003,468,9,6844,1
ICMP,213,12,0,214,0
ICMP,125,133,0,377,0
TCP,1506,13,0,292,0
TCP,641,55,0,560,0
ICMP,112,178,0,180,0
TCP,366,129,0,62,0
TCP,119,43,0,887,0
TCP,172,248,0,857,0
TCP,863,172,0,462,0
UDP,226,265,0,43,0
UDP,1053,200,1,1088,0
TCP,1184,181,0,1550,0
TCP,6234,268,8,5803,1
UDP,4532,160,9,6327,1
UDP,339,31,0,957,0
TCP,305,14,0,1,0
TCP,427,11,0,144,0
UDP,379,46,0,349,0
TCP,321,113,3,822,1
TCP,290,165,0,628,0
TCP,1021,190,0,193,0
TCP,368,4,0,571,0
UDP,1276,67,0,364,0
ICMP,112,1,0,17,0
TCP,649,241,0,390,0
UDP,70,4,0,1416,0
UDP,1415,192,0,516,0
TCP,2026,27,0,182,0
TCP,56,13,0,780,0
TCP,319,204,0,1067,0
TCP,832,23,0,255,0
ICMP,366,222,0,22,0
UDP,1459,240,0,210,0
UDP,1113,3,0,505,0
UDP,821,157,0,742,0
TCP,136,31,0,1091,0
ICMP,696,30,0,1824,0
TCP,501,15,0,846,0
ICMP,142,131,0,388,0
UDP,135,135,0,311,0
TCP,1113,111,0,349,0
ICMP,130,74,1,582,0
UDP,681,25,1,125,0
TCP,237,260,0,137,0
TCP,18,96,0,194,0
TCP,4370,91,6,5093,1
TCP,148,103,0,1119,0
TCP,409,441,1,36,0
UDP,1966,37,0,1032,0
TCP,539,43,0,655,0
TCP,431,2,0,1037,0
ICMP,1075,31,0,126,0
TCP,255,38,1,547,0
TCP,272,100,0,127,0
UDP,333,89,0,90,0
ICMP,355,29,0,1431,0
TCP,83,217,0,284,0
TCP,330,118,0,498,0
ICMP,8,2,0,451,0
UDP,848,103,0,551,0
TCP,1762,25,0,429,0
TCP,731,79,0,244,0
UDP,386,145,0,1553,0
TCP,1085,75,0,1481,0
ICMP,2016,100,0,312,0
TCP,381,114,0,1736,0
ICMP,21,175,0,1234,0
TCP,8,155,0,52,0
TCP,278,6,0,1242,0
TCP,151,229,0,219,0
TCP,1105,13,1,515,0
TCP,206,1,0,4,0
TCP,336,174,0,313,0
TCP,344,61,0,91,0
TCP,475,149,0,691,0
TCP,191,11,0,100,0
TCP,624,144,0,753,0
TCP,448,92,0,194,0
UDP,1210,23,0,1253,0
TCP,434,116,0,293,0
TCP,332,10,0,263,0
UDP,98,20,1,206,0
ICMP,590,107,0,295,0
TCP,734,17,0,305,0
TCP,24,118,0,307,0
TCP,46,338,1,182,0
TCP,1146,135,1,16,0
TCP,1453,185,0,519,0
UDP,296,2,6,471,1
TCP,36,32,0,284,1
TCP,755,1,0,9,0
TCP,7,11,0,44,0
TCP,1069,130,0,403,0
TCP,338,168,0,5891,1
ICMP,131,45,0,853,0
UDP,398,6,0,173,0
TCP,312,24,0,247,0
TCP,1278,78,0,1554,0
TCP,488,62,0,189,0
TCP,556,72,0,243,0
TCP,1312,132,1,34,1
TCP,217,30,0,202,0
UDP,49,148,0,9,0
TCP,265,62,1,331,0
TCP,947,140,0,194,0
UDP,652,31,0,350,0
TCP,69,232,0,925,0
ICMP,864,93,0,226,0
TCP,1006,110,0,425,0
TCP,220,389,0,15,0
UDP,1241,82,0,132,0
TCP,867,70,0,55,0
TCP,509,224,0,399,0
TCP,97,30,0,89,0
TCP,312,119,0,273,0
TCP,847,231,0,375,0
TCP,637,30,0,817,0
TCP,258,184,1,371,0
TCP,1261,173,0,765,0
TCP,1095,103,0,52,0
TCP,309,88,0,1708,0
UDP,332,189,0,169,0
TCP,1064,42,0,273,0
UDP,675,155,0,1364,0
TCP,448,97,0,1040,0
ICMP,225,106,0,3005,0
UDP,213,282,0,787,0
TCP,1306,31,0,217,0
TCP,189,330,0,1269,0
TCP,298,45,0,966,0
TCP,518,195,0,1220,0
UDP,1641,411,0,1337,0
TCP,130,15,0,384,0
TCP,46,95,0,1881,0
TCP,88,36,0,198,0
UDP,1416,14,0,573,0
TCP,219,133,0,16,0
TCP,249,13,0,137,0
UDP,4785,152,5,3845,1
ICMP,241,16,0,5,0
TCP,1099,99,0,727,0
TCP,0,134,0,673,0
TCP,101,139,0,234,0
TCP,365,92,0,1237,0
TCP,449,14,0,2343,0
TCP,436,112,0,219,0
TCP,1235,42,0,240,0
ICMP,242,179,1,1345,0
TCP,53,100,0,1043,0
TCP,292,96,1,586,0
TCP,222,40,0,10,0
TCP,1478,249,0,110,0
UDP,501,8,0,558,0
TCP,276,303,0,101,0
TCP,88,120,0,507,0
ICMP,113,1,0,249,0
TCP,858,85,0,445,0
TCP,431,78,1,216,0
TCP,70,77,0,275,0
UDP,150,14,0,1144,0
TCP,556,408,0,100,0
TCP,347,447,1,4,0
UDP,239,7,1,322,0
TCP,787,49,0,1452,0
TCP,329,144,0,450,0
TCP,1337,93,0,99,0
UDP,1440,251,0,37,0
TCP,981,33,0,32,0
UDP,616,35,0,419,0
TCP,126,303,0,106,0
UDP,171,29,0,718,0
TCP,527,32,0,709,0
TCP,201,22,0,1503,0
TCP,475,78,0,506,0
TCP,850,135,0,1630,0
TCP,1087,39,0,110,0
TCP,27,113,0,756,0
TCP,533,122,0,2755,0
TCP,942,8,0,725,0
UDP,19,21,0,587,0
ICMP,312,76,0,192,0
TCP,392,154,0,60,0
TCP,184,4,0,350,0
TCP,340,32,0,404,0
UDP,21,39,0,279,0
TCP,86,121,0,957,0
TCP,1264,125,0,1717,0
TCP,176,7,0,740,0
TCP,41,449,0,310,0
ICMP,571,55,0,1258,0
UDP,1650,263,0,234,0
UDP,242,1,0,280,0
TCP,2214,52,0,750,0
UDP,319,29,0,102,0
TCP,107,23,0,472,0
TCP,313,5,0,148,0
TCP,119,82,1,33,0
TCP,118,75,0,611,0
TCP,630,7,1,172,0
UDP,2494,229,0,150,0
UDP,223,185,0,1409,0
TCP,489,16,0,748,0
TCP,88,41,0,321,0
UDP,168,111,0,61,0
UDP,252,125,0,486,0
TCP,844,455,0,56,0
TCP,509,52,0,615,0
TCP,24,139,0,76,0
TCP,102,33,0,1341,0
TCP,124,58,0,211,0
TCP,160,33,0,494,0
TCP,58,540,7,121,1
TCP,93,39,0,631,0
TCP,824,493,0,404,0
TCP,100,102,0,23,0
TCP,30,183,0,244,0
UDP,486,38,1,1059,0
TCP,1222,112,0,346,0
TCP,729,6,0,133,0
TCP,145,200,1,186,0
TCP,1244,15,0,146,0
ICMP,530,51,0,42,0
UDP,623,133,1,374,0
TCP,1558,29,0,993,0
TCP,100,53,0,736,0
UDP,303,9,0,200,0
TCP,101,9,0,509,0
UDP,166,124,0,195,0
UDP,132,409,0,391,0
TCP,491,158,1,452,0
TCP,418,128,0,599,0
TCP,73,219,0,448,0
UDP,32,49,0,1270,0
TCP,65,90,0,188,0
UDP,89,26,0,311,0
TCP,65,161,0,278,0
TCP,13,182,0,361,0
TCP,248,23,0,174,0
TCP,66,217,0,257,0
UDP,59,44,0,450,0
TCP,5344,132,7,27,1
TCP,86,173,1,815,0
TCP,305,38,0,458,0
TCP,207,23,0,6,0
ICMP,611,114,0,131,0
TCP,137,55,0,353,0
TCP,388,40,0,1569,0
TCP,4819,17,0,703,1
TCP,110,84,0,80,0
TCP,475,66,2,129,0
TCP,301,51,0,1160,0
TCP,823,135,0,1023,0
TCP,76,7,0,883,0
TCP,25,55,0,1158,0
TCP,185,26,0,418,0
TCP,872,104,1,2474,0
TCP,281,184,0,266,0
TCP,103,197,0,456,0
TCP,860,5,0,1630,0
UDP,400,67,0,86,0
TCP,7,59,0,24,0
UDP,17,25,1,607,0
TCP,84,22,0,7,0
TCP,4166,238,10,62,1
TCP,63,78,0,550,0
TCP,558,55,0,71,0
TCP,270,18,0,3,0
TCP,668,39,0,177,0
UDP,79,136,0,91,0
UDP,755,75,0,1365,0
TCP,76,73,0,61,0
TCP,880,94,0,296,0
TCP,90,143,0,473,0
UDP,281,109,0,290,0
TCP,321,180,0,316,0
TCP,7,39,0,515,0
TCP,690,49,0,204,0
ICMP,510,119,0,2191,0
UDP,151,57,0,2057,0
UDP,120,10,0,669,0
TCP,80,35,0,672,0
TCP,496,15,0,168,0
TCP,412,33,0,2043,0
TCP,156,20,0,575,0
UDP,313,80,0,34,0
TCP,172,116,0,159,0
TCP,106,98,0,43,0
TCP,755,84,0,164,0
TCP,28,179,0,86,0
TCP,389,44,0,874,0
TCP,1031,161,0,573,0
TCP,25,42,0,1489,0
TCP,1461,204,0,41,0
TCP,154,71,0,92,0
TCP,1451,77,0,1297,0
TCP,98,69,0,257,0
ICMP,275,236,0,414,0
TCP,116,10,2,1183,0
TCP,198,35,0,128,0
TCP,170,1,1,356,0
TCP,172,267,0,22,0
UDP,368,182,0,142,0
TCP,696,47,0,132,0
TCP,80,299,1,240,0
ICMP,274,94,0,1356,0
TCP,719,2,0,1874,0
TCP,0,61,0,1130,0
UDP,97,58,0,263,0
TCP,146,94,1,6311,1
TCP,440,215,0,122,0
TCP,469,315,0,864,0
TCP,670,295,0,387,0
TCP,832,61,0,449,0
TCP,326,37,1,917,0
TCP,445,83,0,630,0
TCP,291,9,0,76,0
ICMP,140,58,0,947,0
TCP,29,76,0,293,0
TCP,660,68,0,777,0
TCP,469,81,0,499,0
TCP,76,17,1,178,0
UDP,1077,172,0,585,0
UDP,165,83,0,112,0
TCP,206,16,1,1997,0
ICMP,1087,127,0,751,0
ICMP,115,52,5,637,1
TCP,171,116,0,2933,0
UDP,82,14,2,1007,0
TCP,753,45,0,47,0
TCP,436,29,0,74,0
TCP,829,150,0,292,0
TCP,294,66,0,1043,0
TCP,174,200,1,708,0
TCP,192,83,1,76,0
TCP,714,127,0,268,0
TCP,489,37,0,522,0
TCP,188,62,0,304,0
TCP,183,25,2,682,0
ICMP,79,34,0,219,0
ICMP,826,142,0,288,0
TCP,544,193,0,97,0
TCP,402,53,0,475,0
UDP,575,50,0,249,0
TCP,301,50,0,134,0
TCP,541,29,0,752,0
ICMP,1324,122,0,270,0
TCP,40,29,1,88,0
UDP,6,62,0,19,0
ICMP,120,109,0,10,0
TCP,1975,15,0,187,0
TCP,129,279,0,515,0
TCP,49,150,1,388,0
TCP,396,135,4,267,1
TCP,473,114,0,909,0
UDP,387,12,1,280,0
TCP,308,2,0,33,0
TCP,77,101,0,269,0
TCP,583,57,0,164,0
TCP,576,15,0,1600,0
TCP,330,110,0,715,0
UDP,373,76,0,272,0
TCP,85,2,0,896,0
ICMP,130,16,0,237,0
UDP,46,193,0,243,0
TCP,1308,59,0,273,0
UDP,85,34,0,239,0
TCP,665,182,0,121,0
TCP,514,404,0,324,0
TCP,3099,119,0,1419,0
TCP,423,20,0,1545,0
TCP,1115,140,0,391,0
TCP,192,14,0,115,0
UDP,130,175,1,126,0
TCP,1197,159,0,166,0
TCP,974,99,1,34,0
TCP,337,46,0,868,0
TCP,766,32,0,619,0
TCP,450,260,0,306,0
TCP,525,147,0,1524,0
TCP,105,0,1,229,0
TCP,5,50,0,16,0
TCP,216,77,0,261,0
TCP,269,40,0,138,0
TCP,479,69,0,636,0
TCP,270,310,0,329,0
UDP,651,116,1,326,0
TCP,14,120,0,410,0
UDP,752,117,0,113,0
TCP,299,110,0,154,0
UDP,676,11,0,18,0
TCP,174,149,0,26,0
TCP,286,14,1,289,0
ICMP,598,117,0,831,0
ICMP,292,6,0,43,0
TCP,244,467,0,271,0
TCP,728,504,0,856,0
TCP,363,104,0,26,0
TCP,521,19,0,2119,0
TCP,54,61,0,509,0
TCP,1001,45,0,309,0
UDP,1408,5,0,564,0
UDP,605,254,0,2119,0
TCP,134,174,0,527,0
TCP,130,33,0,223,0
UDP,2709,42,0,142,0
TCP,212,78,0,99,0
UDP,1192,15,0,390,0
TCP,1413,1,0,385,0
UDP,326,16,0,160,0
TCP,515,58,0,132,0
TCP,799,66,0,677,0
UDP,391,28,0,277,0
TCP,1658,231,0,170,0
UDP,331,60,0,322,0
TCP,526,405,0,2413,0
TCP,101,707,0,526,0
TCP,64,123,0,812,0
TCP,1152,96,0,244,0
TCP,32,50,0,18,0
ICMP,7,2,0,391,0
TCP,179,377,6,6824,1
TCP,37,101,0,237,0
TCP,27,99,0,419,0
TCP,62,12,0,1094,0
ICMP,286,307,0,52,0
TCP,904,8,0,251,0
TCP,45,27,0,994,0
UDP,1610,25,0,129,0
TCP,758,137,0,1097,0
ICMP,1473,2,0,113,0
UDP,280,7,0,483,0
UDP,274,109,1,3152,0
UDP,812,56,0,188,0
TCP,305,140,0,670,0
TCP,1014,20,0,57,0
ICMP,83,150,1,228,0
TCP,2010,73,1,291,0
TCP,88,57,0,2672,0
TCP,148,149,0,566,0
TCP,1036,76,1,1074,0
UDP,222,21,0,727,0
TCP,62,17,0,149,0
TCP,1820,195,0,311,0
TCP,216,87,0,459,0
TCP,107,4,0,466,0
TCP,622,390,0,275,0
ICMP,317,85,0,121,0
TCP,268,273,0,405,0
TCP,117,378,0,620,0
TCP,1420,137,0,521,0
TCP,300,146,0,85,0
UDP,1145,48,0,271,0
TCP,416,30,0,256,0
UDP,261,42,0,83,0
ICMP,453,4,0,381,0
ICMP,214,39,2,126,0
TCP,78,55,0,251,0
TCP,559,15,0,117,0
TCP,472,45,1,56,0
ICMP,375,44,0,2018,0
TCP,1824,108,0,1559,0
TCP,93,80,0,18,0
TCP,280,35,0,455,0
TCP,200,30,0,367,0
UDP,525,38,5,544,1
TCP,435,126,0,161,0
ICMP,1008,125,0,46,0
TCP,729,272,0,409,0
UDP,1021,62,0,328,0
ICMP,454,5,0,179,0
UDP,6050,14,4,53,1
TCP,494,193,0,265,0
TCP,258,265,0,1220,0
TCP,2016,79,0,630,0
TCP,1821,31,0,293,0
TCP,744,138,0,644,0
TCP,151,28,1,403,0
UDP,527,36,0,1263,0
TCP,651,82,0,962,0
ICMP,188,211,0,1021,0
TCP,5888,154,4,6799,1
TCP,26,23,1,914,0
TCP,583,16,0,648,0
UDP,254,226,0,100,0
TCP,572,187,0,128,0
ICMP,1142,467,0,47,0
UDP,719,122,0,892,0
TCP,616,94,0,202,0
ICMP,696,167,0,108,0
TCP,399,449,0,464,0
TCP,322,37,0,85,0
ICMP,301,2,0,10,0
TCP,1310,54,0,748,0
TCP,219,75,0,158,0
UDP,640,14,0,741,0
UDP,226,32,0,282,0
TCP,1052,101,0,580,0
TCP,701,105,0,272,0
UDP,260,93,0,2084,0
UDP,2281,9,0,556,0
TCP,151,124,0,932,0
TCP,10,192,0,60,0
TCP,272,10,0,766,0
TCP,307,387,1,12,0
UDP,40,73,0,209,0
UDP,329,184,0,498,0
UDP,415,203,0,152,0
UDP,257,79,1,7,0
ICMP,295,60,0,144,0
TCP,197,281,0,1657,0
TCP,550,29,0,314,0
UDP,79,0,0,74,0
TCP,104,12,0,412,0
TCP,529,131,0,312,0
TCP,330,43,0,2117,0
TCP,1511,5,0,1646,0
TCP,425,69,0,325,0
UDP,319,55,0,47,0
TCP,278,76,0,44,0
TCP,413,62,0,141,0
TCP,41,447,0,702,0
TCP,736,175,0,1067,0
TCP,1125,4,1,280,0
UDP,359,180,0,673,0
UDP,2234,151,0,669,0
TCP,41,8,0,384,0
TCP,492,27,0,50,0
TCP,897,137,0,618,0
UDP,224,78,0,436,0
TCP,397,22,1,26,0
TCP,36,84,0,747,0
TCP,785,119,0,173,0
UDP,433,31,0,161,0
UDP,5335,291,4,6149,1
ICMP,162,52,0,214,0
UDP,7,137,0,91,0
TCP,210,104,0,35,0
UDP,110,41,0,95,0
TCP,512,135,0,28,0
TCP,282,88,0,268,0
TCP,196,126,1,283,0
UDP,392,94,0,419,0
TCP,261,85,0,1590,0
TCP,500,339,0,26,0
TCP,1041,173,0,68,0
TCP,290,39,0,205,0
TCP,522,161,0,982,0
ICMP,823,231,0,1009,0
TCP,663,177,0,226,0
TCP,304,95,0,218,0
TCP,108,211,0,2202,0
UDP,262,95,0,527,0
TCP,2082,0,0,1623,0
ICMP,881,37,0,350,0
TCP,1086,66,0,175,0
UDP,281,42,0,210,0
TCP,277,82,0,58,0
TCP,342,235,0,277,0
TCP,218,74,0,414,0
TCP,353,43,0,501,0
TCP,222,82,0,783,0
TCP,636,80,0,123,0
TCP,94,28,0,820,0
UDP,33,9,0,418,0
UDP,5962,298,6,3544,1
TCP,64,45,0,322,0
TCP,73,58,10,7238,1
TCP,1216,43,0,141,0
TCP,70,274,0,422,0
ICMP,1407,3,0,138,0
TCP,510,182,0,46,0
TCP,438,11,0,1877,0
UDP,869,44,0,2219,0
TCP,1826,17,0,260,0
TCP,215,1,0,114,0
TCP,1013,23,0,163,0
TCP,479,226,0,39,0
TCP,80,98,0,733,0
TCP,52,12,0,1136,0
TCP,20,321,0,282,0
UDP,430,264,1,345,0
UDP,160,276,0,89,0
UDP,721,30,0,796,0
UDP,2641,160,5,7291,1
TCP,50,175,0,476,0
TCP,1056,3,1,1141,0
UDP,1056,6,0,578,1
TCP,614,8,0,348,0
UDP,183,215,0,1633,0
TCP,339,94,0,117,0
UDP,491,111,0,423,0
ICMP,723,183,0,3,0
UDP,473,5,0,600,0
UDP,0,64,0,290,0
UDP,288,79,0,43,0
ICMP,1549,298,0,832,0
UDP,433,105,0,329,0
TCP,23,89,1,43,0
UDP,519,8,0,485,0
UDP,830,67,0,1009,0
UDP,6324,184,4,3794,1
TCP,799,3,0,524,0
TCP,799,44,1,359,0
TCP,110,65,0,210,0
ICMP,479,82,1,18,0
TCP,613,317,0,282,0
UDP,127,75,0,41,0
UDP,75,351,0,54,0
TCP,170,150,0,315,0
ICMP,85,110,0,651,0
UDP,551,137,0,102,0
TCP,273,268,0,10,0
ICMP,43,240,0,649,0
TCP,39,94,0,417,0
TCP,2177,108,0,52,0
TCP,51,13,0,331,0
TCP,74,21,0,285,0
TCP,25,62,0,372,0
UDP,359,174,0,297,0
TCP,763,105,0,202,0
ICMP,851,47,0,61,0
TCP,262,131,0,5,0
TCP,660,37,0,1431,0
TCP,1605,42,0,15,0
TCP,858,305,0,75,0
TCP,628,57,0,78,0
UDP,737,56,0,555,0
TCP,636,92,0,47,0
TCP,437,15,0,382,0
UDP,168,35,0,355,0
TCP,1446,10,0,146,0
TCP,75,104,0,387,0
UDP,106,75,0,198,1
TCP,395,238,0,205,0
ICMP,159,85,0,497,0
UDP,79,83,0,118,0
TCP,493,356,0,126,0
UDP,75,136,0,30,0
ICMP,312,66,0,472,0
TCP,252,87,1,1477,0
TCP,29,8,4,146,1
TCP,274,112,1,1075,0
TCP,368,205,0,7,0
UDP,233,20,0,960,0
TCP,92,203,1,868,0
ICMP,619,44,0,332,0
UDP,1147,17,0,159,0
TCP,711,16,0,117,0
TCP,828,29,0,74,0
TCP,146,141,0,412,0
TCP,443,4,0,406,0
TCP,153,34,0,204,0
TCP,364,93,0,764,0
UDP,89,189,0,226,0
TCP,461,38,0,846,0
TCP,184,67,0,2024,0
TCP,312,160,0,708,0
UDP,139,85,0,1409,0
TCP,398,9,0,82,0
TCP,367,1,0,443,0
TCP,210,111,0,29,0
TCP,4829,8,0,207,1
TCP,44,206,0,131,0
UDP,182,219,0,1340,0
TCP,273,28,0,993,0
TCP,563,19,0,348,0
TCP,19,93,0,256,0
UDP,34,233,0,113,0
TCP,375,174,0,369,0
ICMP,178,63,0,1146,0
TCP,27,45,0,288,0
TCP,1171,83,0,1255,0
ICMP,169,37,0,154,0
TCP,207,2,0,1708,0
UDP,508,224,0,406,0
TCP,24,93,0,784,0
TCP,608,36,0,895,0
TCP,240,222,0,118,0
TCP,1608,75,0,85,0
TCP,296,20,0,9,0
ICMP,695,15,0,61,0
ICMP,3380,364,1,6648,1
TCP,153,45,0,424,0
TCP,1298,65,0,296,0
TCP,643,260,0,497,0
TCP,325,7,0,154,0
ICMP,521,31,0,144,0
TCP,475,1,0,377,0
TCP,685,202,0,244,0
UDP,56,20,0,257,0
TCP,17,16,1,476,0
ICMP,19,82,0,188,0
UDP,855,24,0,172,0
UDP,417,26,0,988,0
TCP,415,4,0,73,0
TCP,80,39,0,596,0
TCP,346,26,0,235,0
UDP,196,204,0,283,0
TCP,199,179,0,315,0
TCP,790,327,0,428,0
TCP,466,294,0,259,0
UDP,137,9,0,1265,0
UDP,429,1,1,79,0
TCP,171,217,1,302,0
TCP,611,218,0,676,0
UDP,62,160,0,340,0
ICMP,707,41,0,1,0
TCP,629,77,0,556,0
TCP,396,91,0,600,0
ICMP,641,68,0,32,0
UDP,44,63,0,270,0
TCP,3,15,0,488,0
UDP,270,98,0,45,0
TCP,940,80,0,746,0
TCP,543,78,0,331,0
TCP,623,131,0,1337,0
TCP,1069,6,1,597,0
TCP,1555,16,0,70,0
TCP,1251,46,0,205,0
TCP,42,37,1,22,0
TCP,43,69,0,310,0
UDP,43,80,0,261,0
TCP,650,33,0,372,0
TCP,64,91,0,65,0
TCP,20,4,0,308,0
TCP,694,18,0,6,0
TCP,1275,273,0,85,0
UDP,4187,85,0,1533,1
UDP,851,23,2,300,0
UDP,324,1,0,1384,0
UDP,229,102,0,333,0
TCP,596,167,0,119,0
TCP,1504,233,1,70,0
UDP,746,70,0,61,0
TCP,307,150,0,697,0
UDP,888,25,1,32,0
UDP,529,97,0,37,0
TCP,1110,135,0,155,0
TCP,537,14,0,36,0
TCP,116,60,0,433,0
UDP,477,115,0,206,0
TCP,174,90,0,332,0
TCP,65,168,0,61,0
TCP,29,178,0,204,0
TCP,397,7,0,145,0
TCP,13,32,0,139,0
TCP,280,26,1,933,0
TCP,228,41,0,492,0
UDP,107,7,0,543,0
TCP,453,201,0,345,0
TCP,482,39,0,584,0
TCP,486,10,0,441,0
UDP,848,107,0,17,0
UDP,156,269,0,51,0
TCP,2258,117,0,155,0
TCP,1151,27,0,694,0
TCP,304,87,0,171,0
UDP,122,94,1,742,0
TCP,434,59,0,258,0
TCP,6454,30,4,5998,1
TCP,410,147,0,257,0
UDP,930,12,0,390,0
UDP,1241,82,0,421,0
UDP,111,96,0,51,0
TCP,320,2,0,991,0
TCP,1720,202,0,380,0
TCP,98,9,0,132,0
TCP,201,80,0,943,0
TCP,106,32,0,11,0
TCP,560,88,0,238,0
UDP,929,20,0,1553,0
UDP,115,0,0,1754,0
TCP,776,90,0,147,0
TCP,229,318,0,1191,0
TCP,106,48,0,854,0
TCP,533,108,0,2415,0
TCP,521,145,0,3,0
TCP,2107,6,0,820,0
TCP,144,335,1,107,0
TCP,793,18,0,205,0
TCP,102,9,0,124,0
TCP,251,24,0,27,0
TCP,286,149,0,156,0
UDP,485,352,0,215,0
TCP,34,12,0,449,0
UDP,568,116,0,156,0
TCP,1423,5,0,449,0
TCP,23,23,0,377,0
TCP,393,28,0,559,0
TCP,363,4,0,73,0
TCP,78,218,0,1203,0
TCP,436,17,0,121,0
UDP,336,64,1,1063,0
TCP,849,276,0,565,0
TCP,6539,26,0,5408,1
TCP,545,55,0,1393,0
ICMP,5943,278,3,821,1
TCP,83,225,0,451,0
UDP,357,0,0,1155,0
TCP,99,142,0,208,0
UDP,52,21,0,642,0
UDP,54,93,0,348,0
TCP,337,114,0,1346,0
TCP,707,5,0,235,0
UDP,1111,58,0,309,0
TCP,70,151,0,1219,0
UDP,5378,249,1,6914,1
UDP,351,117,0,270,0
TCP,289,61,0,43,0
TCP,402,123,2,238,0
UDP,236,17,0,49,0
UDP,320,75,0,31,0
TCP,125,164,0,243,0
TCP,7738,29,6,5622,1
TCP,114,86,0,154,0
UDP,632,154,0,135,0
TCP,448,354,3,266,1
TCP,827,121,0,719,0
TCP,1062,184,0,95,0
UDP,1611,93,4,4225,1
TCP,25,1,0,798,0
TCP,158,144,1,1238,0
UDP,586,61,0,59,0
TCP,1104,78,0,191,0
TCP,145,8,0,1217,0
TCP,1065,257,0,460,0
TCP,584,296,0,586,0
TCP,6822,266,0,400,1
TCP,106,34,0,305,0
ICMP,870,11,0,246,0
TCP,869,18,0,322,0
TCP,6359,152,0,3495,1
TCP,428,274,0,225,0
TCP,176,22,0,1764,0
TCP,991,6,0,252,0
ICMP,984,83,0,227,0
UDP,65,187,0,241,0
TCP,188,7,0,535,0
TCP,1138,76,0,167,0
UDP,132,67,0,1356,0
TCP,327,141,0,46,0
TCP,455,113,0,639,0
TCP,1956,12,0,502,0
UDP,14,68,0,290,0
TCP,1234,21,2,135,1
ICMP,171,151,0,326,0
TCP,68,67,0,275,0
TCP,461,147,0,45,0
TCP,16,98,0,332,0
TCP,730,24,0,345,0
TCP,3999,106,0,5072,1
TCP,635,7,0,591,0
UDP,233,138,0,107,0
TCP,4294,111,0,7051,1
UDP,338,10,0,259,0
TCP,252,18,0,138,0
TCP,658,97,0,352,0
TCP,923,74,0,395,0
TCP,97,66,0,294,0
TCP,156,25,0,471,0
UDP,171,50,0,311,0
TCP,60,108,0,330,0
TCP,284,27,0,538,0
TCP,227,204,0,198,0
TCP,785,57,0,771,0
TCP,1864,1,0,437,0
TCP,1394,71,0,1302,0
TCP,248,192,0,79,0
TCP,429,68,0,119,0
TCP,1329,25,1,291,0
TCP,217,44,0,591,0
TCP,11,396,0,406,0
UDP,5466,90,3,241,1
UDP,878,9,0,561,0
TCP,403,27,0,246,0
TCP,216,99,0,575,0
ICMP,153,60,0,389,0
UDP,298,222,1,1,0
ICMP,70,74,0,129,0
TCP,874,18,1,345,0
TCP,877,25,0,628,0
TCP,1125,109,0,249,0
TCP,537,26,0,265,0
TCP,452,81,0,7,0
UDP,3176,193,0,484,0
UDP,1187,61,0,856,0
TCP,404,110,0,327,0
TCP,4680,60,2,6125,1
UDP,17,53,0,845,0
TCP,20,108,0,824,0
TCP,95,28,0,1886,0
TCP,36,201,1,3,0
TCP,1386,50,0,747,0
TCP,1407,1,0,315,0
ICMP,152,38,0,165,0
ICMP,201,67,0,439,0
TCP,237,180,0,19,0
TCP,87,129,0,499,0
TCP,23,384,0,8,0
TCP,174,1,0,406,0
TCP,447,112,0,21,0
TCP,339,78,0,1111,0
TCP,346,71,0,166,0
TCP,284,12,0,712,0
TCP,259,29,0,431,0
TCP,109,26,0,1834,0
TCP,406,166,0,15,0
TCP,221,149,0,51,0
TCP,802,97,0,264,0
TCP,254,33,3,4726,1
TCP,358,17,0,182,0
TCP,466,57,0,146,0
TCP,577,203,0,160,0
TCP,559,17,0,916,0
TCP,569,7,0,58,0
TCP,150,140,0,97,0
TCP,223,161,0,236,0
TCP,557,205,0,698,0
UDP,87,29,0,325,0
ICMP,699,18,0,716,0
TCP,57,9,0,277,0
ICMP,329,63,1,752,0
ICMP,105,177,0,134,0
TCP,104,33,0,1326,0
TCP,226,37,0,297,0
TCP,71,20,0,40,0
UDP,416,78,0,1042,0
TCP,332,316,0,7,0
TCP,721,150,0,704,0
UDP,831,256,0,1911,0
TCP,835,60,0,193,0
ICMP,36,33,0,12,0
TCP,265,177,0,134,0
TCP,640,96,0,980,0
UDP,40,13,0,380,0
TCP,500,10,0,210,0
TCP,372,55,0,2371,0
UDP,439,36,0,61,0
TCP,133,104,1,890,0
UDP,166,39,0,68,0
TCP,1549,208,0,319,0
TCP,1009,210,0,1250,0
TCP,976,54,0,291,0
TCP,383,58,0,335,0
TCP,494,151,0,254,0
TCP,1251,68,0,929,0
TCP,191,47,1,263,0
TCP,617,49,0,230,0
TCP,845,42,0,841,0
TCP,31,125,0,286,0
UDP,326,113,0,142,0
TCP,74,8,0,709,0
TCP,78,48,0,279,0
UDP,284,5,0,1176,0
ICMP,585,83,1,185,0
ICMP,449,107,0,44,0
TCP,174,46,0,1068,0
TCP,800,218,0,54,0
TCP,156,112,1,71,0
TCP,87,93,1,82,0
TCP,647,73,0,167,0
TCP,866,85,0,480,0
TCP,255,31,0,568,0
UDP,871,37,0,997,0
UDP,658,111,0,1020,0
TCP,1065,98,0,424,0
TCP,77,11,0,169,0
TCP,1128,35,0,1710,0
ICMP,906,25,0,1171,0
ICMP,471,30,0,431,0
TCP,496,293,0,1137,0
TCP,199,112,0,1348,0
TCP,120,50,0,29,0
TCP,576,9,0,777,0
TCP,5355,42,0,12,1
TCP,371,111,7,374,1
ICMP,665,1,0,140,0
TCP,183,245,0,975,0
TCP,455,110,0,841,0
TCP,201,147,0,479,0
UDP,3382,126,0,496,0
UDP,187,308,0,104,0
UDP,128,124,0,272,0
TCP,286,10,1,984,0
TCP,406,35,0,674,0
TCP,151,37,0,927,0
TCP,152,20,0,438,0
UDP,481,41,0,589,0
TCP,113,77,0,36,0
UDP,817,15,2,373,0
TCP,147,4,0,544,0
TCP,419,6,0,596,0
TCP,127,15,0,605,0
UDP,534,330,0,1409,0
TCP,396,18,0,146,0
TCP,202,91,0,903,0
ICMP,1220,281,0,271,0
TCP,1221,185,0,827,0
UDP,1328,22,0,1083,0
TCP,1308,162,0,191,0
TCP,490,56,1,43,0
TCP,1029,7,0,45,0
TCP,328,82,0,574,0
UDP,197,41,0,114,0
TCP,28,42,0,142,0
UDP,312,59,0,689,0
TCP,1278,93,0,725,0
ICMP,1652,113,0,149,0
TCP,294,12,0,392,0
TCP,621,303,0,367,0
UDP,462,86,1,174,0
TCP,7274,13,6,1149,1
TCP,669,42,0,152,0
TCP,458,61,0,81,0
TCP,120,16,1,579,0
TCP,71,100,0,439,0
TCP,249,19,0,1401,0
TCP,12,73,0,1261,0
TCP,1203,31,1,911,0
UDP,105,137,0,408,0
TCP,2359,34,0,491,0
TCP,5748,481,6,5540,1
TCP,118,168,0,3380,0
TCP,296,19,0,3133,0
UDP,367,167,0,832,0
TCP,132,122,0,301,0
TCP,132,10,0,282,0
TCP,5200,115,4,34,1
TCP,1084,68,0,131,0
TCP,178,285,0,89,0
TCP,275,224,0,130,0
TCP,11,17,0,50,0
UDP,409,317,0,135,0
TCP,66,17,0,564,0
TCP,173,89,0,1484,0
TCP,369,300,0,936,0
TCP,430,5,0,1816,0
TCP,204,583,0,310,0
TCP,31,67,0,676,0
TCP,22,54,0,1554,0
TCP,623,76,0,573,0
TCP,426,133,0,107,0
UDP,5,201,0,64,0
UDP,827,28,0,634,0
TCP,444,127,0,202,0
TCP,338,128,0,91,0
TCP,982,252,0,293,0
TCP,338,26,0,121,0
TCP,215,191,0,423,0
UDP,139,151,0,886,0
TCP,593,141,0,1096,0
UDP,128,5,0,965,0
UDP,13,32,1,710,0
TCP,660,114,0,676,0
TCP,46,113,0,224,0
TCP,599,107,1,117,0
ICMP,761,203,0,81,0
TCP,100,131,0,388,0
TCP,253,102,0,469,0
UDP,23,290,1,962,0
TCP,819,125,0,329,0
TCP,443,25,0,166,0
UDP,80,62,0,511,0
TCP,252,31,0,211,0
UDP,823,237,0,1,0
UDP,16,43,1,74,0
TCP,603,112,0,10,0
TCP,1674,211,0,2191,0
ICMP,738,20,0,475,0
UDP,118,123,0,219,0
TCP,886,217,0,1296,0
UDP,761,157,1,588,0
TCP,1198,18,1,15,0
ICMP,105,76,0,712,0
TCP,163,420,0,481,0
TCP,1047,8,0,326,0
TCP,774,226,0,48,0
TCP,363,5,0,67,0
TCP,537,115,0,472,0
UDP,877,35,0,106,0
TCP,22,41,0,245,0
TCP,559,2,0,431,0
TCP,632,106,0,198,0
UDP,1048,70,0,169,0
UDP,124,39,0,887,0
UDP,327,91,0,1139,0
TCP,46,121,0,587,0
ICMP,196,128,0,106,0
TCP,192,0,0,56,0
TCP,232,104,0,557,0
ICMP,106,219,0,801,0
UDP,94,93,0,680,0
TCP,353,119,0,800,0
UDP,601,15,0,294,0
TCP,239,260,0,1801,0
TCP,93,164,0,83,0
ICMP,160,15,0,425,0
TCP,408,179,0,711,0
TCP,58,7,0,1023,0
TCP,478,178,0,138,0
TCP,153,99,0,204,0
TCP,370,74,1,858,0
TCP,1915,10,0,4,0
ICMP,58,26,0,1565,0
TCP,1051,62,0,988,0
TCP,388,29,0,815,0
TCP,775,80,0,301,0
TCP,230,535,0,1513,0
TCP,627,100,0,484,0
TCP,677,136,6,4689,1
TCP,278,52,0,350,0
TCP,252,242,0,122,0
TCP,693,24,0,556,0
TCP,2555,37,0,230,0
TCP,94,118,0,435,0
UDP,338,5,0,43,0
TCP,211,196,0,426,0
TCP,68,211,0,41,0
UDP,350,270,0,942,0
TCP,426,2,1,1102,0
UDP,1072,93,0,2429,0
UDP,237,291,0,124,0
TCP,204,12,0,824,0
TCP,486,189,0,40,0
UDP,1585,55,0,811,0
TCP,309,68,0,246,0
ICMP,987,109,1,247,0
TCP,126,29,0,155,0
TCP,147,24,0,134,0
TCP,170,40,0,208,0
UDP,271,633,0,17,0
TCP,5479,11,0,5212,1
UDP,94,350,0,1783,0
TCP,1604,136,0,296,0
TCP,940,71,0,952,0
UDP,58,58,0,584,0
TCP,728,92,0,471,0
UDP,149,132,0,2,0
ICMP,921,508,0,591,0
ICMP,124,12,0,724,0
TCP,133,117,0,493,0
TCP,537,452,1,490,0
UDP,222,53,0,312,0
TCP,379,109,0,141,0
TCP,160,14,1,551,0
TCP,1558,43,1,31,0
TCP,133,127,0,299,0
TCP,374,84,0,740,0
TCP,166,196,0,622,0
TCP,123,532,0,764,0
TCP,1005,324,0,180,0
TCP,1640,231,0,1134,0
TCP,223,286,0,412,0
UDP,188,70,0,871,0
ICMP,45,62,0,283,0
TCP,220,1,0,678,0
TCP,19,57,0,197,0
TCP,1211,29,0,151,0
TCP,366,81,5,5517,1
TCP,733,155,0,268,0
TCP,632,145,2,1457,0
TCP,235,182,0,114,0
UDP,787,47,0,581,0
ICMP,99,154,0,1993,0
TCP,373,221,0,263,0
UDP,902,75,0,64,0
ICMP,666,55,0,760,0
UDP,188,110,0,1489,0
ICMP,676,67,0,64,0
ICMP,1015,293,0,41,0
UDP,2093,249,0,195,0
TCP,224,60,0,134,0
TCP,196,66,0,1155,0
UDP,143,16,0,376,0
TCP,64,461,0,2,0
TCP,55,180,0,795,0
TCP,918,150,0,115,0
UDP,22,222,0,297,0
TCP,62,339,0,7,0
TCP,7,119,0,592,0
ICMP,44,19,0,763,0
TCP,183,69,0,125,0
UDP,246,103,0,321,0
TCP,387,67,1,133,0
ICMP,781,7,0,861,0
TCP,403,19,0,124,0
TCP,200,14,0,162,0
ICMP,585,18,0,755,0
TCP,1841,116,0,194,0
UDP,328,59,0,195,0
TCP,14,59,0,33,0
TCP,820,162,0,209,0
TCP,8,112,0,901,0
TCP,285,180,1,208,0
TCP,201,3,0,73,0
TCP,154,26,5,16,1
TCP,253,21,0,896,0
TCP,423,45,0,91,0
UDP,526,128,0,618,0
TCP,167,174,0,510,0
ICMP,889,118,0,25,0
TCP,164,92,0,584,0
UDP,542,51,0,706,0
UDP,73,114,1,729,0
TCP,160,76,7,4611,1
TCP,944,109,0,1097,0
TCP,792,56,0,83,0
TCP,159,77,0,73,0
TCP,809,156,0,338,0
TCP,47,27,1,233,0
UDP,732,181,0,446,0
ICMP,900,190,0,133,0
TCP,301,59,0,407,0
TCP,304,11,0,262,0
TCP,268,42,0,118,0
TCP,973,6,0,83,0
TCP,133,59,0,414,0
ICMP,670,74,0,708,0
TCP,282,37,1,1016,0
TCP,1281,151,0,196,0
UDP,180,2,0,753,0
TCP,171,20,0,414,0
UDP,141,100,0,865,0
TCP,65,54,0,946,0
TCP,21,104,0,877,0
TCP,141,136,0,1162,0
TCP,619,57,0,1235,0
ICMP,243,226,0,1260,0
UDP,16,14,0,442,0
ICMP,1951,13,0,29,0
UDP,166,142,0,74,0
UDP,14,319,1,115,0
TCP,15,48,0,94,0
UDP,30,3,0,1552,0
TCP,1516,209,0,109,0
TCP,4498,61,0,101,0
UDP,641,103,0,650,0
TCP,32,125,0,232,0
UDP,339,6,0,990,0
TCP,229,186,0,138,0
TCP,22,67,0,673,0
UDP,6,96,0,425,0
TCP,743,12,0,77,0
UDP,240,223,0,208,0
TCP,22,188,0,323,0
TCP,730,239,0,210,0
UDP,101,10,0,117,0
TCP,814,86,0,141,0
UDP,341,23,0,155,0
TCP,2000,16,0,1528,0
TCP,94,54,0,456,0
UDP,867,193,0,359,0
TCP,111,166,0,206,0
TCP,1189,220,0,367,0
TCP,699,24,0,1612,0
TCP,58,41,0,290,0
TCP,1216,47,0,73,0
TCP,601,8,0,41,0
TCP,33,302,4,64,1
UDP,139,80,0,524,0
TCP,188,102,0,602,0
TCP,4010,129,3,4942,1
TCP,2053,11,0,166,0
TCP,413,72,0,230,0
UDP,256,46,0,456,0
ICMP,1813,60,0,903,0
UDP,168,12,0,1441,0
TCP,423,40,0,415,0
TCP,119,62,0,307,0
TCP,37,2,0,189,0
ICMP,2922,39,0,698,0
TCP,211,28,0,189,0
TCP,422,185,0,247,0
TCP,16,51,0,29,0
TCP,639,97,0,420,0
TCP,91,34,0,51,0
TCP,10,117,0,37,0
ICMP,868,151,0,23,0
TCP,543,275,0,236,0
TCP,215,85,0,64,0
TCP,712,20,0,741,0
TCP,1518,47,0,870,0
TCP,1136,251,0,35,0
TCP,817,43,0,168,0
TCP,191,72,1,145,0
UDP,623,14,0,400,0
ICMP,417,79,0,410,0
TCP,697,1,0,1336,0
UDP,66,22,0,373,0
TCP,679,2,0,1065,0
ICMP,814,156,0,1005,0
UDP,284,40,0,161,0
ICMP,171,91,0,928,0
UDP,1261,342,1,200,0
TCP,1485,56,0,138,0
TCP,175,10,0,345,0
TCP,47,36,0,172,0
TCP,1161,25,0,155,0
TCP,404,110,0,1478,0
UDP,957,24,0,981,0
TCP,364,167,0,160,0
UDP,333,70,0,832,0
TCP,565,33,0,150,0
TCP,55,0,0,26,0
TCP,250,107,0,1069,0
TCP,889,12,0,329,0
TCP,255,250,0,574,0
TCP,81,227,0,968,0
TCP,83,86,1,577,0
UDP,1446,85,0,1756,0
TCP,2220,15,0,539,0
UDP,272,52,0,397,0
TCP,783,330,0,287,0
UDP,757,67,0,1825,0
TCP,236,46,0,542,0
TCP,702,8,0,124,0
TCP,255,400,0,1246,0
TCP,1449,122,0,464,0
TCP,230,194,0,271,0
TCP,292,150,0,159,0
ICMP,4334,98,7,49,1
TCP,602,92,8,250,1
TCP,1063,93,0,401,0
TCP,301,7,0,741,0
TCP,397,137,0,479,0
TCP,589,14,0,666,0
TCP,250,78,0,125,0
TCP,129,11,0,569,0
ICMP,919,46,0,356,0
TCP,485,40,0,46,0
ICMP,357,259,0,109,0
UDP,27,34,0,541,0
TCP,509,59,0,385,0
UDP,1291,36,0,572,0
TCP,347,1,0,230,0
UDP,410,46,0,1196,0
TCP,295,117,9,754,1
UDP,79,72,0,588,0
UDP,65,105,0,70,0
TCP,146,378,0,280,0
TCP,195,50,1,394,0
TCP,623,29,0,365,0
TCP,816,63,0,364,0
TCP,268,107,1,310,0
ICMP,280,16,0,436,0
TCP,833,44,0,60,0
UDP,516,29,0,116,0
TCP,321,114,0,1039,0
TCP,554,9,0,419,0
TCP,1677,115,0,329,0
TCP,94,53,0,596,0
TCP,763,7,1,115,0
TCP,1271,61,0,266,0
UDP,391,38,0,6178,1
TCP,117,156,0,96,0
TCP,366,192,0,1179,0
UDP,674,21,0,882,0
TCP,293,40,0,2428,0
TCP,1572,99,0,914,0
TCP,1340,283,0,689,0
TCP,197,37,0,169,0
UDP,1261,295,0,248,0
TCP,152,80,0,310,0
UDP,84,118,0,1109,0
UDP,54,66,0,405,0
TCP,574,29,0,52,0
TCP,690,28,0,925,0
UDP,1034,37,1,320,0
UDP,112,32,0,174,0
TCP,100,30,0,2516,0
UDP,95,186,0,175,0
ICMP,44,198,0,492,0
ICMP,163,33,0,87,0
UDP,498,328,0,14,0
TCP,73,523,0,927,0
TCP,231,13,0,450,0
TCP,668,7,0,621,0
TCP,794,9,0,1240,0
UDP,273,40,0,410,0
ICMP,93,14,0,374,0
TCP,1123,18,0,1149,0
TCP,42,132,0,1112,0
UDP,358,95,0,579,0
UDP,668,6,0,417,0
TCP,20,1,0,211,0
TCP,872,215,0,564,0
TCP,215,43,0,164,0
TCP,38,308,0,209,0
ICMP,496,150,0,160,0
TCP,569,41,0,450,0
TCP,4070,39,0,6055,1
TCP,16,3,0,416,0
TCP,646,21,0,111,0
TCP,665,86,0,415,0
TCP,2290,220,0,345,0
TCP,702,552,0,562,0
TCP,211,39,0,1161,0
TCP,1124,21,0,83,0
TCP,6,100,0,2038,0
TCP,364,38,0,170,0
TCP,612,125,0,140,0
TCP,58,76,0,1132,0
TCP,6,82,0,1095,0
TCP,851,377,0,149,0
TCP,1629,98,0,291,0
ICMP,47,178,0,12,0
TCP,468,206,0,236,0
TCP,41,104,0,545,0
TCP,480,8,0,621,0
ICMP,294,112,0,25,0
TCP,376,57,0,248,0
TCP,91,35,0,37,0
TCP,52,63,0,19,0
ICMP,381,137,0,392,0
UDP,118,165,0,1245,0
TCP,810,88,0,564,0
TCP,53,379,0,750,0
UDP,89,61,0,1507,0
TCP,415,166,0,6,0
TCP,741,0,0,147,0
ICMP,489,3,0,64,0
TCP,1422,49,0,403,0
ICMP,865,136,0,119,0
TCP,605,9,0,489,0
UDP,106,16,0,1901,0
TCP,604,68,0,574,0
TCP,24,48,0,109,0
TCP,353,1,1,66,0
TCP,126,42,0,165,0
UDP,52,49,0,722,0
TCP,825,74,0,264,0
TCP,274,158,0,313,0
TCP,173,101,0,83,0
TCP,186,20,0,347,0
TCP,166,199,1,8,0
TCP,202,6,0,66,0
TCP,30,273,0,816,0
TCP,404,234,2,105,0
TCP,9,23,0,81,0
TCP,1217,26,0,197,0
UDP,408,6,0,428,0
TCP,925,172,0,200,0
TCP,81,65,0,5,0
UDP,759,51,0,140,0
TCP,853,73,0,7,0
UDP,324,14,0,266,0
TCP,289,26,0,121,0
TCP,575,224,0,803,0
TCP,5739,250,5,93,1
TCP,822,7,0,908,0
ICMP,32,70,0,33,0
UDP,70,173,0,231,0
TCP,2027,147,0,2255,0
UDP,1388,112,0,495,0
TCP,771,14,0,1430,0
UDP,803,133,1,237,0
TCP,262,30,0,68,0
UDP,382,222,0,50,0
TCP,276,10,0,463,0
TCP,154,5,0,307,0
UDP,241,42,0,49,0
TCP,196,186,0,593,0
TCP,88,1,0,1613,0
TCP,1077,46,0,652,0
TCP,745,131,0,155,0
TCP,290,109,0,658,0
TCP,29,73,0,63,0
TCP,469,11,0,445,0
TCP,23,5,0,127,0
TCP,151,2,0,240,0
UDP,123,88,0,56,0
UDP,23,117,0,604,0
TCP,153,240,0,126,0
TCP,1032,12,1,1794,0
ICMP,368,150,0,325,0
UDP,33,19,0,120,0
TCP,87,56,0,977,0
ICMP,235,30,0,1975,0
TCP,299,140,0,197,0
ICMP,124,243,1,403,0
TCP,369,97,0,167,0
ICMP,343,3,0,1283,0
TCP,406,86,0,124,0
TCP,106,128,0,103,0
TCP,208,154,0,356,0
TCP,933,4,0,333,0
UDP,160,22,1,103,0
ICMP,144,31,2,188,0
TCP,418,163,1,439,0
UDP,155,238,0,103,0
TCP,172,107,0,142,0
TCP,3876,42,0,1270,1
TCP,904,9,0,124,0
TCP,252,191,0,514,0
TCP,5657,66,0,5503,1
TCP,33,146,0,389,0
UDP,5350,77,1,5410,1
UDP,737,17,0,610,0
UDP,1528,387,0,211,0
UDP,272,93,0,639,0
UDP,124,81,0,2533,0
UDP,244,19,0,1028,0
TCP,503,69,0,110,0
UDP,20,444,0,409,0
TCP,1187,35,0,544,0
UDP,116,20,0,199,0
UDP,6182,174,0,233,1
ICMP,195,50,0,377,0
UDP,654,26,0,223,0
UDP,229,23,0,514,0
TCP,180,3,0,148,0
TCP,373,103,0,813,0
TCP,1174,68,0,310,0
TCP,3,61,1,805,0
TCP,447,108,1,1053,0
TCP,656,5,0,748,0
UDP,2065,99,0,793,0
TCP,918,10,0,578,0
TCP,1658,52,0,220,0
TCP,260,253,0,33,0
TCP,30,104,0,320,0
UDP,31,283,1,292,0
TCP,252,5,0,257,0
UDP,219,261,1,237,0
TCP,304,44,0,257,0
TCP,1298,42,1,351,0
TCP,186,15,0,294,0
TCP,477,270,0,193,0
TCP,2375,52,0,49,0
TCP,452,178,1,1320,0
TCP,236,122,0,192,0
TCP,686,138,0,756,0
TCP,188,60,1,794,0
UDP,144,93,0,194,0
TCP,452,34,1,3278,0
TCP,2366,106,1,1522,0
ICMP,597,81,0,281,0
TCP,369,190,0,1276,0
TCP,283,65,0,375,0
TCP,17,88,0,927,0
TCP,5597,147,0,93,1
UDP,151,85,0,86,0
TCP,586,12,0,613,0
UDP,600,254,0,582,0
TCP,24,197,0,353,0
TCP,333,126,0,353,0
TCP,1424,33,0,320,0
UDP,581,41,0,203,0
TCP,384,85,0,80,0
TCP,1983,10,0,390,0
TCP,1133,49,0,80,0
TCP,562,165,0,462,0
TCP,16,80,0,1020,0
TCP,4714,13,4,6821,1
TCP,902,186,0,49,0
TCP,364,60,0,299,0
TCP,138,267,0,187,0
UDP,6234,390,0,5158,1
UDP,5,439,0,241,0
TCP,1706,87,0,922,0
TCP,5320,49,8,5116,1
TCP,243,135,0,1783,0
TCP,4165,14,1,4729,1
TCP,206,149,0,412,0
TCP,614,35,0,687,0
TCP,9,29,0,153,0
TCP,295,69,0,430,0
TCP,115,38,3,371,1
TCP,675,5,1,693,0
UDP,138,10,0,1224,0
TCP,315,160,0,953,0
TCP,154,234,0,992,0
TCP,402,20,0,33,0
TCP,104,140,0,161,0
TCP,722,134,0,628,0
TCP,254,26,0,146,0
TCP,335,10,0,193,0
TCP,407,156,0,112,0
TCP,865,33,0,227,0
TCP,5131,26,7,4982,1
TCP,6854,13,5,44,1
UDP,89,51,0,171,0
TCP,999,5,0,2,0
TCP,206,41,0,32,0
TCP,1274,28,0,33,0
TCP,856,12,0,1244,0
UDP,749,21,0,242,0
TCP,323,37,1,314,0
TCP,59,57,0,460,0
TCP,399,12,0,1346,0
TCP,207,13,0,200,0
TCP,833,130,0,490,0
TCP,447,291,0,793,0
UDP,112,104,0,772,0
TCP,1556,18,0,2351,0
ICMP,187,294,0,184,0
TCP,161,162,0,609,0
TCP,485,37,0,83,0
TCP,8,204,1,229,0
ICMP,534,219,0,73,0
UDP,308,57,0,810,0
UDP,728,0,0,398,0
TCP,38,213,1,331,0
TCP,94,22,0,500,0
UDP,370,127,0,31,0
UDP,295,160,0,319,0
TCP,132,1,0,408,0
TCP,495,6,0,310,0
TCP,554,34,0,19,0
TCP,19,16,0,997,0
UDP,1450,82,0,52,0
UDP,110,51,2,230,0
TCP,180,36,0,1025,0
UDP,660,84,0,221,0
TCP,1073,161,0,1168,0
TCP,5997,559,4,174,1
TCP,126,26,0,434,0
TCP,5683,52,0,5953,1
UDP,928,159,0,107,0
TCP,629,0,1,251,0
TCP,118,37,0,1114,0
TCP,225,44,0,59,1
UDP,284,15,0,138,0
UDP,231,62,1,787,0
TCP,157,52,0,3,0
TCP,453,218,1,1171,0
UDP,568,143,0,11,0
TCP,2245,113,0,726,0
UDP,1024,10,0,89,0
TCP,432,51,0,307,0
UDP,368,11,0,1837,0
TCP,566,43,0,418,0
UDP,736,32,0,69,0
TCP,451,84,0,805,0
TCP,317,426,0,700,0
TCP,345,290,0,677,0
TCP,1058,24,0,2702,0
UDP,511,11,0,148,0
UDP,156,150,0,1206,0
UDP,216,26,0,1065,0
UDP,202,78,1,806,0
TCP,82,95,0,538,0
TCP,1047,73,0,218,0
TCP,1052,45,0,991,0
ICMP,70,2,0,1028,0
TCP,230,63,0,324,0
TCP,28,124,0,200,0
TCP,95,49,0,535,0
TCP,120,4,0,700,0
TCP,126,357,0,106,0
TCP,300,64,1,420,0
TCP,605,86,0,710,0
TCP,42,253,0,1396,0
TCP,170,28,0,222,0
TCP,541,11,0,624,0
TCP,433,37,0,660,0
UDP,21,437,0,564,0
TCP,305,138,1,339,0
TCP,292,104,0,255,0
ICMP,71,165,0,117,0
ICMP,1587,8,0,315,0
TCP,796,92,0,7,0
TCP,37,147,0,1620,0
TCP,33,174,0,27,0
TCP,831,254,1,358,0
UDP,948,152,0,188,0
TCP,103,140,0,1117,0
UDP,547,92,0,317,0
TCP,246,153,0,816,0
TCP,75,42,0,530,0
ICMP,220,15,0,105,0
TCP,5243,295,0,5078,1
TCP,21,20,0,453,0
TCP,480,85,0,192,0
ICMP,1147,1,0,123,0
TCP,459,60,0,120,0
ICMP,139,4,0,93,0
TCP,850,9,0,17,0
TCP,730,323,0,1413,0
ICMP,631,17,0,147,0
TCP,475,48,0,424,0
UDP,474,139,0,141,0
TCP,188,6,1,245,0
TCP,800,112,1,521,0
UDP,423,100,0,22,0
UDP,89,45,0,881,0
TCP,207,81,0,67,0
TCP,82,231,0,750,0
TCP,831,109,0,564,0
UDP,38,118,0,407,0
UDP,1143,118,0,306,0
UDP,179,57,0,66,0
UDP,36,121,6,6756,1
TCP,10,167,1,556,0
TCP,162,82,0,73,0
TCP,859,50,0,373,0
TCP,29,124,2,105,0
TCP,70,429,0,163,0
TCP,562,10,0,2652,0
UDP,360,288,0,451,0
TCP,87,175,0,915,0
TCP,176,19,0,892,0
TCP,695,56,0,68,0
TCP,5559,41,5,5185,1
UDP,521,36,0,248,0
TCP,300,117,0,682,0
TCP,162,8,0,693,0
TCP,13,25,0,159,0
TCP,250,114,0,429,0
TCP,826,6,1,1119,0
ICMP,31,108,0,349,0
TCP,1228,17,0,1099,0
TCP,37,13,0,190,0
TCP,699,222,0,27,0
TCP,1322,65,0,1261,0
UDP,1103,156,0,287,0
UDP,1176,24,0,62,0
TCP,140,17,0,223,0
TCP,594,167,0,762,0
TCP,595,87,1,433,0
TCP,88,101,0,1413,0
TCP,374,46,0,2209,0
TCP,433,10,0,228,0
UDP,197,315,0,1069,0
TCP,123,28,0,1582,0
TCP,1415,89,0,113,0
TCP,772,90,1,1213,0
TCP,186,8,0,81,0
TCP,238,25,0,369,0
ICMP,84,15,0,827,0
UDP,201,86,0,221,0
TCP,803,164,1,85,0
UDP,1353,47,0,194,0
UDP,368,93,1,433,0
TCP,206,23,0,233,0
TCP,501,23,0,738,0
UDP,852,19,0,598,0
